name,file,type
ZTF17aaajnki,ZTF17aaajnki_alert_2.npy,AGN
ZTF17aaaukqn,ZTF17aaaukqn_alert_10.npy,Cataclysmic
ZTF17aaaukqn,ZTF17aaaukqn_alert_11.npy,Cataclysmic
ZTF17aaaukqn,ZTF17aaaukqn_alert_12.npy,Cataclysmic
ZTF17aaaukqn,ZTF17aaaukqn_alert_13.npy,Cataclysmic
ZTF17aaaukqn,ZTF17aaaukqn_alert_14.npy,Cataclysmic
ZTF17aaaukqn,ZTF17aaaukqn_alert_16.npy,Cataclysmic
ZTF17aaaukqn,ZTF17aaaukqn_alert_17.npy,Cataclysmic
ZTF17aaaukqn,ZTF17aaaukqn_alert_18.npy,Cataclysmic
ZTF17aaaukqn,ZTF17aaaukqn_alert_19.npy,Cataclysmic
ZTF17aaaukqn,ZTF17aaaukqn_alert_20.npy,Cataclysmic
ZTF17aaawgkc,ZTF17aaawgkc_alert_1.npy,Cataclysmic
ZTF17aacpbmv,ZTF17aacpbmv_alert_5.npy,SN Ic
ZTF17aacpbmv,ZTF17aacpbmv_alert_6.npy,SN Ic
ZTF17aacpbmv,ZTF17aacpbmv_alert_7.npy,SN Ic
ZTF17aacpbmv,ZTF17aacpbmv_alert_8.npy,SN Ic
ZTF17aacpbmv,ZTF17aacpbmv_alert_9.npy,SN Ic
ZTF17aadcbei,ZTF17aadcbei_alert_10.npy,Cataclysmic
ZTF17aadcbei,ZTF17aadcbei_alert_11.npy,Cataclysmic
ZTF17aadcbei,ZTF17aadcbei_alert_12.npy,Cataclysmic
ZTF17aadcbei,ZTF17aadcbei_alert_6.npy,Cataclysmic
ZTF17aadcbei,ZTF17aadcbei_alert_7.npy,Cataclysmic
ZTF17aadcbei,ZTF17aadcbei_alert_8.npy,Cataclysmic
ZTF17aadcbei,ZTF17aadcbei_alert_9.npy,Cataclysmic
ZTF18aaakpbx,ZTF18aaakpbx_alert_4.npy,Cataclysmic
ZTF18aaakpbx,ZTF18aaakpbx_alert_5.npy,Cataclysmic
ZTF18aaakpbx,ZTF18aaakpbx_alert_6.npy,Cataclysmic
ZTF18aaakpbx,ZTF18aaakpbx_alert_7.npy,Cataclysmic
ZTF18aabfxpw,ZTF18aabfxpw_alert_10.npy,Cataclysmic
ZTF18aabfxpw,ZTF18aabfxpw_alert_11.npy,Cataclysmic
ZTF18aabfxpw,ZTF18aabfxpw_alert_12.npy,Cataclysmic
ZTF18aabfxpw,ZTF18aabfxpw_alert_13.npy,Cataclysmic
ZTF18aabfxpw,ZTF18aabfxpw_alert_14.npy,Cataclysmic
ZTF18aabfxpw,ZTF18aabfxpw_alert_15.npy,Cataclysmic
ZTF18aabfxpw,ZTF18aabfxpw_alert_16.npy,Cataclysmic
ZTF18aabfxpw,ZTF18aabfxpw_alert_17.npy,Cataclysmic
ZTF18aabfxpw,ZTF18aabfxpw_alert_18.npy,Cataclysmic
ZTF18aabfxpw,ZTF18aabfxpw_alert_9.npy,Cataclysmic
ZTF18aabssth,ZTF18aabssth_alert_13.npy,SN IIP
ZTF18aabssth,ZTF18aabssth_alert_14.npy,SN IIP
ZTF18aabssth,ZTF18aabssth_alert_16.npy,SN IIP
ZTF18aabssth,ZTF18aabssth_alert_17.npy,SN IIP
ZTF18aabssth,ZTF18aabssth_alert_19.npy,SN IIP
ZTF18aabssth,ZTF18aabssth_alert_20.npy,SN IIP
ZTF18aabssth,ZTF18aabssth_alert_22.npy,SN IIP
ZTF18aabssth,ZTF18aabssth_alert_23.npy,SN IIP
ZTF18aabssth,ZTF18aabssth_alert_25.npy,SN IIP
ZTF18aabssth,ZTF18aabssth_alert_26.npy,SN IIP
ZTF18aabvpbb,ZTF18aabvpbb_alert_1.npy,Cataclysmic
ZTF18aabxlsv,ZTF18aabxlsv_alert_3.npy,SN Ib
ZTF18aabxlsv,ZTF18aabxlsv_alert_4.npy,SN Ib
ZTF18aabxlsv,ZTF18aabxlsv_alert_5.npy,SN Ib
ZTF18aadlaxo,ZTF18aadlaxo_alert_5.npy,SN Ia
ZTF18aadlaxo,ZTF18aadlaxo_alert_6.npy,SN Ia
ZTF18aadlaxo,ZTF18aadlaxo_alert_7.npy,SN Ia
ZTF18aadlaxo,ZTF18aadlaxo_alert_8.npy,SN Ia
ZTF18aadlaxo,ZTF18aadlaxo_alert_9.npy,SN Ia
ZTF18aadsuxd,ZTF18aadsuxd_alert_17.npy,SN II
ZTF18aadsuxd,ZTF18aadsuxd_alert_19.npy,SN II
ZTF18aadsuxd,ZTF18aadsuxd_alert_21.npy,SN II
ZTF18aadsuxd,ZTF18aadsuxd_alert_23.npy,SN II
ZTF18aadsuxd,ZTF18aadsuxd_alert_25.npy,SN II
ZTF18aadsuxd,ZTF18aadsuxd_alert_26.npy,SN II
ZTF18aadsuxd,ZTF18aadsuxd_alert_28.npy,SN II
ZTF18aadsuxd,ZTF18aadsuxd_alert_30.npy,SN II
ZTF18aadsuxd,ZTF18aadsuxd_alert_32.npy,SN II
ZTF18aadsuxd,ZTF18aadsuxd_alert_34.npy,SN II
ZTF18aaemivw,ZTF18aaemivw_alert_12.npy,SN Ia
ZTF18aaemivw,ZTF18aaemivw_alert_13.npy,SN Ia
ZTF18aaemivw,ZTF18aaemivw_alert_14.npy,SN Ia
ZTF18aaemivw,ZTF18aaemivw_alert_16.npy,SN Ia
ZTF18aaemivw,ZTF18aaemivw_alert_17.npy,SN Ia
ZTF18aaemivw,ZTF18aaemivw_alert_18.npy,SN Ia
ZTF18aaemivw,ZTF18aaemivw_alert_19.npy,SN Ia
ZTF18aaemivw,ZTF18aaemivw_alert_21.npy,SN Ia
ZTF18aaemivw,ZTF18aaemivw_alert_22.npy,SN Ia
ZTF18aaemivw,ZTF18aaemivw_alert_23.npy,SN Ia
ZTF18aaenfaa,ZTF18aaenfaa_alert_1.npy,AGN
ZTF18aafeiiy,ZTF18aafeiiy_alert_2.npy,AGN
ZTF18aafeiiy,ZTF18aafeiiy_alert_3.npy,AGN
ZTF18aaflcyp,ZTF18aaflcyp_alert_2.npy,AGN
ZTF18aaflcyp,ZTF18aaflcyp_alert_3.npy,AGN
ZTF18aagrkwn,ZTF18aagrkwn_alert_1.npy,AGN
ZTF18aagteoy,ZTF18aagteoy_alert_13.npy,AGN
ZTF18aagteoy,ZTF18aagteoy_alert_14.npy,AGN
ZTF18aagteoy,ZTF18aagteoy_alert_16.npy,AGN
ZTF18aagteoy,ZTF18aagteoy_alert_17.npy,AGN
ZTF18aagteoy,ZTF18aagteoy_alert_18.npy,AGN
ZTF18aagteoy,ZTF18aagteoy_alert_20.npy,AGN
ZTF18aagteoy,ZTF18aagteoy_alert_21.npy,AGN
ZTF18aagteoy,ZTF18aagteoy_alert_22.npy,AGN
ZTF18aagteoy,ZTF18aagteoy_alert_24.npy,AGN
ZTF18aagteoy,ZTF18aagteoy_alert_25.npy,AGN
ZTF18aahbiav,ZTF18aahbiav_alert_2.npy,AGN
ZTF18aahbiav,ZTF18aahbiav_alert_3.npy,AGN
ZTF18aahfjdt,ZTF18aahfjdt_alert_2.npy,AGN
ZTF18aahfjdt,ZTF18aahfjdt_alert_3.npy,AGN
ZTF18aahfjdt,ZTF18aahfjdt_alert_4.npy,AGN
ZTF18aahfohe,ZTF18aahfohe_alert_10.npy,AGN
ZTF18aahfohe,ZTF18aahfohe_alert_11.npy,AGN
ZTF18aahfohe,ZTF18aahfohe_alert_12.npy,AGN
ZTF18aahfohe,ZTF18aahfohe_alert_13.npy,AGN
ZTF18aahfohe,ZTF18aahfohe_alert_7.npy,AGN
ZTF18aahfohe,ZTF18aahfohe_alert_8.npy,AGN
ZTF18aahfohe,ZTF18aahfohe_alert_9.npy,AGN
ZTF18aahhqih,ZTF18aahhqih_alert_4.npy,SN IIP
ZTF18aahhqih,ZTF18aahhqih_alert_5.npy,SN IIP
ZTF18aahhqih,ZTF18aahhqih_alert_6.npy,SN IIP
ZTF18aahhqih,ZTF18aahhqih_alert_7.npy,SN IIP
ZTF18aahhqih,ZTF18aahhqih_alert_8.npy,SN IIP
ZTF18aahhzqn,ZTF18aahhzqn_alert_10.npy,SN Ib
ZTF18aahhzqn,ZTF18aahhzqn_alert_11.npy,SN Ib
ZTF18aahhzqn,ZTF18aahhzqn_alert_12.npy,SN Ib
ZTF18aahhzqn,ZTF18aahhzqn_alert_13.npy,SN Ib
ZTF18aahhzqn,ZTF18aahhzqn_alert_14.npy,SN Ib
ZTF18aahhzqn,ZTF18aahhzqn_alert_15.npy,SN Ib
ZTF18aahhzqn,ZTF18aahhzqn_alert_16.npy,SN Ib
ZTF18aahhzqn,ZTF18aahhzqn_alert_17.npy,SN Ib
ZTF18aahhzqn,ZTF18aahhzqn_alert_18.npy,SN Ib
ZTF18aahhzqn,ZTF18aahhzqn_alert_9.npy,SN Ib
ZTF18aahijwe,ZTF18aahijwe_alert_10.npy,AGN
ZTF18aahijwe,ZTF18aahijwe_alert_11.npy,AGN
ZTF18aahijwe,ZTF18aahijwe_alert_12.npy,AGN
ZTF18aahijwe,ZTF18aahijwe_alert_13.npy,AGN
ZTF18aahijwe,ZTF18aahijwe_alert_14.npy,AGN
ZTF18aahijwe,ZTF18aahijwe_alert_15.npy,AGN
ZTF18aahijwe,ZTF18aahijwe_alert_16.npy,AGN
ZTF18aahijwe,ZTF18aahijwe_alert_17.npy,AGN
ZTF18aahijwe,ZTF18aahijwe_alert_9.npy,AGN
ZTF18aahmhxu,ZTF18aahmhxu_alert_10.npy,SN II
ZTF18aahmhxu,ZTF18aahmhxu_alert_11.npy,SN II
ZTF18aahmhxu,ZTF18aahmhxu_alert_6.npy,SN II
ZTF18aahmhxu,ZTF18aahmhxu_alert_7.npy,SN II
ZTF18aahmhxu,ZTF18aahmhxu_alert_8.npy,SN II
ZTF18aahmhxu,ZTF18aahmhxu_alert_9.npy,SN II
ZTF18aahpbal,ZTF18aahpbal_alert_2.npy,AGN
ZTF18aahpbal,ZTF18aahpbal_alert_3.npy,AGN
ZTF18aahpbal,ZTF18aahpbal_alert_4.npy,AGN
ZTF18aahpbwz,ZTF18aahpbwz_alert_2.npy,SN Ib
ZTF18aahpbwz,ZTF18aahpbwz_alert_3.npy,SN Ib
ZTF18aahpbwz,ZTF18aahpbwz_alert_4.npy,SN Ib
ZTF18aahqkbt,ZTF18aahqkbt_alert_2.npy,Tidal Disruption Event
ZTF18aahqkbt,ZTF18aahqkbt_alert_3.npy,Tidal Disruption Event
ZTF18aailsee,ZTF18aailsee_alert_2.npy,AGN
ZTF18aailsee,ZTF18aailsee_alert_3.npy,AGN
ZTF18aajnqmp,ZTF18aajnqmp_alert_2.npy,AGN
ZTF18aajnqmp,ZTF18aajnqmp_alert_3.npy,AGN
ZTF18aajrwju,ZTF18aajrwju_alert_2.npy,AGN
ZTF18aajrwju,ZTF18aajrwju_alert_3.npy,AGN
ZTF18aajrwju,ZTF18aajrwju_alert_4.npy,AGN
ZTF18aakpnyt,ZTF18aakpnyt_alert_2.npy,AGN
ZTF18aakpnyt,ZTF18aakpnyt_alert_3.npy,AGN
ZTF18aamftst,ZTF18aamftst_alert_1.npy,SN IIn
ZTF18aamxzjx,ZTF18aamxzjx_alert_1.npy,AGN
ZTF18aamxzjx,ZTF18aamxzjx_alert_2.npy,AGN
ZTF18aaovbiy,ZTF18aaovbiy_alert_1.npy,SN Ia
ZTF18aaqduja,ZTF18aaqduja_alert_4.npy,AGN
ZTF18aaqduja,ZTF18aaqduja_alert_5.npy,AGN
ZTF18aaqduja,ZTF18aaqduja_alert_6.npy,AGN
ZTF18aaqduja,ZTF18aaqduja_alert_7.npy,AGN
ZTF18aaqfqaa,ZTF18aaqfqaa_alert_10.npy,SN IIP
ZTF18aaqfqaa,ZTF18aaqfqaa_alert_11.npy,SN IIP
ZTF18aaqfqaa,ZTF18aaqfqaa_alert_12.npy,SN IIP
ZTF18aaqfqaa,ZTF18aaqfqaa_alert_13.npy,SN IIP
ZTF18aaqfqaa,ZTF18aaqfqaa_alert_14.npy,SN IIP
ZTF18aaqfqaa,ZTF18aaqfqaa_alert_16.npy,SN IIP
ZTF18aaqfqaa,ZTF18aaqfqaa_alert_17.npy,SN IIP
ZTF18aaqfqaa,ZTF18aaqfqaa_alert_18.npy,SN IIP
ZTF18aaqfqaa,ZTF18aaqfqaa_alert_19.npy,SN IIP
ZTF18aaqfqaa,ZTF18aaqfqaa_alert_20.npy,SN IIP
ZTF18aaqgpsw,ZTF18aaqgpsw_alert_1.npy,AGN
ZTF18aaqikyu,ZTF18aaqikyu_alert_1.npy,Cataclysmic
ZTF18aaqkdwu,ZTF18aaqkdwu_alert_1.npy,SN IIP
ZTF18aaqkdwu,ZTF18aaqkdwu_alert_2.npy,SN IIP
ZTF18aaqznkg,ZTF18aaqznkg_alert_10.npy,Cataclysmic
ZTF18aaqznkg,ZTF18aaqznkg_alert_11.npy,Cataclysmic
ZTF18aaqznkg,ZTF18aaqznkg_alert_12.npy,Cataclysmic
ZTF18aaqznkg,ZTF18aaqznkg_alert_13.npy,Cataclysmic
ZTF18aaqznkg,ZTF18aaqznkg_alert_14.npy,Cataclysmic
ZTF18aaqznkg,ZTF18aaqznkg_alert_15.npy,Cataclysmic
ZTF18aaqznkg,ZTF18aaqznkg_alert_16.npy,Cataclysmic
ZTF18aaqznkg,ZTF18aaqznkg_alert_17.npy,Cataclysmic
ZTF18aaqznkg,ZTF18aaqznkg_alert_9.npy,Cataclysmic
ZTF18aaraifg,ZTF18aaraifg_alert_4.npy,Cataclysmic
ZTF18aaraifg,ZTF18aaraifg_alert_5.npy,Cataclysmic
ZTF18aaraifg,ZTF18aaraifg_alert_6.npy,Cataclysmic
ZTF18aaraifg,ZTF18aaraifg_alert_7.npy,Cataclysmic
ZTF18aarasof,ZTF18aarasof_alert_10.npy,SN IIn
ZTF18aarasof,ZTF18aarasof_alert_5.npy,SN IIn
ZTF18aarasof,ZTF18aarasof_alert_6.npy,SN IIn
ZTF18aarasof,ZTF18aarasof_alert_7.npy,SN IIn
ZTF18aarasof,ZTF18aarasof_alert_8.npy,SN IIn
ZTF18aarasof,ZTF18aarasof_alert_9.npy,SN IIn
ZTF18aarlukc,ZTF18aarlukc_alert_1.npy,SN Ia
ZTF18aarlukc,ZTF18aarlukc_alert_2.npy,SN Ia
ZTF18aaseyca,ZTF18aaseyca_alert_10.npy,AGN
ZTF18aaseyca,ZTF18aaseyca_alert_5.npy,AGN
ZTF18aaseyca,ZTF18aaseyca_alert_6.npy,AGN
ZTF18aaseyca,ZTF18aaseyca_alert_7.npy,AGN
ZTF18aaseyca,ZTF18aaseyca_alert_8.npy,AGN
ZTF18aaseyca,ZTF18aaseyca_alert_9.npy,AGN
ZTF18aaslhxt,ZTF18aaslhxt_alert_24.npy,SN Ia
ZTF18aaslhxt,ZTF18aaslhxt_alert_27.npy,SN Ia
ZTF18aaslhxt,ZTF18aaslhxt_alert_29.npy,SN Ia
ZTF18aaslhxt,ZTF18aaslhxt_alert_32.npy,SN Ia
ZTF18aaslhxt,ZTF18aaslhxt_alert_34.npy,SN Ia
ZTF18aaslhxt,ZTF18aaslhxt_alert_37.npy,SN Ia
ZTF18aaslhxt,ZTF18aaslhxt_alert_39.npy,SN Ia
ZTF18aaslhxt,ZTF18aaslhxt_alert_42.npy,SN Ia
ZTF18aaslhxt,ZTF18aaslhxt_alert_44.npy,SN Ia
ZTF18aaslhxt,ZTF18aaslhxt_alert_47.npy,SN Ia
ZTF18aasycpd,ZTF18aasycpd_alert_1.npy,SN IIb
ZTF18aasycpd,ZTF18aasycpd_alert_2.npy,SN IIb
ZTF18aatjlhe,ZTF18aatjlhe_alert_1.npy,SN IIP
ZTF18aatxsvu,ZTF18aatxsvu_alert_1.npy,AGN
ZTF18aatxsvu,ZTF18aatxsvu_alert_2.npy,AGN
ZTF18aauanao,ZTF18aauanao_alert_10.npy,AGN
ZTF18aauanao,ZTF18aauanao_alert_11.npy,AGN
ZTF18aauanao,ZTF18aauanao_alert_12.npy,AGN
ZTF18aauanao,ZTF18aauanao_alert_13.npy,AGN
ZTF18aauanao,ZTF18aauanao_alert_14.npy,AGN
ZTF18aauanao,ZTF18aauanao_alert_15.npy,AGN
ZTF18aauanao,ZTF18aauanao_alert_16.npy,AGN
ZTF18aauanao,ZTF18aauanao_alert_17.npy,AGN
ZTF18aauanao,ZTF18aauanao_alert_18.npy,AGN
ZTF18aauanao,ZTF18aauanao_alert_19.npy,AGN
ZTF18aauenwu,ZTF18aauenwu_alert_3.npy,SN IIn
ZTF18aauenwu,ZTF18aauenwu_alert_4.npy,SN IIn
ZTF18aauenwu,ZTF18aauenwu_alert_5.npy,SN IIn
ZTF18aauenwu,ZTF18aauenwu_alert_6.npy,SN IIn
ZTF18aaumvgk,ZTF18aaumvgk_alert_10.npy,Cataclysmic
ZTF18aaumvgk,ZTF18aaumvgk_alert_11.npy,Cataclysmic
ZTF18aaumvgk,ZTF18aaumvgk_alert_6.npy,Cataclysmic
ZTF18aaumvgk,ZTF18aaumvgk_alert_7.npy,Cataclysmic
ZTF18aaumvgk,ZTF18aaumvgk_alert_8.npy,Cataclysmic
ZTF18aaumvgk,ZTF18aaumvgk_alert_9.npy,Cataclysmic
ZTF18aauworo,ZTF18aauworo_alert_1.npy,SN Ia
ZTF18aauworo,ZTF18aauworo_alert_2.npy,SN Ia
ZTF18aauxzle,ZTF18aauxzle_alert_4.npy,SN IIP
ZTF18aauxzle,ZTF18aauxzle_alert_5.npy,SN IIP
ZTF18aauxzle,ZTF18aauxzle_alert_6.npy,SN IIP
ZTF18aauxzle,ZTF18aauxzle_alert_7.npy,SN IIP
ZTF18aauxzle,ZTF18aauxzle_alert_8.npy,SN IIP
ZTF18aavohdq,ZTF18aavohdq_alert_1.npy,AGN
ZTF18aavoyoq,ZTF18aavoyoq_alert_10.npy,Cataclysmic
ZTF18aavoyoq,ZTF18aavoyoq_alert_11.npy,Cataclysmic
ZTF18aavoyoq,ZTF18aavoyoq_alert_12.npy,Cataclysmic
ZTF18aavoyoq,ZTF18aavoyoq_alert_13.npy,Cataclysmic
ZTF18aavoyoq,ZTF18aavoyoq_alert_14.npy,Cataclysmic
ZTF18aavoyoq,ZTF18aavoyoq_alert_7.npy,Cataclysmic
ZTF18aavoyoq,ZTF18aavoyoq_alert_8.npy,Cataclysmic
ZTF18aavoyoq,ZTF18aavoyoq_alert_9.npy,Cataclysmic
ZTF18aavrjtq,ZTF18aavrjtq_alert_1.npy,AGN
ZTF18aavskep,ZTF18aavskep_alert_1.npy,SN IIn
ZTF18aawmeiw,ZTF18aawmeiw_alert_20.npy,SN Ia
ZTF18aawmeiw,ZTF18aawmeiw_alert_22.npy,SN Ia
ZTF18aawmeiw,ZTF18aawmeiw_alert_24.npy,SN Ia
ZTF18aawmeiw,ZTF18aawmeiw_alert_27.npy,SN Ia
ZTF18aawmeiw,ZTF18aawmeiw_alert_29.npy,SN Ia
ZTF18aawmeiw,ZTF18aawmeiw_alert_31.npy,SN Ia
ZTF18aawmeiw,ZTF18aawmeiw_alert_33.npy,SN Ia
ZTF18aawmeiw,ZTF18aawmeiw_alert_36.npy,SN Ia
ZTF18aawmeiw,ZTF18aawmeiw_alert_38.npy,SN Ia
ZTF18aawmeiw,ZTF18aawmeiw_alert_40.npy,SN Ia
ZTF18aawrmhl,ZTF18aawrmhl_alert_4.npy,Cataclysmic
ZTF18aawrmhl,ZTF18aawrmhl_alert_5.npy,Cataclysmic
ZTF18aawrmhl,ZTF18aawrmhl_alert_6.npy,Cataclysmic
ZTF18aawrmhl,ZTF18aawrmhl_alert_7.npy,Cataclysmic
ZTF18aaxavsk,ZTF18aaxavsk_alert_10.npy,SN Ia
ZTF18aaxavsk,ZTF18aaxavsk_alert_5.npy,SN Ia
ZTF18aaxavsk,ZTF18aaxavsk_alert_6.npy,SN Ia
ZTF18aaxavsk,ZTF18aaxavsk_alert_7.npy,SN Ia
ZTF18aaxavsk,ZTF18aaxavsk_alert_8.npy,SN Ia
ZTF18aaxavsk,ZTF18aaxavsk_alert_9.npy,SN Ia
ZTF18aaxiuyp,ZTF18aaxiuyp_alert_25.npy,SN Ic
ZTF18aaxiuyp,ZTF18aaxiuyp_alert_28.npy,SN Ic
ZTF18aaxiuyp,ZTF18aaxiuyp_alert_31.npy,SN Ic
ZTF18aaxiuyp,ZTF18aaxiuyp_alert_33.npy,SN Ic
ZTF18aaxiuyp,ZTF18aaxiuyp_alert_36.npy,SN Ic
ZTF18aaxiuyp,ZTF18aaxiuyp_alert_39.npy,SN Ic
ZTF18aaxiuyp,ZTF18aaxiuyp_alert_42.npy,SN Ic
ZTF18aaxiuyp,ZTF18aaxiuyp_alert_44.npy,SN Ic
ZTF18aaxiuyp,ZTF18aaxiuyp_alert_47.npy,SN Ic
ZTF18aaxiuyp,ZTF18aaxiuyp_alert_50.npy,SN Ic
ZTF18aaxjuwy,ZTF18aaxjuwy_alert_3.npy,SN IIn
ZTF18aaxjuwy,ZTF18aaxjuwy_alert_4.npy,SN IIn
ZTF18aaxjuwy,ZTF18aaxjuwy_alert_5.npy,SN IIn
ZTF18aaxkqgy,ZTF18aaxkqgy_alert_17.npy,SN IIP
ZTF18aaxkqgy,ZTF18aaxkqgy_alert_19.npy,SN IIP
ZTF18aaxkqgy,ZTF18aaxkqgy_alert_21.npy,SN IIP
ZTF18aaxkqgy,ZTF18aaxkqgy_alert_23.npy,SN IIP
ZTF18aaxkqgy,ZTF18aaxkqgy_alert_25.npy,SN IIP
ZTF18aaxkqgy,ZTF18aaxkqgy_alert_26.npy,SN IIP
ZTF18aaxkqgy,ZTF18aaxkqgy_alert_28.npy,SN IIP
ZTF18aaxkqgy,ZTF18aaxkqgy_alert_30.npy,SN IIP
ZTF18aaxkqgy,ZTF18aaxkqgy_alert_32.npy,SN IIP
ZTF18aaxkqgy,ZTF18aaxkqgy_alert_34.npy,SN IIP
ZTF18aaxmhvk,ZTF18aaxmhvk_alert_24.npy,SN Ic
ZTF18aaxmhvk,ZTF18aaxmhvk_alert_27.npy,SN Ic
ZTF18aaxmhvk,ZTF18aaxmhvk_alert_29.npy,SN Ic
ZTF18aaxmhvk,ZTF18aaxmhvk_alert_32.npy,SN Ic
ZTF18aaxmhvk,ZTF18aaxmhvk_alert_35.npy,SN Ic
ZTF18aaxmhvk,ZTF18aaxmhvk_alert_37.npy,SN Ic
ZTF18aaxmhvk,ZTF18aaxmhvk_alert_40.npy,SN Ic
ZTF18aaxmhvk,ZTF18aaxmhvk_alert_43.npy,SN Ic
ZTF18aaxmhvk,ZTF18aaxmhvk_alert_45.npy,SN Ic
ZTF18aaxmhvk,ZTF18aaxmhvk_alert_48.npy,SN Ic
ZTF18aaxmixe,ZTF18aaxmixe_alert_2.npy,SN Ia
ZTF18aaxmixe,ZTF18aaxmixe_alert_3.npy,SN Ia
ZTF18aaxnqjb,ZTF18aaxnqjb_alert_1.npy,SN IIP
ZTF18aaxnqjb,ZTF18aaxnqjb_alert_2.npy,SN IIP
ZTF18aaxryfw,ZTF18aaxryfw_alert_24.npy,AGN
ZTF18aaxryfw,ZTF18aaxryfw_alert_27.npy,AGN
ZTF18aaxryfw,ZTF18aaxryfw_alert_29.npy,AGN
ZTF18aaxryfw,ZTF18aaxryfw_alert_32.npy,AGN
ZTF18aaxryfw,ZTF18aaxryfw_alert_35.npy,AGN
ZTF18aaxryfw,ZTF18aaxryfw_alert_37.npy,AGN
ZTF18aaxryfw,ZTF18aaxryfw_alert_40.npy,AGN
ZTF18aaxryfw,ZTF18aaxryfw_alert_43.npy,AGN
ZTF18aaxryfw,ZTF18aaxryfw_alert_45.npy,AGN
ZTF18aaxryfw,ZTF18aaxryfw_alert_48.npy,AGN
ZTF18aaxuzxa,ZTF18aaxuzxa_alert_5.npy,Cataclysmic
ZTF18aaxuzxa,ZTF18aaxuzxa_alert_6.npy,Cataclysmic
ZTF18aaxuzxa,ZTF18aaxuzxa_alert_7.npy,Cataclysmic
ZTF18aaxuzxa,ZTF18aaxuzxa_alert_8.npy,Cataclysmic
ZTF18aaxuzxa,ZTF18aaxuzxa_alert_9.npy,Cataclysmic
ZTF18aaxxewy,ZTF18aaxxewy_alert_3.npy,SN Ia
ZTF18aaxxewy,ZTF18aaxxewy_alert_4.npy,SN Ia
ZTF18aaxxewy,ZTF18aaxxewy_alert_5.npy,SN Ia
ZTF18aaxxewy,ZTF18aaxxewy_alert_6.npy,SN Ia
ZTF18aaxxfgs,ZTF18aaxxfgs_alert_1.npy,SN IIn
ZTF18aaxxfgs,ZTF18aaxxfgs_alert_2.npy,SN IIn
ZTF18aaxxyhp,ZTF18aaxxyhp_alert_13.npy,AGN
ZTF18aaxxyhp,ZTF18aaxxyhp_alert_14.npy,AGN
ZTF18aaxxyhp,ZTF18aaxxyhp_alert_16.npy,AGN
ZTF18aaxxyhp,ZTF18aaxxyhp_alert_17.npy,AGN
ZTF18aaxxyhp,ZTF18aaxxyhp_alert_19.npy,AGN
ZTF18aaxxyhp,ZTF18aaxxyhp_alert_20.npy,AGN
ZTF18aaxxyhp,ZTF18aaxxyhp_alert_22.npy,AGN
ZTF18aaxxyhp,ZTF18aaxxyhp_alert_23.npy,AGN
ZTF18aaxxyhp,ZTF18aaxxyhp_alert_25.npy,AGN
ZTF18aaxxyhp,ZTF18aaxxyhp_alert_26.npy,AGN
ZTF18aaxzpyh,ZTF18aaxzpyh_alert_1.npy,AGN
ZTF18aaybtnt,ZTF18aaybtnt_alert_3.npy,Cataclysmic
ZTF18aaybtnt,ZTF18aaybtnt_alert_4.npy,Cataclysmic
ZTF18aaybtnt,ZTF18aaybtnt_alert_5.npy,Cataclysmic
ZTF18aaydbyc,ZTF18aaydbyc_alert_10.npy,Cataclysmic
ZTF18aaydbyc,ZTF18aaydbyc_alert_11.npy,Cataclysmic
ZTF18aaydbyc,ZTF18aaydbyc_alert_12.npy,Cataclysmic
ZTF18aaydbyc,ZTF18aaydbyc_alert_13.npy,Cataclysmic
ZTF18aaydbyc,ZTF18aaydbyc_alert_14.npy,Cataclysmic
ZTF18aaydbyc,ZTF18aaydbyc_alert_15.npy,Cataclysmic
ZTF18aaydbyc,ZTF18aaydbyc_alert_8.npy,Cataclysmic
ZTF18aaydbyc,ZTF18aaydbyc_alert_9.npy,Cataclysmic
ZTF18aaydtzf,ZTF18aaydtzf_alert_24.npy,AGN
ZTF18aaydtzf,ZTF18aaydtzf_alert_27.npy,AGN
ZTF18aaydtzf,ZTF18aaydtzf_alert_29.npy,AGN
ZTF18aaydtzf,ZTF18aaydtzf_alert_32.npy,AGN
ZTF18aaydtzf,ZTF18aaydtzf_alert_34.npy,AGN
ZTF18aaydtzf,ZTF18aaydtzf_alert_37.npy,AGN
ZTF18aaydtzf,ZTF18aaydtzf_alert_39.npy,AGN
ZTF18aaydtzf,ZTF18aaydtzf_alert_42.npy,AGN
ZTF18aaydtzf,ZTF18aaydtzf_alert_44.npy,AGN
ZTF18aaydtzf,ZTF18aaydtzf_alert_47.npy,AGN
ZTF18aaygwqd,ZTF18aaygwqd_alert_3.npy,SN Ib
ZTF18aaygwqd,ZTF18aaygwqd_alert_4.npy,SN Ib
ZTF18aaygwqd,ZTF18aaygwqd_alert_5.npy,SN Ib
ZTF18aaygwqd,ZTF18aaygwqd_alert_6.npy,SN Ib
ZTF18aayjvve,ZTF18aayjvve_alert_21.npy,SN Ia
ZTF18aayjvve,ZTF18aayjvve_alert_23.npy,SN Ia
ZTF18aayjvve,ZTF18aayjvve_alert_26.npy,SN Ia
ZTF18aayjvve,ZTF18aayjvve_alert_28.npy,SN Ia
ZTF18aayjvve,ZTF18aayjvve_alert_30.npy,SN Ia
ZTF18aayjvve,ZTF18aayjvve_alert_33.npy,SN Ia
ZTF18aayjvve,ZTF18aayjvve_alert_35.npy,SN Ia
ZTF18aayjvve,ZTF18aayjvve_alert_37.npy,SN Ia
ZTF18aayjvve,ZTF18aayjvve_alert_40.npy,SN Ia
ZTF18aayjvve,ZTF18aayjvve_alert_42.npy,SN Ia
ZTF18aaylbyr,ZTF18aaylbyr_alert_1.npy,AGN
ZTF18aaylcgr,ZTF18aaylcgr_alert_1.npy,AGN
ZTF18aayoxjs,ZTF18aayoxjs_alert_1.npy,Cataclysmic
ZTF18aayoxjs,ZTF18aayoxjs_alert_2.npy,Cataclysmic
ZTF18aayyxxp,ZTF18aayyxxp_alert_2.npy,SN IIP
ZTF18aayyxxp,ZTF18aayyxxp_alert_3.npy,SN IIP
ZTF18aazcuno,ZTF18aazcuno_alert_29.npy,AGN
ZTF18aazcuno,ZTF18aazcuno_alert_32.npy,AGN
ZTF18aazcuno,ZTF18aazcuno_alert_35.npy,AGN
ZTF18aazcuno,ZTF18aazcuno_alert_38.npy,AGN
ZTF18aazcuno,ZTF18aazcuno_alert_41.npy,AGN
ZTF18aazcuno,ZTF18aazcuno_alert_45.npy,AGN
ZTF18aazcuno,ZTF18aazcuno_alert_48.npy,AGN
ZTF18aazcuno,ZTF18aazcuno_alert_51.npy,AGN
ZTF18aazcuno,ZTF18aazcuno_alert_54.npy,AGN
ZTF18aazcuno,ZTF18aazcuno_alert_57.npy,AGN
ZTF18aazhwnh,ZTF18aazhwnh_alert_4.npy,SN Ia
ZTF18aazhwnh,ZTF18aazhwnh_alert_5.npy,SN Ia
ZTF18aazhwnh,ZTF18aazhwnh_alert_6.npy,SN Ia
ZTF18aazhwnh,ZTF18aazhwnh_alert_7.npy,SN Ia
ZTF18aazndjw,ZTF18aazndjw_alert_10.npy,Cataclysmic
ZTF18aazndjw,ZTF18aazndjw_alert_11.npy,Cataclysmic
ZTF18aazndjw,ZTF18aazndjw_alert_6.npy,Cataclysmic
ZTF18aazndjw,ZTF18aazndjw_alert_7.npy,Cataclysmic
ZTF18aazndjw,ZTF18aazndjw_alert_8.npy,Cataclysmic
ZTF18aazndjw,ZTF18aazndjw_alert_9.npy,Cataclysmic
ZTF18aazzfia,ZTF18aazzfia_alert_2.npy,AGN
ZTF18aazzfia,ZTF18aazzfia_alert_3.npy,AGN
ZTF18abaelhi,ZTF18abaelhi_alert_1.npy,SN IIP
ZTF18abajlni,ZTF18abajlni_alert_10.npy,Cataclysmic
ZTF18abajlni,ZTF18abajlni_alert_11.npy,Cataclysmic
ZTF18abajlni,ZTF18abajlni_alert_12.npy,Cataclysmic
ZTF18abajlni,ZTF18abajlni_alert_13.npy,Cataclysmic
ZTF18abajlni,ZTF18abajlni_alert_14.npy,Cataclysmic
ZTF18abajlni,ZTF18abajlni_alert_15.npy,Cataclysmic
ZTF18abajlni,ZTF18abajlni_alert_16.npy,Cataclysmic
ZTF18abajlni,ZTF18abajlni_alert_17.npy,Cataclysmic
ZTF18abajlni,ZTF18abajlni_alert_18.npy,Cataclysmic
ZTF18abajlni,ZTF18abajlni_alert_9.npy,Cataclysmic
ZTF18abbcyzh,ZTF18abbcyzh_alert_1.npy,Cataclysmic
ZTF18abbcyzh,ZTF18abbcyzh_alert_2.npy,Cataclysmic
ZTF18abbjkcd,ZTF18abbjkcd_alert_1.npy,AGN
ZTF18abbjkcd,ZTF18abbjkcd_alert_2.npy,AGN
ZTF18abbmiut,ZTF18abbmiut_alert_10.npy,Cataclysmic
ZTF18abbmiut,ZTF18abbmiut_alert_11.npy,Cataclysmic
ZTF18abbmiut,ZTF18abbmiut_alert_12.npy,Cataclysmic
ZTF18abbmiut,ZTF18abbmiut_alert_13.npy,Cataclysmic
ZTF18abbmiut,ZTF18abbmiut_alert_14.npy,Cataclysmic
ZTF18abbmiut,ZTF18abbmiut_alert_15.npy,Cataclysmic
ZTF18abbmiut,ZTF18abbmiut_alert_16.npy,Cataclysmic
ZTF18abbmiut,ZTF18abbmiut_alert_8.npy,Cataclysmic
ZTF18abbmiut,ZTF18abbmiut_alert_9.npy,Cataclysmic
ZTF18abbpxik,ZTF18abbpxik_alert_3.npy,SN IIP
ZTF18abbpxik,ZTF18abbpxik_alert_4.npy,SN IIP
ZTF18abbpxik,ZTF18abbpxik_alert_5.npy,SN IIP
ZTF18abcbwnd,ZTF18abcbwnd_alert_10.npy,AGN
ZTF18abcbwnd,ZTF18abcbwnd_alert_11.npy,AGN
ZTF18abcbwnd,ZTF18abcbwnd_alert_12.npy,AGN
ZTF18abcbwnd,ZTF18abcbwnd_alert_13.npy,AGN
ZTF18abcbwnd,ZTF18abcbwnd_alert_14.npy,AGN
ZTF18abcbwnd,ZTF18abcbwnd_alert_16.npy,AGN
ZTF18abcbwnd,ZTF18abcbwnd_alert_17.npy,AGN
ZTF18abcbwnd,ZTF18abcbwnd_alert_18.npy,AGN
ZTF18abcbwnd,ZTF18abcbwnd_alert_19.npy,AGN
ZTF18abcbwnd,ZTF18abcbwnd_alert_20.npy,AGN
ZTF18abceakp,ZTF18abceakp_alert_34.npy,SN IIP
ZTF18abceakp,ZTF18abceakp_alert_38.npy,SN IIP
ZTF18abceakp,ZTF18abceakp_alert_41.npy,SN IIP
ZTF18abceakp,ZTF18abceakp_alert_45.npy,SN IIP
ZTF18abceakp,ZTF18abceakp_alert_49.npy,SN IIP
ZTF18abceakp,ZTF18abceakp_alert_52.npy,SN IIP
ZTF18abceakp,ZTF18abceakp_alert_56.npy,SN IIP
ZTF18abceakp,ZTF18abceakp_alert_60.npy,SN IIP
ZTF18abceakp,ZTF18abceakp_alert_63.npy,SN IIP
ZTF18abceakp,ZTF18abceakp_alert_67.npy,SN IIP
ZTF18abckxfb,ZTF18abckxfb_alert_11.npy,Cataclysmic
ZTF18abckxfb,ZTF18abckxfb_alert_12.npy,Cataclysmic
ZTF18abckxfb,ZTF18abckxfb_alert_13.npy,Cataclysmic
ZTF18abckxfb,ZTF18abckxfb_alert_15.npy,Cataclysmic
ZTF18abckxfb,ZTF18abckxfb_alert_16.npy,Cataclysmic
ZTF18abckxfb,ZTF18abckxfb_alert_17.npy,Cataclysmic
ZTF18abckxfb,ZTF18abckxfb_alert_18.npy,Cataclysmic
ZTF18abckxfb,ZTF18abckxfb_alert_20.npy,Cataclysmic
ZTF18abckxfb,ZTF18abckxfb_alert_21.npy,Cataclysmic
ZTF18abckxfb,ZTF18abckxfb_alert_22.npy,Cataclysmic
ZTF18abcptmt,ZTF18abcptmt_alert_26.npy,SN IIP
ZTF18abcptmt,ZTF18abcptmt_alert_29.npy,SN IIP
ZTF18abcptmt,ZTF18abcptmt_alert_32.npy,SN IIP
ZTF18abcptmt,ZTF18abcptmt_alert_34.npy,SN IIP
ZTF18abcptmt,ZTF18abcptmt_alert_37.npy,SN IIP
ZTF18abcptmt,ZTF18abcptmt_alert_40.npy,SN IIP
ZTF18abcptmt,ZTF18abcptmt_alert_43.npy,SN IIP
ZTF18abcptmt,ZTF18abcptmt_alert_45.npy,SN IIP
ZTF18abcptmt,ZTF18abcptmt_alert_48.npy,SN IIP
ZTF18abcptmt,ZTF18abcptmt_alert_51.npy,SN IIP
ZTF18abcryxz,ZTF18abcryxz_alert_1.npy,SN Ia
ZTF18abcyhju,ZTF18abcyhju_alert_2.npy,SN IIb
ZTF18abcyhju,ZTF18abcyhju_alert_3.npy,SN IIb
ZTF18abcyhju,ZTF18abcyhju_alert_4.npy,SN IIb
ZTF18abcyues,ZTF18abcyues_alert_2.npy,SN IIP
ZTF18abcyues,ZTF18abcyues_alert_3.npy,SN IIP
ZTF18abdbuty,ZTF18abdbuty_alert_20.npy,SN Ia
ZTF18abdbuty,ZTF18abdbuty_alert_22.npy,SN Ia
ZTF18abdbuty,ZTF18abdbuty_alert_24.npy,SN Ia
ZTF18abdbuty,ZTF18abdbuty_alert_26.npy,SN Ia
ZTF18abdbuty,ZTF18abdbuty_alert_28.npy,SN Ia
ZTF18abdbuty,ZTF18abdbuty_alert_31.npy,SN Ia
ZTF18abdbuty,ZTF18abdbuty_alert_33.npy,SN Ia
ZTF18abdbuty,ZTF18abdbuty_alert_35.npy,SN Ia
ZTF18abdbuty,ZTF18abdbuty_alert_37.npy,SN Ia
ZTF18abdbuty,ZTF18abdbuty_alert_39.npy,SN Ia
ZTF18abdfydj,ZTF18abdfydj_alert_24.npy,SN Ia
ZTF18abdfydj,ZTF18abdfydj_alert_27.npy,SN Ia
ZTF18abdfydj,ZTF18abdfydj_alert_29.npy,SN Ia
ZTF18abdfydj,ZTF18abdfydj_alert_32.npy,SN Ia
ZTF18abdfydj,ZTF18abdfydj_alert_35.npy,SN Ia
ZTF18abdfydj,ZTF18abdfydj_alert_37.npy,SN Ia
ZTF18abdfydj,ZTF18abdfydj_alert_40.npy,SN Ia
ZTF18abdfydj,ZTF18abdfydj_alert_43.npy,SN Ia
ZTF18abdfydj,ZTF18abdfydj_alert_45.npy,SN Ia
ZTF18abdfydj,ZTF18abdfydj_alert_48.npy,SN Ia
ZTF18abdjmfh,ZTF18abdjmfh_alert_1.npy,SN IIP
ZTF18abdjmfh,ZTF18abdjmfh_alert_2.npy,SN IIP
ZTF18abdmlya,ZTF18abdmlya_alert_1.npy,SN IIb
ZTF18abdmlya,ZTF18abdmlya_alert_2.npy,SN IIb
ZTF18abdptwv,ZTF18abdptwv_alert_1.npy,Cataclysmic
ZTF18abdrbqp,ZTF18abdrbqp_alert_2.npy,SN IIP
ZTF18abdrbqp,ZTF18abdrbqp_alert_3.npy,SN IIP
ZTF18abdrbqp,ZTF18abdrbqp_alert_4.npy,SN IIP
ZTF18abeajml,ZTF18abeajml_alert_24.npy,SN IIP
ZTF18abeajml,ZTF18abeajml_alert_27.npy,SN IIP
ZTF18abeajml,ZTF18abeajml_alert_29.npy,SN IIP
ZTF18abeajml,ZTF18abeajml_alert_32.npy,SN IIP
ZTF18abeajml,ZTF18abeajml_alert_35.npy,SN IIP
ZTF18abeajml,ZTF18abeajml_alert_37.npy,SN IIP
ZTF18abeajml,ZTF18abeajml_alert_40.npy,SN IIP
ZTF18abeajml,ZTF18abeajml_alert_43.npy,SN IIP
ZTF18abeajml,ZTF18abeajml_alert_45.npy,SN IIP
ZTF18abeajml,ZTF18abeajml_alert_48.npy,SN IIP
ZTF18abecbks,ZTF18abecbks_alert_12.npy,SN Ic
ZTF18abecbks,ZTF18abecbks_alert_13.npy,SN Ic
ZTF18abecbks,ZTF18abecbks_alert_15.npy,SN Ic
ZTF18abecbks,ZTF18abecbks_alert_16.npy,SN Ic
ZTF18abecbks,ZTF18abecbks_alert_17.npy,SN Ic
ZTF18abecbks,ZTF18abecbks_alert_19.npy,SN Ic
ZTF18abecbks,ZTF18abecbks_alert_20.npy,SN Ic
ZTF18abecbks,ZTF18abecbks_alert_21.npy,SN Ic
ZTF18abecbks,ZTF18abecbks_alert_23.npy,SN Ic
ZTF18abecbks,ZTF18abecbks_alert_24.npy,SN Ic
ZTF18abehrdw,ZTF18abehrdw_alert_10.npy,Cataclysmic
ZTF18abehrdw,ZTF18abehrdw_alert_11.npy,Cataclysmic
ZTF18abehrdw,ZTF18abehrdw_alert_12.npy,Cataclysmic
ZTF18abehrdw,ZTF18abehrdw_alert_13.npy,Cataclysmic
ZTF18abehrdw,ZTF18abehrdw_alert_14.npy,Cataclysmic
ZTF18abehrdw,ZTF18abehrdw_alert_7.npy,Cataclysmic
ZTF18abehrdw,ZTF18abehrdw_alert_8.npy,Cataclysmic
ZTF18abehrdw,ZTF18abehrdw_alert_9.npy,Cataclysmic
ZTF18abeibdj,ZTF18abeibdj_alert_3.npy,AGN
ZTF18abeibdj,ZTF18abeibdj_alert_4.npy,AGN
ZTF18abeibdj,ZTF18abeibdj_alert_5.npy,AGN
ZTF18abeibdj,ZTF18abeibdj_alert_6.npy,AGN
ZTF18abeqxdx,ZTF18abeqxdx_alert_1.npy,AGN
ZTF18abesokx,ZTF18abesokx_alert_3.npy,Cataclysmic
ZTF18abesokx,ZTF18abesokx_alert_4.npy,Cataclysmic
ZTF18abesokx,ZTF18abesokx_alert_5.npy,Cataclysmic
ZTF18abesqnb,ZTF18abesqnb_alert_5.npy,SN IIb
ZTF18abesqnb,ZTF18abesqnb_alert_6.npy,SN IIb
ZTF18abesqnb,ZTF18abesqnb_alert_7.npy,SN IIb
ZTF18abesqnb,ZTF18abesqnb_alert_8.npy,SN IIb
ZTF18abesqnb,ZTF18abesqnb_alert_9.npy,SN IIb
ZTF18abeyqpr,ZTF18abeyqpr_alert_14.npy,SN Ic
ZTF18abeyqpr,ZTF18abeyqpr_alert_15.npy,SN Ic
ZTF18abeyqpr,ZTF18abeyqpr_alert_17.npy,SN Ic
ZTF18abeyqpr,ZTF18abeyqpr_alert_18.npy,SN Ic
ZTF18abeyqpr,ZTF18abeyqpr_alert_20.npy,SN Ic
ZTF18abeyqpr,ZTF18abeyqpr_alert_21.npy,SN Ic
ZTF18abeyqpr,ZTF18abeyqpr_alert_23.npy,SN Ic
ZTF18abeyqpr,ZTF18abeyqpr_alert_24.npy,SN Ic
ZTF18abeyqpr,ZTF18abeyqpr_alert_26.npy,SN Ic
ZTF18abeyqpr,ZTF18abeyqpr_alert_27.npy,SN Ic
ZTF18abfryaw,ZTF18abfryaw_alert_10.npy,Cataclysmic
ZTF18abfryaw,ZTF18abfryaw_alert_11.npy,Cataclysmic
ZTF18abfryaw,ZTF18abfryaw_alert_12.npy,Cataclysmic
ZTF18abfryaw,ZTF18abfryaw_alert_13.npy,Cataclysmic
ZTF18abfryaw,ZTF18abfryaw_alert_14.npy,Cataclysmic
ZTF18abfryaw,ZTF18abfryaw_alert_7.npy,Cataclysmic
ZTF18abfryaw,ZTF18abfryaw_alert_8.npy,Cataclysmic
ZTF18abfryaw,ZTF18abfryaw_alert_9.npy,Cataclysmic
ZTF18abfyboh,ZTF18abfyboh_alert_3.npy,Cataclysmic
ZTF18abfyboh,ZTF18abfyboh_alert_4.npy,Cataclysmic
ZTF18abfyboh,ZTF18abfyboh_alert_5.npy,Cataclysmic
ZTF18abfyboh,ZTF18abfyboh_alert_6.npy,Cataclysmic
ZTF18abfzhct,ZTF18abfzhct_alert_19.npy,SN Ic
ZTF18abfzhct,ZTF18abfzhct_alert_21.npy,SN Ic
ZTF18abfzhct,ZTF18abfzhct_alert_23.npy,SN Ic
ZTF18abfzhct,ZTF18abfzhct_alert_25.npy,SN Ic
ZTF18abfzhct,ZTF18abfzhct_alert_27.npy,SN Ic
ZTF18abfzhct,ZTF18abfzhct_alert_29.npy,SN Ic
ZTF18abfzhct,ZTF18abfzhct_alert_31.npy,SN Ic
ZTF18abfzhct,ZTF18abfzhct_alert_33.npy,SN Ic
ZTF18abfzhct,ZTF18abfzhct_alert_35.npy,SN Ic
ZTF18abfzhct,ZTF18abfzhct_alert_37.npy,SN Ic
ZTF18abgisys,ZTF18abgisys_alert_2.npy,AGN
ZTF18abgisys,ZTF18abgisys_alert_3.npy,AGN
ZTF18abgladq,ZTF18abgladq_alert_2.npy,SN IIP
ZTF18abgladq,ZTF18abgladq_alert_3.npy,SN IIP
ZTF18abgladq,ZTF18abgladq_alert_4.npy,SN IIP
ZTF18abgrbjb,ZTF18abgrbjb_alert_20.npy,SN IIb
ZTF18abgrbjb,ZTF18abgrbjb_alert_22.npy,SN IIb
ZTF18abgrbjb,ZTF18abgrbjb_alert_24.npy,SN IIb
ZTF18abgrbjb,ZTF18abgrbjb_alert_27.npy,SN IIb
ZTF18abgrbjb,ZTF18abgrbjb_alert_29.npy,SN IIb
ZTF18abgrbjb,ZTF18abgrbjb_alert_31.npy,SN IIb
ZTF18abgrbjb,ZTF18abgrbjb_alert_33.npy,SN IIb
ZTF18abgrbjb,ZTF18abgrbjb_alert_36.npy,SN IIb
ZTF18abgrbjb,ZTF18abgrbjb_alert_38.npy,SN IIb
ZTF18abgrbjb,ZTF18abgrbjb_alert_40.npy,SN IIb
ZTF18abgxyfz,ZTF18abgxyfz_alert_2.npy,Cataclysmic
ZTF18abgxyfz,ZTF18abgxyfz_alert_3.npy,Cataclysmic
ZTF18abgzkmf,ZTF18abgzkmf_alert_1.npy,SN IIP
ZTF18abgzkmf,ZTF18abgzkmf_alert_2.npy,SN IIP
ZTF18abiiqdl,ZTF18abiiqdl_alert_4.npy,SN IIP
ZTF18abiiqdl,ZTF18abiiqdl_alert_5.npy,SN IIP
ZTF18abiiqdl,ZTF18abiiqdl_alert_6.npy,SN IIP
ZTF18abiiqdl,ZTF18abiiqdl_alert_7.npy,SN IIP
ZTF18abiiqdl,ZTF18abiiqdl_alert_8.npy,SN IIP
ZTF18abijtau,ZTF18abijtau_alert_1.npy,Cataclysmic
ZTF18abijtau,ZTF18abijtau_alert_2.npy,Cataclysmic
ZTF18abimhfu,ZTF18abimhfu_alert_19.npy,SN IIP
ZTF18abimhfu,ZTF18abimhfu_alert_21.npy,SN IIP
ZTF18abimhfu,ZTF18abimhfu_alert_23.npy,SN IIP
ZTF18abimhfu,ZTF18abimhfu_alert_25.npy,SN IIP
ZTF18abimhfu,ZTF18abimhfu_alert_27.npy,SN IIP
ZTF18abimhfu,ZTF18abimhfu_alert_29.npy,SN IIP
ZTF18abimhfu,ZTF18abimhfu_alert_31.npy,SN IIP
ZTF18abimhfu,ZTF18abimhfu_alert_33.npy,SN IIP
ZTF18abimhfu,ZTF18abimhfu_alert_35.npy,SN IIP
ZTF18abimhfu,ZTF18abimhfu_alert_37.npy,SN IIP
ZTF18abiyatb,ZTF18abiyatb_alert_2.npy,Cataclysmic
ZTF18abiyatb,ZTF18abiyatb_alert_3.npy,Cataclysmic
ZTF18abiyatb,ZTF18abiyatb_alert_4.npy,Cataclysmic
ZTF18abjgyyr,ZTF18abjgyyr_alert_1.npy,SN Ia
ZTF18abjgyyr,ZTF18abjgyyr_alert_2.npy,SN Ia
ZTF18abjhbss,ZTF18abjhbss_alert_1.npy,AGN
ZTF18abjhbss,ZTF18abjhbss_alert_2.npy,AGN
ZTF18abjrdzt,ZTF18abjrdzt_alert_10.npy,Cataclysmic
ZTF18abjrdzt,ZTF18abjrdzt_alert_11.npy,Cataclysmic
ZTF18abjrdzt,ZTF18abjrdzt_alert_12.npy,Cataclysmic
ZTF18abjrdzt,ZTF18abjrdzt_alert_13.npy,Cataclysmic
ZTF18abjrdzt,ZTF18abjrdzt_alert_14.npy,Cataclysmic
ZTF18abjrdzt,ZTF18abjrdzt_alert_15.npy,Cataclysmic
ZTF18abjrdzt,ZTF18abjrdzt_alert_16.npy,Cataclysmic
ZTF18abjrdzt,ZTF18abjrdzt_alert_17.npy,Cataclysmic
ZTF18abjrdzt,ZTF18abjrdzt_alert_18.npy,Cataclysmic
ZTF18abjrdzt,ZTF18abjrdzt_alert_19.npy,Cataclysmic
ZTF18abjsdwi,ZTF18abjsdwi_alert_3.npy,Cataclysmic
ZTF18abjsdwi,ZTF18abjsdwi_alert_4.npy,Cataclysmic
ZTF18abjsdwi,ZTF18abjsdwi_alert_5.npy,Cataclysmic
ZTF18abjsjyx,ZTF18abjsjyx_alert_112.npy,Cataclysmic
ZTF18abjsjyx,ZTF18abjsjyx_alert_124.npy,Cataclysmic
ZTF18abjsjyx,ZTF18abjsjyx_alert_137.npy,Cataclysmic
ZTF18abjsjyx,ZTF18abjsjyx_alert_149.npy,Cataclysmic
ZTF18abjsjyx,ZTF18abjsjyx_alert_162.npy,Cataclysmic
ZTF18abjsjyx,ZTF18abjsjyx_alert_174.npy,Cataclysmic
ZTF18abjsjyx,ZTF18abjsjyx_alert_187.npy,Cataclysmic
ZTF18abjsjyx,ZTF18abjsjyx_alert_199.npy,Cataclysmic
ZTF18abjsjyx,ZTF18abjsjyx_alert_212.npy,Cataclysmic
ZTF18abjsjyx,ZTF18abjsjyx_alert_224.npy,Cataclysmic
ZTF18abjsrdz,ZTF18abjsrdz_alert_2.npy,Cataclysmic
ZTF18abjsrdz,ZTF18abjsrdz_alert_3.npy,Cataclysmic
ZTF18abjsrdz,ZTF18abjsrdz_alert_4.npy,Cataclysmic
ZTF18abjtgdo,ZTF18abjtgdo_alert_13.npy,SN Ia
ZTF18abjtgdo,ZTF18abjtgdo_alert_14.npy,SN Ia
ZTF18abjtgdo,ZTF18abjtgdo_alert_16.npy,SN Ia
ZTF18abjtgdo,ZTF18abjtgdo_alert_17.npy,SN Ia
ZTF18abjtgdo,ZTF18abjtgdo_alert_19.npy,SN Ia
ZTF18abjtgdo,ZTF18abjtgdo_alert_20.npy,SN Ia
ZTF18abjtgdo,ZTF18abjtgdo_alert_22.npy,SN Ia
ZTF18abjtgdo,ZTF18abjtgdo_alert_23.npy,SN Ia
ZTF18abjtgdo,ZTF18abjtgdo_alert_25.npy,SN Ia
ZTF18abjtgdo,ZTF18abjtgdo_alert_26.npy,SN Ia
ZTF18abjvzxx,ZTF18abjvzxx_alert_3.npy,SN Ia
ZTF18abjvzxx,ZTF18abjvzxx_alert_4.npy,SN Ia
ZTF18abjvzxx,ZTF18abjvzxx_alert_5.npy,SN Ia
ZTF18abjyime,ZTF18abjyime_alert_2.npy,SN Ia
ZTF18abjyime,ZTF18abjyime_alert_3.npy,SN Ia
ZTF18abjyjdz,ZTF18abjyjdz_alert_2.npy,SN Ib
ZTF18abjyjdz,ZTF18abjyjdz_alert_3.npy,SN Ib
ZTF18abkhcwl,ZTF18abkhcwl_alert_15.npy,SN Ia
ZTF18abkhcwl,ZTF18abkhcwl_alert_17.npy,SN Ia
ZTF18abkhcwl,ZTF18abkhcwl_alert_18.npy,SN Ia
ZTF18abkhcwl,ZTF18abkhcwl_alert_20.npy,SN Ia
ZTF18abkhcwl,ZTF18abkhcwl_alert_22.npy,SN Ia
ZTF18abkhcwl,ZTF18abkhcwl_alert_23.npy,SN Ia
ZTF18abkhcwl,ZTF18abkhcwl_alert_25.npy,SN Ia
ZTF18abkhcwl,ZTF18abkhcwl_alert_27.npy,SN Ia
ZTF18abkhcwl,ZTF18abkhcwl_alert_28.npy,SN Ia
ZTF18abkhcwl,ZTF18abkhcwl_alert_30.npy,SN Ia
ZTF18abkhqhk,ZTF18abkhqhk_alert_1.npy,Cataclysmic
ZTF18abkijlr,ZTF18abkijlr_alert_3.npy,Cataclysmic
ZTF18abkijlr,ZTF18abkijlr_alert_4.npy,Cataclysmic
ZTF18abkijlr,ZTF18abkijlr_alert_5.npy,Cataclysmic
ZTF18abkijlr,ZTF18abkijlr_alert_6.npy,Cataclysmic
ZTF18abkjnqy,ZTF18abkjnqy_alert_1.npy,SN Ic
ZTF18abkjnqy,ZTF18abkjnqy_alert_2.npy,SN Ic
ZTF18abkojhi,ZTF18abkojhi_alert_2.npy,AGN
ZTF18abkojhi,ZTF18abkojhi_alert_3.npy,AGN
ZTF18abktleu,ZTF18abktleu_alert_10.npy,Cataclysmic
ZTF18abktleu,ZTF18abktleu_alert_11.npy,Cataclysmic
ZTF18abktleu,ZTF18abktleu_alert_12.npy,Cataclysmic
ZTF18abktleu,ZTF18abktleu_alert_13.npy,Cataclysmic
ZTF18abktleu,ZTF18abktleu_alert_14.npy,Cataclysmic
ZTF18abktleu,ZTF18abktleu_alert_15.npy,Cataclysmic
ZTF18abktleu,ZTF18abktleu_alert_8.npy,Cataclysmic
ZTF18abktleu,ZTF18abktleu_alert_9.npy,Cataclysmic
ZTF18abktmfz,ZTF18abktmfz_alert_10.npy,SN Ib
ZTF18abktmfz,ZTF18abktmfz_alert_11.npy,SN Ib
ZTF18abktmfz,ZTF18abktmfz_alert_12.npy,SN Ib
ZTF18abktmfz,ZTF18abktmfz_alert_6.npy,SN Ib
ZTF18abktmfz,ZTF18abktmfz_alert_7.npy,SN Ib
ZTF18abktmfz,ZTF18abktmfz_alert_8.npy,SN Ib
ZTF18abktmfz,ZTF18abktmfz_alert_9.npy,SN Ib
ZTF18abkxfou,ZTF18abkxfou_alert_10.npy,Cataclysmic
ZTF18abkxfou,ZTF18abkxfou_alert_11.npy,Cataclysmic
ZTF18abkxfou,ZTF18abkxfou_alert_12.npy,Cataclysmic
ZTF18abkxfou,ZTF18abkxfou_alert_13.npy,Cataclysmic
ZTF18abkxfou,ZTF18abkxfou_alert_14.npy,Cataclysmic
ZTF18abkxfou,ZTF18abkxfou_alert_7.npy,Cataclysmic
ZTF18abkxfou,ZTF18abkxfou_alert_8.npy,Cataclysmic
ZTF18abkxfou,ZTF18abkxfou_alert_9.npy,Cataclysmic
ZTF18ablerlf,ZTF18ablerlf_alert_2.npy,Cataclysmic
ZTF18ablerlf,ZTF18ablerlf_alert_3.npy,Cataclysmic
ZTF18ablerlf,ZTF18ablerlf_alert_4.npy,Cataclysmic
ZTF18ablfqxm,ZTF18ablfqxm_alert_10.npy,Cataclysmic
ZTF18ablfqxm,ZTF18ablfqxm_alert_11.npy,Cataclysmic
ZTF18ablfqxm,ZTF18ablfqxm_alert_12.npy,Cataclysmic
ZTF18ablfqxm,ZTF18ablfqxm_alert_13.npy,Cataclysmic
ZTF18ablfqxm,ZTF18ablfqxm_alert_7.npy,Cataclysmic
ZTF18ablfqxm,ZTF18ablfqxm_alert_8.npy,Cataclysmic
ZTF18ablfqxm,ZTF18ablfqxm_alert_9.npy,Cataclysmic
ZTF18ablgnrw,ZTF18ablgnrw_alert_1.npy,Cataclysmic
ZTF18ablgnrw,ZTF18ablgnrw_alert_2.npy,Cataclysmic
ZTF18ablgqyq,ZTF18ablgqyq_alert_2.npy,Cataclysmic
ZTF18ablgqyq,ZTF18ablgqyq_alert_3.npy,Cataclysmic
ZTF18ablgqyq,ZTF18ablgqyq_alert_4.npy,Cataclysmic
ZTF18ablovbj,ZTF18ablovbj_alert_5.npy,Cataclysmic
ZTF18ablovbj,ZTF18ablovbj_alert_6.npy,Cataclysmic
ZTF18ablovbj,ZTF18ablovbj_alert_7.npy,Cataclysmic
ZTF18ablovbj,ZTF18ablovbj_alert_8.npy,Cataclysmic
ZTF18ablovbj,ZTF18ablovbj_alert_9.npy,Cataclysmic
ZTF18ablpmiy,ZTF18ablpmiy_alert_2.npy,Cataclysmic
ZTF18ablpmiy,ZTF18ablpmiy_alert_3.npy,Cataclysmic
ZTF18ablpmiy,ZTF18ablpmiy_alert_4.npy,Cataclysmic
ZTF18ablqkud,ZTF18ablqkud_alert_3.npy,SN Ia
ZTF18ablqkud,ZTF18ablqkud_alert_4.npy,SN Ia
ZTF18ablqkud,ZTF18ablqkud_alert_5.npy,SN Ia
ZTF18ablrlbm,ZTF18ablrlbm_alert_1.npy,AGN
ZTF18ablrlbm,ZTF18ablrlbm_alert_2.npy,AGN
ZTF18ablrlog,ZTF18ablrlog_alert_2.npy,Cataclysmic
ZTF18ablrlog,ZTF18ablrlog_alert_3.npy,Cataclysmic
ZTF18ablrlog,ZTF18ablrlog_alert_4.npy,Cataclysmic
ZTF18abltdkd,ZTF18abltdkd_alert_3.npy,SN Ia
ZTF18abltdkd,ZTF18abltdkd_alert_4.npy,SN Ia
ZTF18abltdkd,ZTF18abltdkd_alert_5.npy,SN Ia
ZTF18abltdkd,ZTF18abltdkd_alert_6.npy,SN Ia
ZTF18ablusuz,ZTF18ablusuz_alert_1.npy,Cataclysmic
ZTF18ablusuz,ZTF18ablusuz_alert_2.npy,Cataclysmic
ZTF18ablvazp,ZTF18ablvazp_alert_1.npy,Cataclysmic
ZTF18ablvxkh,ZTF18ablvxkh_alert_3.npy,Cataclysmic
ZTF18ablvxkh,ZTF18ablvxkh_alert_4.npy,Cataclysmic
ZTF18ablvxkh,ZTF18ablvxkh_alert_5.npy,Cataclysmic
ZTF18ablvxkh,ZTF18ablvxkh_alert_6.npy,Cataclysmic
ZTF18ablwhxt,ZTF18ablwhxt_alert_1.npy,AGN
ZTF18ablwhxt,ZTF18ablwhxt_alert_2.npy,AGN
ZTF18ablwrch,ZTF18ablwrch_alert_1.npy,Cataclysmic
ZTF18ablwrch,ZTF18ablwrch_alert_2.npy,Cataclysmic
ZTF18ablwvur,ZTF18ablwvur_alert_10.npy,Cataclysmic
ZTF18ablwvur,ZTF18ablwvur_alert_11.npy,Cataclysmic
ZTF18ablwvur,ZTF18ablwvur_alert_12.npy,Cataclysmic
ZTF18ablwvur,ZTF18ablwvur_alert_13.npy,Cataclysmic
ZTF18ablwvur,ZTF18ablwvur_alert_7.npy,Cataclysmic
ZTF18ablwvur,ZTF18ablwvur_alert_8.npy,Cataclysmic
ZTF18ablwvur,ZTF18ablwvur_alert_9.npy,Cataclysmic
ZTF18ablwvus,ZTF18ablwvus_alert_10.npy,Cataclysmic
ZTF18ablwvus,ZTF18ablwvus_alert_11.npy,Cataclysmic
ZTF18ablwvus,ZTF18ablwvus_alert_12.npy,Cataclysmic
ZTF18ablwvus,ZTF18ablwvus_alert_13.npy,Cataclysmic
ZTF18ablwvus,ZTF18ablwvus_alert_7.npy,Cataclysmic
ZTF18ablwvus,ZTF18ablwvus_alert_8.npy,Cataclysmic
ZTF18ablwvus,ZTF18ablwvus_alert_9.npy,Cataclysmic
ZTF18abmbdbg,ZTF18abmbdbg_alert_3.npy,Cataclysmic
ZTF18abmbdbg,ZTF18abmbdbg_alert_4.npy,Cataclysmic
ZTF18abmbdbg,ZTF18abmbdbg_alert_5.npy,Cataclysmic
ZTF18abmbdbg,ZTF18abmbdbg_alert_6.npy,Cataclysmic
ZTF18abmdoni,ZTF18abmdoni_alert_3.npy,Cataclysmic
ZTF18abmdoni,ZTF18abmdoni_alert_4.npy,Cataclysmic
ZTF18abmdoni,ZTF18abmdoni_alert_5.npy,Cataclysmic
ZTF18abmdoni,ZTF18abmdoni_alert_6.npy,Cataclysmic
ZTF18abmdpwe,ZTF18abmdpwe_alert_10.npy,SN IIP
ZTF18abmdpwe,ZTF18abmdpwe_alert_11.npy,SN IIP
ZTF18abmdpwe,ZTF18abmdpwe_alert_6.npy,SN IIP
ZTF18abmdpwe,ZTF18abmdpwe_alert_7.npy,SN IIP
ZTF18abmdpwe,ZTF18abmdpwe_alert_8.npy,SN IIP
ZTF18abmdpwe,ZTF18abmdpwe_alert_9.npy,SN IIP
ZTF18abmenfr,ZTF18abmenfr_alert_1.npy,AGN
ZTF18abmenfr,ZTF18abmenfr_alert_2.npy,AGN
ZTF18abmoung,ZTF18abmoung_alert_2.npy,SN Ia
ZTF18abmoung,ZTF18abmoung_alert_3.npy,SN Ia
ZTF18abmqrwk,ZTF18abmqrwk_alert_3.npy,Cataclysmic
ZTF18abmqrwk,ZTF18abmqrwk_alert_4.npy,Cataclysmic
ZTF18abmqrwk,ZTF18abmqrwk_alert_5.npy,Cataclysmic
ZTF18abmqrwk,ZTF18abmqrwk_alert_6.npy,Cataclysmic
ZTF18abmwqkr,ZTF18abmwqkr_alert_1.npy,AGN
ZTF18abmwqkr,ZTF18abmwqkr_alert_2.npy,AGN
ZTF18abmwszl,ZTF18abmwszl_alert_3.npy,AGN
ZTF18abmwszl,ZTF18abmwszl_alert_4.npy,AGN
ZTF18abmwszl,ZTF18abmwszl_alert_5.npy,AGN
ZTF18abmxatl,ZTF18abmxatl_alert_16.npy,Cataclysmic
ZTF18abmxatl,ZTF18abmxatl_alert_18.npy,Cataclysmic
ZTF18abmxatl,ZTF18abmxatl_alert_20.npy,Cataclysmic
ZTF18abmxatl,ZTF18abmxatl_alert_21.npy,Cataclysmic
ZTF18abmxatl,ZTF18abmxatl_alert_23.npy,Cataclysmic
ZTF18abmxatl,ZTF18abmxatl_alert_25.npy,Cataclysmic
ZTF18abmxatl,ZTF18abmxatl_alert_27.npy,Cataclysmic
ZTF18abmxatl,ZTF18abmxatl_alert_28.npy,Cataclysmic
ZTF18abmxatl,ZTF18abmxatl_alert_30.npy,Cataclysmic
ZTF18abmxatl,ZTF18abmxatl_alert_32.npy,Cataclysmic
ZTF18abmxaxt,ZTF18abmxaxt_alert_10.npy,Cataclysmic
ZTF18abmxaxt,ZTF18abmxaxt_alert_11.npy,Cataclysmic
ZTF18abmxaxt,ZTF18abmxaxt_alert_12.npy,Cataclysmic
ZTF18abmxaxt,ZTF18abmxaxt_alert_6.npy,Cataclysmic
ZTF18abmxaxt,ZTF18abmxaxt_alert_7.npy,Cataclysmic
ZTF18abmxaxt,ZTF18abmxaxt_alert_8.npy,Cataclysmic
ZTF18abmxaxt,ZTF18abmxaxt_alert_9.npy,Cataclysmic
ZTF18abnbldg,ZTF18abnbldg_alert_1.npy,Cataclysmic
ZTF18abnbxsy,ZTF18abnbxsy_alert_12.npy,Cataclysmic
ZTF18abnbxsy,ZTF18abnbxsy_alert_13.npy,Cataclysmic
ZTF18abnbxsy,ZTF18abnbxsy_alert_15.npy,Cataclysmic
ZTF18abnbxsy,ZTF18abnbxsy_alert_16.npy,Cataclysmic
ZTF18abnbxsy,ZTF18abnbxsy_alert_17.npy,Cataclysmic
ZTF18abnbxsy,ZTF18abnbxsy_alert_19.npy,Cataclysmic
ZTF18abnbxsy,ZTF18abnbxsy_alert_20.npy,Cataclysmic
ZTF18abnbxsy,ZTF18abnbxsy_alert_21.npy,Cataclysmic
ZTF18abnbxsy,ZTF18abnbxsy_alert_23.npy,Cataclysmic
ZTF18abnbxsy,ZTF18abnbxsy_alert_24.npy,Cataclysmic
ZTF18abnnnzk,ZTF18abnnnzk_alert_10.npy,AGN
ZTF18abnnnzk,ZTF18abnnnzk_alert_11.npy,AGN
ZTF18abnnnzk,ZTF18abnnnzk_alert_12.npy,AGN
ZTF18abnnnzk,ZTF18abnnnzk_alert_13.npy,AGN
ZTF18abnnnzk,ZTF18abnnnzk_alert_14.npy,AGN
ZTF18abnnnzk,ZTF18abnnnzk_alert_7.npy,AGN
ZTF18abnnnzk,ZTF18abnnnzk_alert_8.npy,AGN
ZTF18abnnnzk,ZTF18abnnnzk_alert_9.npy,AGN
ZTF18abnoonq,ZTF18abnoonq_alert_5.npy,Cataclysmic
ZTF18abnoonq,ZTF18abnoonq_alert_6.npy,Cataclysmic
ZTF18abnoonq,ZTF18abnoonq_alert_7.npy,Cataclysmic
ZTF18abnoonq,ZTF18abnoonq_alert_8.npy,Cataclysmic
ZTF18abnoonq,ZTF18abnoonq_alert_9.npy,Cataclysmic
ZTF18abnuark,ZTF18abnuark_alert_1.npy,Cataclysmic
ZTF18abnuhuy,ZTF18abnuhuy_alert_3.npy,AGN
ZTF18abnuhuy,ZTF18abnuhuy_alert_4.npy,AGN
ZTF18abnuhuy,ZTF18abnuhuy_alert_5.npy,AGN
ZTF18abnuhuy,ZTF18abnuhuy_alert_6.npy,AGN
ZTF18abnurff,ZTF18abnurff_alert_10.npy,Cataclysmic
ZTF18abnurff,ZTF18abnurff_alert_11.npy,Cataclysmic
ZTF18abnurff,ZTF18abnurff_alert_12.npy,Cataclysmic
ZTF18abnurff,ZTF18abnurff_alert_13.npy,Cataclysmic
ZTF18abnurff,ZTF18abnurff_alert_14.npy,Cataclysmic
ZTF18abnurff,ZTF18abnurff_alert_15.npy,Cataclysmic
ZTF18abnurff,ZTF18abnurff_alert_16.npy,Cataclysmic
ZTF18abnurff,ZTF18abnurff_alert_17.npy,Cataclysmic
ZTF18abnurff,ZTF18abnurff_alert_18.npy,Cataclysmic
ZTF18abnurff,ZTF18abnurff_alert_9.npy,Cataclysmic
ZTF18abnyktn,ZTF18abnyktn_alert_1.npy,Cataclysmic
ZTF18abnzlai,ZTF18abnzlai_alert_1.npy,SN IIP
ZTF18abobvym,ZTF18abobvym_alert_1.npy,Cataclysmic
ZTF18aboerpp,ZTF18aboerpp_alert_2.npy,AGN
ZTF18aboerpp,ZTF18aboerpp_alert_3.npy,AGN
ZTF18aboerpp,ZTF18aboerpp_alert_4.npy,AGN
ZTF18abojpnr,ZTF18abojpnr_alert_15.npy,SN IIb
ZTF18abojpnr,ZTF18abojpnr_alert_17.npy,SN IIb
ZTF18abojpnr,ZTF18abojpnr_alert_18.npy,SN IIb
ZTF18abojpnr,ZTF18abojpnr_alert_20.npy,SN IIb
ZTF18abojpnr,ZTF18abojpnr_alert_21.npy,SN IIb
ZTF18abojpnr,ZTF18abojpnr_alert_23.npy,SN IIb
ZTF18abojpnr,ZTF18abojpnr_alert_24.npy,SN IIb
ZTF18abojpnr,ZTF18abojpnr_alert_26.npy,SN IIb
ZTF18abojpnr,ZTF18abojpnr_alert_27.npy,SN IIb
ZTF18abojpnr,ZTF18abojpnr_alert_29.npy,SN IIb
ZTF18abotdef,ZTF18abotdef_alert_1.npy,SN Ia
ZTF18aboztku,ZTF18aboztku_alert_2.npy,SN Ia
ZTF18aboztku,ZTF18aboztku_alert_3.npy,SN Ia
ZTF18abpaywm,ZTF18abpaywm_alert_40.npy,SN Ia
ZTF18abpaywm,ZTF18abpaywm_alert_44.npy,SN Ia
ZTF18abpaywm,ZTF18abpaywm_alert_49.npy,SN Ia
ZTF18abpaywm,ZTF18abpaywm_alert_53.npy,SN Ia
ZTF18abpaywm,ZTF18abpaywm_alert_58.npy,SN Ia
ZTF18abpaywm,ZTF18abpaywm_alert_62.npy,SN Ia
ZTF18abpaywm,ZTF18abpaywm_alert_67.npy,SN Ia
ZTF18abpaywm,ZTF18abpaywm_alert_71.npy,SN Ia
ZTF18abpaywm,ZTF18abpaywm_alert_76.npy,SN Ia
ZTF18abpaywm,ZTF18abpaywm_alert_80.npy,SN Ia
ZTF18abpmwfx,ZTF18abpmwfx_alert_2.npy,Cataclysmic
ZTF18abpmwfx,ZTF18abpmwfx_alert_3.npy,Cataclysmic
ZTF18abpmwfx,ZTF18abpmwfx_alert_4.npy,Cataclysmic
ZTF18abpmwlt,ZTF18abpmwlt_alert_3.npy,Cataclysmic
ZTF18abpmwlt,ZTF18abpmwlt_alert_4.npy,Cataclysmic
ZTF18abpmwlt,ZTF18abpmwlt_alert_5.npy,Cataclysmic
ZTF18abppeth,ZTF18abppeth_alert_1.npy,AGN
ZTF18abppeth,ZTF18abppeth_alert_2.npy,AGN
ZTF18abptzkg,ZTF18abptzkg_alert_10.npy,Cataclysmic
ZTF18abptzkg,ZTF18abptzkg_alert_11.npy,Cataclysmic
ZTF18abptzkg,ZTF18abptzkg_alert_12.npy,Cataclysmic
ZTF18abptzkg,ZTF18abptzkg_alert_6.npy,Cataclysmic
ZTF18abptzkg,ZTF18abptzkg_alert_7.npy,Cataclysmic
ZTF18abptzkg,ZTF18abptzkg_alert_8.npy,Cataclysmic
ZTF18abptzkg,ZTF18abptzkg_alert_9.npy,Cataclysmic
ZTF18abqarng,ZTF18abqarng_alert_2.npy,AGN
ZTF18abqarng,ZTF18abqarng_alert_3.npy,AGN
ZTF18abqarng,ZTF18abqarng_alert_4.npy,AGN
ZTF18abqdtes,ZTF18abqdtes_alert_3.npy,Cataclysmic
ZTF18abqdtes,ZTF18abqdtes_alert_4.npy,Cataclysmic
ZTF18abqdtes,ZTF18abqdtes_alert_5.npy,Cataclysmic
ZTF18abqdtes,ZTF18abqdtes_alert_6.npy,Cataclysmic
ZTF18abqyvzy,ZTF18abqyvzy_alert_12.npy,SN IIP
ZTF18abqyvzy,ZTF18abqyvzy_alert_13.npy,SN IIP
ZTF18abqyvzy,ZTF18abqyvzy_alert_15.npy,SN IIP
ZTF18abqyvzy,ZTF18abqyvzy_alert_16.npy,SN IIP
ZTF18abqyvzy,ZTF18abqyvzy_alert_17.npy,SN IIP
ZTF18abqyvzy,ZTF18abqyvzy_alert_19.npy,SN IIP
ZTF18abqyvzy,ZTF18abqyvzy_alert_20.npy,SN IIP
ZTF18abqyvzy,ZTF18abqyvzy_alert_21.npy,SN IIP
ZTF18abqyvzy,ZTF18abqyvzy_alert_23.npy,SN IIP
ZTF18abqyvzy,ZTF18abqyvzy_alert_24.npy,SN IIP
ZTF18abrlljc,ZTF18abrlljc_alert_17.npy,SN IIP
ZTF18abrlljc,ZTF18abrlljc_alert_19.npy,SN IIP
ZTF18abrlljc,ZTF18abrlljc_alert_21.npy,SN IIP
ZTF18abrlljc,ZTF18abrlljc_alert_22.npy,SN IIP
ZTF18abrlljc,ZTF18abrlljc_alert_24.npy,SN IIP
ZTF18abrlljc,ZTF18abrlljc_alert_26.npy,SN IIP
ZTF18abrlljc,ZTF18abrlljc_alert_28.npy,SN IIP
ZTF18abrlljc,ZTF18abrlljc_alert_29.npy,SN IIP
ZTF18abrlljc,ZTF18abrlljc_alert_31.npy,SN IIP
ZTF18abrlljc,ZTF18abrlljc_alert_33.npy,SN IIP
ZTF18abrqfjs,ZTF18abrqfjs_alert_2.npy,Cataclysmic
ZTF18abrqfjs,ZTF18abrqfjs_alert_3.npy,Cataclysmic
ZTF18abrwpvo,ZTF18abrwpvo_alert_3.npy,AGN
ZTF18abrwpvo,ZTF18abrwpvo_alert_4.npy,AGN
ZTF18abrwpvo,ZTF18abrwpvo_alert_5.npy,AGN
ZTF18abrwpvo,ZTF18abrwpvo_alert_6.npy,AGN
ZTF18abrwwzs,ZTF18abrwwzs_alert_14.npy,Cataclysmic
ZTF18abrwwzs,ZTF18abrwwzs_alert_15.npy,Cataclysmic
ZTF18abrwwzs,ZTF18abrwwzs_alert_17.npy,Cataclysmic
ZTF18abrwwzs,ZTF18abrwwzs_alert_18.npy,Cataclysmic
ZTF18abrwwzs,ZTF18abrwwzs_alert_20.npy,Cataclysmic
ZTF18abrwwzs,ZTF18abrwwzs_alert_21.npy,Cataclysmic
ZTF18abrwwzs,ZTF18abrwwzs_alert_23.npy,Cataclysmic
ZTF18abrwwzs,ZTF18abrwwzs_alert_24.npy,Cataclysmic
ZTF18abrwwzs,ZTF18abrwwzs_alert_26.npy,Cataclysmic
ZTF18abrwwzs,ZTF18abrwwzs_alert_27.npy,Cataclysmic
ZTF18abrxrms,ZTF18abrxrms_alert_3.npy,Cataclysmic
ZTF18abrxrms,ZTF18abrxrms_alert_4.npy,Cataclysmic
ZTF18abrxrms,ZTF18abrxrms_alert_5.npy,Cataclysmic
ZTF18abrxrms,ZTF18abrxrms_alert_6.npy,Cataclysmic
ZTF18abrzbum,ZTF18abrzbum_alert_2.npy,SN IIP
ZTF18abrzbum,ZTF18abrzbum_alert_3.npy,SN IIP
ZTF18abrzhne,ZTF18abrzhne_alert_2.npy,AGN
ZTF18abrzhne,ZTF18abrzhne_alert_3.npy,AGN
ZTF18absanfq,ZTF18absanfq_alert_3.npy,Cataclysmic
ZTF18absanfq,ZTF18absanfq_alert_4.npy,Cataclysmic
ZTF18absanfq,ZTF18absanfq_alert_5.npy,Cataclysmic
ZTF18absanfq,ZTF18absanfq_alert_6.npy,Cataclysmic
ZTF18absbgqd,ZTF18absbgqd_alert_2.npy,SN IIP
ZTF18absbgqd,ZTF18absbgqd_alert_3.npy,SN IIP
ZTF18abscyjj,ZTF18abscyjj_alert_3.npy,SN IIP
ZTF18abscyjj,ZTF18abscyjj_alert_4.npy,SN IIP
ZTF18abscyjj,ZTF18abscyjj_alert_5.npy,SN IIP
ZTF18absgnbm,ZTF18absgnbm_alert_4.npy,SN IIP
ZTF18absgnbm,ZTF18absgnbm_alert_5.npy,SN IIP
ZTF18absgnbm,ZTF18absgnbm_alert_6.npy,SN IIP
ZTF18absgnbm,ZTF18absgnbm_alert_7.npy,SN IIP
ZTF18absgnio,ZTF18absgnio_alert_5.npy,SN Ia
ZTF18absgnio,ZTF18absgnio_alert_6.npy,SN Ia
ZTF18absgnio,ZTF18absgnio_alert_7.npy,SN Ia
ZTF18absgnio,ZTF18absgnio_alert_8.npy,SN Ia
ZTF18absgnio,ZTF18absgnio_alert_9.npy,SN Ia
ZTF18abshmro,ZTF18abshmro_alert_11.npy,SN Ia
ZTF18abshmro,ZTF18abshmro_alert_12.npy,SN Ia
ZTF18abshmro,ZTF18abshmro_alert_13.npy,SN Ia
ZTF18abshmro,ZTF18abshmro_alert_14.npy,SN Ia
ZTF18abshmro,ZTF18abshmro_alert_15.npy,SN Ia
ZTF18abshmro,ZTF18abshmro_alert_17.npy,SN Ia
ZTF18abshmro,ZTF18abshmro_alert_18.npy,SN Ia
ZTF18abshmro,ZTF18abshmro_alert_19.npy,SN Ia
ZTF18abshmro,ZTF18abshmro_alert_20.npy,SN Ia
ZTF18abshmro,ZTF18abshmro_alert_21.npy,SN Ia
ZTF18absjiej,ZTF18absjiej_alert_2.npy,Cataclysmic
ZTF18absjiej,ZTF18absjiej_alert_3.npy,Cataclysmic
ZTF18absjiej,ZTF18absjiej_alert_4.npy,Cataclysmic
ZTF18abskbng,ZTF18abskbng_alert_13.npy,Cataclysmic
ZTF18abskbng,ZTF18abskbng_alert_14.npy,Cataclysmic
ZTF18abskbng,ZTF18abskbng_alert_16.npy,Cataclysmic
ZTF18abskbng,ZTF18abskbng_alert_17.npy,Cataclysmic
ZTF18abskbng,ZTF18abskbng_alert_19.npy,Cataclysmic
ZTF18abskbng,ZTF18abskbng_alert_20.npy,Cataclysmic
ZTF18abskbng,ZTF18abskbng_alert_22.npy,Cataclysmic
ZTF18abskbng,ZTF18abskbng_alert_23.npy,Cataclysmic
ZTF18abskbng,ZTF18abskbng_alert_25.npy,Cataclysmic
ZTF18abskbng,ZTF18abskbng_alert_26.npy,Cataclysmic
ZTF18abskoyh,ZTF18abskoyh_alert_2.npy,SN IIP
ZTF18abskoyh,ZTF18abskoyh_alert_3.npy,SN IIP
ZTF18abskrix,ZTF18abskrix_alert_12.npy,Cataclysmic
ZTF18abskrix,ZTF18abskrix_alert_13.npy,Cataclysmic
ZTF18abskrix,ZTF18abskrix_alert_15.npy,Cataclysmic
ZTF18abskrix,ZTF18abskrix_alert_16.npy,Cataclysmic
ZTF18abskrix,ZTF18abskrix_alert_17.npy,Cataclysmic
ZTF18abskrix,ZTF18abskrix_alert_19.npy,Cataclysmic
ZTF18abskrix,ZTF18abskrix_alert_20.npy,Cataclysmic
ZTF18abskrix,ZTF18abskrix_alert_21.npy,Cataclysmic
ZTF18abskrix,ZTF18abskrix_alert_23.npy,Cataclysmic
ZTF18abskrix,ZTF18abskrix_alert_24.npy,Cataclysmic
ZTF18abslbyb,ZTF18abslbyb_alert_10.npy,AGN
ZTF18abslbyb,ZTF18abslbyb_alert_11.npy,AGN
ZTF18abslbyb,ZTF18abslbyb_alert_12.npy,AGN
ZTF18abslbyb,ZTF18abslbyb_alert_13.npy,AGN
ZTF18abslbyb,ZTF18abslbyb_alert_14.npy,AGN
ZTF18abslbyb,ZTF18abslbyb_alert_7.npy,AGN
ZTF18abslbyb,ZTF18abslbyb_alert_8.npy,AGN
ZTF18abslbyb,ZTF18abslbyb_alert_9.npy,AGN
ZTF18absldfl,ZTF18absldfl_alert_12.npy,SN IIP
ZTF18absldfl,ZTF18absldfl_alert_13.npy,SN IIP
ZTF18absldfl,ZTF18absldfl_alert_15.npy,SN IIP
ZTF18absldfl,ZTF18absldfl_alert_16.npy,SN IIP
ZTF18absldfl,ZTF18absldfl_alert_17.npy,SN IIP
ZTF18absldfl,ZTF18absldfl_alert_19.npy,SN IIP
ZTF18absldfl,ZTF18absldfl_alert_20.npy,SN IIP
ZTF18absldfl,ZTF18absldfl_alert_21.npy,SN IIP
ZTF18absldfl,ZTF18absldfl_alert_23.npy,SN IIP
ZTF18absldfl,ZTF18absldfl_alert_24.npy,SN IIP
ZTF18absliyc,ZTF18absliyc_alert_12.npy,SN Ic
ZTF18absliyc,ZTF18absliyc_alert_13.npy,SN Ic
ZTF18absliyc,ZTF18absliyc_alert_14.npy,SN Ic
ZTF18absliyc,ZTF18absliyc_alert_16.npy,SN Ic
ZTF18absliyc,ZTF18absliyc_alert_17.npy,SN Ic
ZTF18absliyc,ZTF18absliyc_alert_18.npy,SN Ic
ZTF18absliyc,ZTF18absliyc_alert_19.npy,SN Ic
ZTF18absliyc,ZTF18absliyc_alert_21.npy,SN Ic
ZTF18absliyc,ZTF18absliyc_alert_22.npy,SN Ic
ZTF18absliyc,ZTF18absliyc_alert_23.npy,SN Ic
ZTF18absltuj,ZTF18absltuj_alert_1.npy,AGN
ZTF18absmoql,ZTF18absmoql_alert_1.npy,Cataclysmic
ZTF18absnibc,ZTF18absnibc_alert_4.npy,Cataclysmic
ZTF18absnibc,ZTF18absnibc_alert_5.npy,Cataclysmic
ZTF18absnibc,ZTF18absnibc_alert_6.npy,Cataclysmic
ZTF18absnibc,ZTF18absnibc_alert_7.npy,Cataclysmic
ZTF18absunxx,ZTF18absunxx_alert_1.npy,Cataclysmic
ZTF18absyyig,ZTF18absyyig_alert_2.npy,SN Ia
ZTF18absyyig,ZTF18absyyig_alert_3.npy,SN Ia
ZTF18abtgnxs,ZTF18abtgnxs_alert_10.npy,AGN
ZTF18abtgnxs,ZTF18abtgnxs_alert_11.npy,AGN
ZTF18abtgnxs,ZTF18abtgnxs_alert_12.npy,AGN
ZTF18abtgnxs,ZTF18abtgnxs_alert_13.npy,AGN
ZTF18abtgnxs,ZTF18abtgnxs_alert_14.npy,AGN
ZTF18abtgnxs,ZTF18abtgnxs_alert_7.npy,AGN
ZTF18abtgnxs,ZTF18abtgnxs_alert_8.npy,AGN
ZTF18abtgnxs,ZTF18abtgnxs_alert_9.npy,AGN
ZTF18abthqde,ZTF18abthqde_alert_4.npy,Cataclysmic
ZTF18abthqde,ZTF18abthqde_alert_5.npy,Cataclysmic
ZTF18abthqde,ZTF18abthqde_alert_6.npy,Cataclysmic
ZTF18abthqde,ZTF18abthqde_alert_7.npy,Cataclysmic
ZTF18abtizrj,ZTF18abtizrj_alert_10.npy,Cataclysmic
ZTF18abtizrj,ZTF18abtizrj_alert_11.npy,Cataclysmic
ZTF18abtizrj,ZTF18abtizrj_alert_12.npy,Cataclysmic
ZTF18abtizrj,ZTF18abtizrj_alert_13.npy,Cataclysmic
ZTF18abtizrj,ZTF18abtizrj_alert_14.npy,Cataclysmic
ZTF18abtizrj,ZTF18abtizrj_alert_15.npy,Cataclysmic
ZTF18abtizrj,ZTF18abtizrj_alert_16.npy,Cataclysmic
ZTF18abtizrj,ZTF18abtizrj_alert_17.npy,Cataclysmic
ZTF18abtizrj,ZTF18abtizrj_alert_18.npy,Cataclysmic
ZTF18abtizrj,ZTF18abtizrj_alert_19.npy,Cataclysmic
ZTF18abtmnrx,ZTF18abtmnrx_alert_10.npy,AGN
ZTF18abtmnrx,ZTF18abtmnrx_alert_11.npy,AGN
ZTF18abtmnrx,ZTF18abtmnrx_alert_12.npy,AGN
ZTF18abtmnrx,ZTF18abtmnrx_alert_6.npy,AGN
ZTF18abtmnrx,ZTF18abtmnrx_alert_7.npy,AGN
ZTF18abtmnrx,ZTF18abtmnrx_alert_8.npy,AGN
ZTF18abtmnrx,ZTF18abtmnrx_alert_9.npy,AGN
ZTF18abtmtfy,ZTF18abtmtfy_alert_10.npy,SN Ia
ZTF18abtmtfy,ZTF18abtmtfy_alert_11.npy,SN Ia
ZTF18abtmtfy,ZTF18abtmtfy_alert_12.npy,SN Ia
ZTF18abtmtfy,ZTF18abtmtfy_alert_13.npy,SN Ia
ZTF18abtmtfy,ZTF18abtmtfy_alert_14.npy,SN Ia
ZTF18abtmtfy,ZTF18abtmtfy_alert_15.npy,SN Ia
ZTF18abtmtfy,ZTF18abtmtfy_alert_16.npy,SN Ia
ZTF18abtmtfy,ZTF18abtmtfy_alert_17.npy,SN Ia
ZTF18abtmtfy,ZTF18abtmtfy_alert_9.npy,SN Ia
ZTF18abtrknw,ZTF18abtrknw_alert_2.npy,SN IIP
ZTF18abtrknw,ZTF18abtrknw_alert_3.npy,SN IIP
ZTF18abtrknw,ZTF18abtrknw_alert_4.npy,SN IIP
ZTF18abtslka,ZTF18abtslka_alert_3.npy,AGN
ZTF18abtslka,ZTF18abtslka_alert_4.npy,AGN
ZTF18abtslka,ZTF18abtslka_alert_5.npy,AGN
ZTF18abtslka,ZTF18abtslka_alert_6.npy,AGN
ZTF18abtswjk,ZTF18abtswjk_alert_12.npy,SN IIn
ZTF18abtswjk,ZTF18abtswjk_alert_13.npy,SN IIn
ZTF18abtswjk,ZTF18abtswjk_alert_14.npy,SN IIn
ZTF18abtswjk,ZTF18abtswjk_alert_16.npy,SN IIn
ZTF18abtswjk,ZTF18abtswjk_alert_17.npy,SN IIn
ZTF18abtswjk,ZTF18abtswjk_alert_18.npy,SN IIn
ZTF18abtswjk,ZTF18abtswjk_alert_19.npy,SN IIn
ZTF18abtswjk,ZTF18abtswjk_alert_21.npy,SN IIn
ZTF18abtswjk,ZTF18abtswjk_alert_22.npy,SN IIn
ZTF18abtswjk,ZTF18abtswjk_alert_23.npy,SN IIn
ZTF18abtuzwc,ZTF18abtuzwc_alert_1.npy,Cataclysmic
ZTF18abtuzwc,ZTF18abtuzwc_alert_2.npy,Cataclysmic
ZTF18abuclqi,ZTF18abuclqi_alert_1.npy,Cataclysmic
ZTF18abucoyd,ZTF18abucoyd_alert_10.npy,Cataclysmic
ZTF18abucoyd,ZTF18abucoyd_alert_11.npy,Cataclysmic
ZTF18abucoyd,ZTF18abucoyd_alert_6.npy,Cataclysmic
ZTF18abucoyd,ZTF18abucoyd_alert_7.npy,Cataclysmic
ZTF18abucoyd,ZTF18abucoyd_alert_8.npy,Cataclysmic
ZTF18abucoyd,ZTF18abucoyd_alert_9.npy,Cataclysmic
ZTF18abuicad,ZTF18abuicad_alert_10.npy,SN II
ZTF18abuicad,ZTF18abuicad_alert_11.npy,SN II
ZTF18abuicad,ZTF18abuicad_alert_12.npy,SN II
ZTF18abuicad,ZTF18abuicad_alert_13.npy,SN II
ZTF18abuicad,ZTF18abuicad_alert_14.npy,SN II
ZTF18abuicad,ZTF18abuicad_alert_15.npy,SN II
ZTF18abuicad,ZTF18abuicad_alert_16.npy,SN II
ZTF18abuicad,ZTF18abuicad_alert_17.npy,SN II
ZTF18abuicad,ZTF18abuicad_alert_18.npy,SN II
ZTF18abuicad,ZTF18abuicad_alert_19.npy,SN II
ZTF18abulqzb,ZTF18abulqzb_alert_4.npy,Cataclysmic
ZTF18abulqzb,ZTF18abulqzb_alert_5.npy,Cataclysmic
ZTF18abulqzb,ZTF18abulqzb_alert_6.npy,Cataclysmic
ZTF18abulqzb,ZTF18abulqzb_alert_7.npy,Cataclysmic
ZTF18abuqhje,ZTF18abuqhje_alert_1.npy,SN IIP
ZTF18abuwcul,ZTF18abuwcul_alert_3.npy,AGN
ZTF18abuwcul,ZTF18abuwcul_alert_4.npy,AGN
ZTF18abuwcul,ZTF18abuwcul_alert_5.npy,AGN
ZTF18abvassm,ZTF18abvassm_alert_2.npy,Cataclysmic
ZTF18abvassm,ZTF18abvassm_alert_3.npy,Cataclysmic
ZTF18abvbesl,ZTF18abvbesl_alert_3.npy,Cataclysmic
ZTF18abvbesl,ZTF18abvbesl_alert_4.npy,Cataclysmic
ZTF18abvbesl,ZTF18abvbesl_alert_5.npy,Cataclysmic
ZTF18abvbesl,ZTF18abvbesl_alert_6.npy,Cataclysmic
ZTF18abvbqyo,ZTF18abvbqyo_alert_10.npy,Cataclysmic
ZTF18abvbqyo,ZTF18abvbqyo_alert_5.npy,Cataclysmic
ZTF18abvbqyo,ZTF18abvbqyo_alert_6.npy,Cataclysmic
ZTF18abvbqyo,ZTF18abvbqyo_alert_7.npy,Cataclysmic
ZTF18abvbqyo,ZTF18abvbqyo_alert_8.npy,Cataclysmic
ZTF18abvbqyo,ZTF18abvbqyo_alert_9.npy,Cataclysmic
ZTF18abvejqt,ZTF18abvejqt_alert_4.npy,SN IIP
ZTF18abvejqt,ZTF18abvejqt_alert_5.npy,SN IIP
ZTF18abvejqt,ZTF18abvejqt_alert_6.npy,SN IIP
ZTF18abvejqt,ZTF18abvejqt_alert_7.npy,SN IIP
ZTF18abvfecb,ZTF18abvfecb_alert_10.npy,SN IIP
ZTF18abvfecb,ZTF18abvfecb_alert_11.npy,SN IIP
ZTF18abvfecb,ZTF18abvfecb_alert_12.npy,SN IIP
ZTF18abvfecb,ZTF18abvfecb_alert_13.npy,SN IIP
ZTF18abvfecb,ZTF18abvfecb_alert_14.npy,SN IIP
ZTF18abvfecb,ZTF18abvfecb_alert_15.npy,SN IIP
ZTF18abvfecb,ZTF18abvfecb_alert_16.npy,SN IIP
ZTF18abvfecb,ZTF18abvfecb_alert_8.npy,SN IIP
ZTF18abvfecb,ZTF18abvfecb_alert_9.npy,SN IIP
ZTF18abvgivy,ZTF18abvgivy_alert_1.npy,SN IIP
ZTF18abvgivy,ZTF18abvgivy_alert_2.npy,SN IIP
ZTF18abvgjft,ZTF18abvgjft_alert_2.npy,SN IIP
ZTF18abvgjft,ZTF18abvgjft_alert_3.npy,SN IIP
ZTF18abvgjgb,ZTF18abvgjgb_alert_1.npy,SN IIn
ZTF18abvgjgb,ZTF18abvgjgb_alert_2.npy,SN IIn
ZTF18abvtcve,ZTF18abvtcve_alert_10.npy,AGN
ZTF18abvtcve,ZTF18abvtcve_alert_5.npy,AGN
ZTF18abvtcve,ZTF18abvtcve_alert_6.npy,AGN
ZTF18abvtcve,ZTF18abvtcve_alert_7.npy,AGN
ZTF18abvtcve,ZTF18abvtcve_alert_8.npy,AGN
ZTF18abvtcve,ZTF18abvtcve_alert_9.npy,AGN
ZTF18abvvmdf,ZTF18abvvmdf_alert_26.npy,SN IIP
ZTF18abvvmdf,ZTF18abvvmdf_alert_29.npy,SN IIP
ZTF18abvvmdf,ZTF18abvvmdf_alert_32.npy,SN IIP
ZTF18abvvmdf,ZTF18abvvmdf_alert_35.npy,SN IIP
ZTF18abvvmdf,ZTF18abvvmdf_alert_38.npy,SN IIP
ZTF18abvvmdf,ZTF18abvvmdf_alert_40.npy,SN IIP
ZTF18abvvmdf,ZTF18abvvmdf_alert_43.npy,SN IIP
ZTF18abvvmdf,ZTF18abvvmdf_alert_46.npy,SN IIP
ZTF18abvvmdf,ZTF18abvvmdf_alert_49.npy,SN IIP
ZTF18abvvmdf,ZTF18abvvmdf_alert_52.npy,SN IIP
ZTF18abvwpnt,ZTF18abvwpnt_alert_2.npy,Cataclysmic
ZTF18abvwpnt,ZTF18abvwpnt_alert_3.npy,Cataclysmic
ZTF18abvwqtp,ZTF18abvwqtp_alert_1.npy,AGN
ZTF18abvxoty,ZTF18abvxoty_alert_2.npy,SN IIP
ZTF18abvxoty,ZTF18abvxoty_alert_3.npy,SN IIP
ZTF18abwcgrm,ZTF18abwcgrm_alert_1.npy,AGN
ZTF18abwclem,ZTF18abwclem_alert_1.npy,SN Ia
ZTF18abwclem,ZTF18abwclem_alert_2.npy,SN Ia
ZTF18abwerpm,ZTF18abwerpm_alert_1.npy,SN Ia
ZTF18abwlsoi,ZTF18abwlsoi_alert_28.npy,SN IIP
ZTF18abwlsoi,ZTF18abwlsoi_alert_31.npy,SN IIP
ZTF18abwlsoi,ZTF18abwlsoi_alert_34.npy,SN IIP
ZTF18abwlsoi,ZTF18abwlsoi_alert_37.npy,SN IIP
ZTF18abwlsoi,ZTF18abwlsoi_alert_40.npy,SN IIP
ZTF18abwlsoi,ZTF18abwlsoi_alert_44.npy,SN IIP
ZTF18abwlsoi,ZTF18abwlsoi_alert_47.npy,SN IIP
ZTF18abwlsoi,ZTF18abwlsoi_alert_50.npy,SN IIP
ZTF18abwlsoi,ZTF18abwlsoi_alert_53.npy,SN IIP
ZTF18abwlsoi,ZTF18abwlsoi_alert_56.npy,SN IIP
ZTF18abxbhov,ZTF18abxbhov_alert_10.npy,SN IIn
ZTF18abxbhov,ZTF18abxbhov_alert_11.npy,SN IIn
ZTF18abxbhov,ZTF18abxbhov_alert_12.npy,SN IIn
ZTF18abxbhov,ZTF18abxbhov_alert_13.npy,SN IIn
ZTF18abxbhov,ZTF18abxbhov_alert_14.npy,SN IIn
ZTF18abxbhov,ZTF18abxbhov_alert_15.npy,SN IIn
ZTF18abxbhov,ZTF18abxbhov_alert_8.npy,SN IIn
ZTF18abxbhov,ZTF18abxbhov_alert_9.npy,SN IIn
ZTF18abxbmcl,ZTF18abxbmcl_alert_1.npy,SN IIP
ZTF18abxbmcl,ZTF18abxbmcl_alert_2.npy,SN IIP
ZTF18abxdtyz,ZTF18abxdtyz_alert_3.npy,SN IIP
ZTF18abxdtyz,ZTF18abxdtyz_alert_4.npy,SN IIP
ZTF18abxdtyz,ZTF18abxdtyz_alert_5.npy,SN IIP
ZTF18abxftqm,ZTF18abxftqm_alert_2.npy,Tidal Disruption Event
ZTF18abxftqm,ZTF18abxftqm_alert_3.npy,Tidal Disruption Event
ZTF18abxjekh,ZTF18abxjekh_alert_1.npy,SN IIb
ZTF18abxkbzz,ZTF18abxkbzz_alert_3.npy,Cataclysmic
ZTF18abxkbzz,ZTF18abxkbzz_alert_4.npy,Cataclysmic
ZTF18abxkbzz,ZTF18abxkbzz_alert_5.npy,Cataclysmic
ZTF18abyjgcx,ZTF18abyjgcx_alert_10.npy,AGN
ZTF18abyjgcx,ZTF18abyjgcx_alert_11.npy,AGN
ZTF18abyjgcx,ZTF18abyjgcx_alert_12.npy,AGN
ZTF18abyjgcx,ZTF18abyjgcx_alert_13.npy,AGN
ZTF18abyjgcx,ZTF18abyjgcx_alert_7.npy,AGN
ZTF18abyjgcx,ZTF18abyjgcx_alert_8.npy,AGN
ZTF18abyjgcx,ZTF18abyjgcx_alert_9.npy,AGN
ZTF18abyukaz,ZTF18abyukaz_alert_10.npy,Cataclysmic
ZTF18abyukaz,ZTF18abyukaz_alert_11.npy,Cataclysmic
ZTF18abyukaz,ZTF18abyukaz_alert_12.npy,Cataclysmic
ZTF18abyukaz,ZTF18abyukaz_alert_13.npy,Cataclysmic
ZTF18abyukaz,ZTF18abyukaz_alert_7.npy,Cataclysmic
ZTF18abyukaz,ZTF18abyukaz_alert_8.npy,Cataclysmic
ZTF18abyukaz,ZTF18abyukaz_alert_9.npy,Cataclysmic
ZTF18abyzkeq,ZTF18abyzkeq_alert_5.npy,Cataclysmic
ZTF18abyzkeq,ZTF18abyzkeq_alert_6.npy,Cataclysmic
ZTF18abyzkeq,ZTF18abyzkeq_alert_7.npy,Cataclysmic
ZTF18abyzkeq,ZTF18abyzkeq_alert_8.npy,Cataclysmic
ZTF18abyzkeq,ZTF18abyzkeq_alert_9.npy,Cataclysmic
ZTF18abyzmsb,ZTF18abyzmsb_alert_3.npy,Cataclysmic
ZTF18abyzmsb,ZTF18abyzmsb_alert_4.npy,Cataclysmic
ZTF18abyzmsb,ZTF18abyzmsb_alert_5.npy,Cataclysmic
ZTF18abzpbpi,ZTF18abzpbpi_alert_3.npy,SN Ia
ZTF18abzpbpi,ZTF18abzpbpi_alert_4.npy,SN Ia
ZTF18abzpbpi,ZTF18abzpbpi_alert_5.npy,SN Ia
ZTF18abzrgim,ZTF18abzrgim_alert_1.npy,SN IIP
ZTF18abzscns,ZTF18abzscns_alert_3.npy,SN IIP
ZTF18abzscns,ZTF18abzscns_alert_4.npy,SN IIP
ZTF18abzscns,ZTF18abzscns_alert_5.npy,SN IIP
ZTF18abzscns,ZTF18abzscns_alert_6.npy,SN IIP
ZTF18abztcib,ZTF18abztcib_alert_10.npy,Cataclysmic
ZTF18abztcib,ZTF18abztcib_alert_5.npy,Cataclysmic
ZTF18abztcib,ZTF18abztcib_alert_6.npy,Cataclysmic
ZTF18abztcib,ZTF18abztcib_alert_7.npy,Cataclysmic
ZTF18abztcib,ZTF18abztcib_alert_8.npy,Cataclysmic
ZTF18abztcib,ZTF18abztcib_alert_9.npy,Cataclysmic
ZTF18acahvwm,ZTF18acahvwm_alert_1.npy,SN IIb
ZTF18acakwsu,ZTF18acakwsu_alert_3.npy,SN IIP
ZTF18acakwsu,ZTF18acakwsu_alert_4.npy,SN IIP
ZTF18acakwsu,ZTF18acakwsu_alert_5.npy,SN IIP
ZTF18acaqdaa,ZTF18acaqdaa_alert_1.npy,Tidal Disruption Event
ZTF18acaqdaa,ZTF18acaqdaa_alert_2.npy,Tidal Disruption Event
ZTF18acbuemc,ZTF18acbuemc_alert_3.npy,SN IIP
ZTF18acbuemc,ZTF18acbuemc_alert_4.npy,SN IIP
ZTF18acbuemc,ZTF18acbuemc_alert_5.npy,SN IIP
ZTF18acbufud,ZTF18acbufud_alert_3.npy,SN Ia
ZTF18acbufud,ZTF18acbufud_alert_4.npy,SN Ia
ZTF18acbufud,ZTF18acbufud_alert_5.npy,SN Ia
ZTF18acbujhw,ZTF18acbujhw_alert_10.npy,SN Ia
ZTF18acbujhw,ZTF18acbujhw_alert_11.npy,SN Ia
ZTF18acbujhw,ZTF18acbujhw_alert_12.npy,SN Ia
ZTF18acbujhw,ZTF18acbujhw_alert_13.npy,SN Ia
ZTF18acbujhw,ZTF18acbujhw_alert_7.npy,SN Ia
ZTF18acbujhw,ZTF18acbujhw_alert_8.npy,SN Ia
ZTF18acbujhw,ZTF18acbujhw_alert_9.npy,SN Ia
ZTF18acbvahw,ZTF18acbvahw_alert_3.npy,SN Ib
ZTF18acbvahw,ZTF18acbvahw_alert_4.npy,SN Ib
ZTF18acbvahw,ZTF18acbvahw_alert_5.npy,SN Ib
ZTF18acbvahw,ZTF18acbvahw_alert_6.npy,SN Ib
ZTF18acbvgqw,ZTF18acbvgqw_alert_3.npy,SN Ia
ZTF18acbvgqw,ZTF18acbvgqw_alert_4.npy,SN Ia
ZTF18acbvgqw,ZTF18acbvgqw_alert_5.npy,SN Ia
ZTF18acbvhit,ZTF18acbvhit_alert_3.npy,SN IIP
ZTF18acbvhit,ZTF18acbvhit_alert_4.npy,SN IIP
ZTF18acbvhit,ZTF18acbvhit_alert_5.npy,SN IIP
ZTF18acbvhit,ZTF18acbvhit_alert_6.npy,SN IIP
ZTF18acbvkwl,ZTF18acbvkwl_alert_3.npy,AGN
ZTF18acbvkwl,ZTF18acbvkwl_alert_4.npy,AGN
ZTF18acbvkwl,ZTF18acbvkwl_alert_5.npy,AGN
ZTF18acbwaxk,ZTF18acbwaxk_alert_100.npy,SN IIP
ZTF18acbwaxk,ZTF18acbwaxk_alert_107.npy,SN IIP
ZTF18acbwaxk,ZTF18acbwaxk_alert_113.npy,SN IIP
ZTF18acbwaxk,ZTF18acbwaxk_alert_120.npy,SN IIP
ZTF18acbwaxk,ZTF18acbwaxk_alert_60.npy,SN IIP
ZTF18acbwaxk,ZTF18acbwaxk_alert_67.npy,SN IIP
ZTF18acbwaxk,ZTF18acbwaxk_alert_73.npy,SN IIP
ZTF18acbwaxk,ZTF18acbwaxk_alert_80.npy,SN IIP
ZTF18acbwaxk,ZTF18acbwaxk_alert_87.npy,SN IIP
ZTF18acbwaxk,ZTF18acbwaxk_alert_93.npy,SN IIP
ZTF18acbwglb,ZTF18acbwglb_alert_1.npy,SN IIP
ZTF18acbwglb,ZTF18acbwglb_alert_2.npy,SN IIP
ZTF18acbwkso,ZTF18acbwkso_alert_3.npy,Cataclysmic
ZTF18acbwkso,ZTF18acbwkso_alert_4.npy,Cataclysmic
ZTF18acbwkso,ZTF18acbwkso_alert_5.npy,Cataclysmic
ZTF18acbwkso,ZTF18acbwkso_alert_6.npy,Cataclysmic
ZTF18acbwlpj,ZTF18acbwlpj_alert_16.npy,SN Ia
ZTF18acbwlpj,ZTF18acbwlpj_alert_18.npy,SN Ia
ZTF18acbwlpj,ZTF18acbwlpj_alert_20.npy,SN Ia
ZTF18acbwlpj,ZTF18acbwlpj_alert_21.npy,SN Ia
ZTF18acbwlpj,ZTF18acbwlpj_alert_23.npy,SN Ia
ZTF18acbwlpj,ZTF18acbwlpj_alert_25.npy,SN Ia
ZTF18acbwlpj,ZTF18acbwlpj_alert_27.npy,SN Ia
ZTF18acbwlpj,ZTF18acbwlpj_alert_28.npy,SN Ia
ZTF18acbwlpj,ZTF18acbwlpj_alert_30.npy,SN Ia
ZTF18acbwlpj,ZTF18acbwlpj_alert_32.npy,SN Ia
ZTF18acbwopo,ZTF18acbwopo_alert_22.npy,SN IIP
ZTF18acbwopo,ZTF18acbwopo_alert_24.npy,SN IIP
ZTF18acbwopo,ZTF18acbwopo_alert_27.npy,SN IIP
ZTF18acbwopo,ZTF18acbwopo_alert_29.npy,SN IIP
ZTF18acbwopo,ZTF18acbwopo_alert_32.npy,SN IIP
ZTF18acbwopo,ZTF18acbwopo_alert_34.npy,SN IIP
ZTF18acbwopo,ZTF18acbwopo_alert_37.npy,SN IIP
ZTF18acbwopo,ZTF18acbwopo_alert_39.npy,SN IIP
ZTF18acbwopo,ZTF18acbwopo_alert_42.npy,SN IIP
ZTF18acbwopo,ZTF18acbwopo_alert_44.npy,SN IIP
ZTF18acbwppb,ZTF18acbwppb_alert_10.npy,SN Ia
ZTF18acbwppb,ZTF18acbwppb_alert_11.npy,SN Ia
ZTF18acbwppb,ZTF18acbwppb_alert_12.npy,SN Ia
ZTF18acbwppb,ZTF18acbwppb_alert_13.npy,SN Ia
ZTF18acbwppb,ZTF18acbwppb_alert_14.npy,SN Ia
ZTF18acbwppb,ZTF18acbwppb_alert_15.npy,SN Ia
ZTF18acbwppb,ZTF18acbwppb_alert_16.npy,SN Ia
ZTF18acbwppb,ZTF18acbwppb_alert_17.npy,SN Ia
ZTF18acbwppb,ZTF18acbwppb_alert_18.npy,SN Ia
ZTF18acbwppb,ZTF18acbwppb_alert_19.npy,SN Ia
ZTF18acbwtng,ZTF18acbwtng_alert_4.npy,SN IIP
ZTF18acbwtng,ZTF18acbwtng_alert_5.npy,SN IIP
ZTF18acbwtng,ZTF18acbwtng_alert_6.npy,SN IIP
ZTF18acbwtng,ZTF18acbwtng_alert_7.npy,SN IIP
ZTF18acbwvsp,ZTF18acbwvsp_alert_13.npy,SN IIn
ZTF18acbwvsp,ZTF18acbwvsp_alert_14.npy,SN IIn
ZTF18acbwvsp,ZTF18acbwvsp_alert_16.npy,SN IIn
ZTF18acbwvsp,ZTF18acbwvsp_alert_17.npy,SN IIn
ZTF18acbwvsp,ZTF18acbwvsp_alert_18.npy,SN IIn
ZTF18acbwvsp,ZTF18acbwvsp_alert_20.npy,SN IIn
ZTF18acbwvsp,ZTF18acbwvsp_alert_21.npy,SN IIn
ZTF18acbwvsp,ZTF18acbwvsp_alert_22.npy,SN IIn
ZTF18acbwvsp,ZTF18acbwvsp_alert_24.npy,SN IIn
ZTF18acbwvsp,ZTF18acbwvsp_alert_25.npy,SN IIn
ZTF18acbxmvy,ZTF18acbxmvy_alert_10.npy,SN Ia
ZTF18acbxmvy,ZTF18acbxmvy_alert_11.npy,SN Ia
ZTF18acbxmvy,ZTF18acbxmvy_alert_12.npy,SN Ia
ZTF18acbxmvy,ZTF18acbxmvy_alert_13.npy,SN Ia
ZTF18acbxmvy,ZTF18acbxmvy_alert_14.npy,SN Ia
ZTF18acbxmvy,ZTF18acbxmvy_alert_15.npy,SN Ia
ZTF18acbxmvy,ZTF18acbxmvy_alert_16.npy,SN Ia
ZTF18acbxmvy,ZTF18acbxmvy_alert_17.npy,SN Ia
ZTF18acbxmvy,ZTF18acbxmvy_alert_18.npy,SN Ia
ZTF18acbxmvy,ZTF18acbxmvy_alert_9.npy,SN Ia
ZTF18acbxphq,ZTF18acbxphq_alert_13.npy,Cataclysmic
ZTF18acbxphq,ZTF18acbxphq_alert_14.npy,Cataclysmic
ZTF18acbxphq,ZTF18acbxphq_alert_16.npy,Cataclysmic
ZTF18acbxphq,ZTF18acbxphq_alert_17.npy,Cataclysmic
ZTF18acbxphq,ZTF18acbxphq_alert_18.npy,Cataclysmic
ZTF18acbxphq,ZTF18acbxphq_alert_20.npy,Cataclysmic
ZTF18acbxphq,ZTF18acbxphq_alert_21.npy,Cataclysmic
ZTF18acbxphq,ZTF18acbxphq_alert_22.npy,Cataclysmic
ZTF18acbxphq,ZTF18acbxphq_alert_24.npy,Cataclysmic
ZTF18acbxphq,ZTF18acbxphq_alert_25.npy,Cataclysmic
ZTF18acbxsge,ZTF18acbxsge_alert_10.npy,SN Ia
ZTF18acbxsge,ZTF18acbxsge_alert_11.npy,SN Ia
ZTF18acbxsge,ZTF18acbxsge_alert_12.npy,SN Ia
ZTF18acbxsge,ZTF18acbxsge_alert_13.npy,SN Ia
ZTF18acbxsge,ZTF18acbxsge_alert_14.npy,SN Ia
ZTF18acbxsge,ZTF18acbxsge_alert_15.npy,SN Ia
ZTF18acbxsge,ZTF18acbxsge_alert_16.npy,SN Ia
ZTF18acbxsge,ZTF18acbxsge_alert_17.npy,SN Ia
ZTF18acbxsge,ZTF18acbxsge_alert_18.npy,SN Ia
ZTF18acbxsge,ZTF18acbxsge_alert_19.npy,SN Ia
ZTF18acbzitw,ZTF18acbzitw_alert_11.npy,Cataclysmic
ZTF18acbzitw,ZTF18acbzitw_alert_12.npy,Cataclysmic
ZTF18acbzitw,ZTF18acbzitw_alert_13.npy,Cataclysmic
ZTF18acbzitw,ZTF18acbzitw_alert_15.npy,Cataclysmic
ZTF18acbzitw,ZTF18acbzitw_alert_16.npy,Cataclysmic
ZTF18acbzitw,ZTF18acbzitw_alert_17.npy,Cataclysmic
ZTF18acbzitw,ZTF18acbzitw_alert_18.npy,Cataclysmic
ZTF18acbzitw,ZTF18acbzitw_alert_20.npy,Cataclysmic
ZTF18acbzitw,ZTF18acbzitw_alert_21.npy,Cataclysmic
ZTF18acbzitw,ZTF18acbzitw_alert_22.npy,Cataclysmic
ZTF18acbzpxx,ZTF18acbzpxx_alert_11.npy,SN Ia
ZTF18acbzpxx,ZTF18acbzpxx_alert_12.npy,SN Ia
ZTF18acbzpxx,ZTF18acbzpxx_alert_13.npy,SN Ia
ZTF18acbzpxx,ZTF18acbzpxx_alert_14.npy,SN Ia
ZTF18acbzpxx,ZTF18acbzpxx_alert_15.npy,SN Ia
ZTF18acbzpxx,ZTF18acbzpxx_alert_17.npy,SN Ia
ZTF18acbzpxx,ZTF18acbzpxx_alert_18.npy,SN Ia
ZTF18acbzpxx,ZTF18acbzpxx_alert_19.npy,SN Ia
ZTF18acbzpxx,ZTF18acbzpxx_alert_20.npy,SN Ia
ZTF18acbzpxx,ZTF18acbzpxx_alert_21.npy,SN Ia
ZTF18accaqrr,ZTF18accaqrr_alert_23.npy,SN Ib
ZTF18accaqrr,ZTF18accaqrr_alert_25.npy,SN Ib
ZTF18accaqrr,ZTF18accaqrr_alert_28.npy,SN Ib
ZTF18accaqrr,ZTF18accaqrr_alert_30.npy,SN Ib
ZTF18accaqrr,ZTF18accaqrr_alert_33.npy,SN Ib
ZTF18accaqrr,ZTF18accaqrr_alert_35.npy,SN Ib
ZTF18accaqrr,ZTF18accaqrr_alert_38.npy,SN Ib
ZTF18accaqrr,ZTF18accaqrr_alert_40.npy,SN Ib
ZTF18accaqrr,ZTF18accaqrr_alert_43.npy,SN Ib
ZTF18accaqrr,ZTF18accaqrr_alert_45.npy,SN Ib
ZTF18accbwow,ZTF18accbwow_alert_10.npy,SN IIP
ZTF18accbwow,ZTF18accbwow_alert_11.npy,SN IIP
ZTF18accbwow,ZTF18accbwow_alert_6.npy,SN IIP
ZTF18accbwow,ZTF18accbwow_alert_7.npy,SN IIP
ZTF18accbwow,ZTF18accbwow_alert_8.npy,SN IIP
ZTF18accbwow,ZTF18accbwow_alert_9.npy,SN IIP
ZTF18accdzju,ZTF18accdzju_alert_21.npy,SN IIn
ZTF18accdzju,ZTF18accdzju_alert_23.npy,SN IIn
ZTF18accdzju,ZTF18accdzju_alert_25.npy,SN IIn
ZTF18accdzju,ZTF18accdzju_alert_28.npy,SN IIn
ZTF18accdzju,ZTF18accdzju_alert_30.npy,SN IIn
ZTF18accdzju,ZTF18accdzju_alert_32.npy,SN IIn
ZTF18accdzju,ZTF18accdzju_alert_34.npy,SN IIn
ZTF18accdzju,ZTF18accdzju_alert_37.npy,SN IIn
ZTF18accdzju,ZTF18accdzju_alert_39.npy,SN IIn
ZTF18accdzju,ZTF18accdzju_alert_41.npy,SN IIn
ZTF18accfjmp,ZTF18accfjmp_alert_12.npy,SN IIP
ZTF18accfjmp,ZTF18accfjmp_alert_13.npy,SN IIP
ZTF18accfjmp,ZTF18accfjmp_alert_15.npy,SN IIP
ZTF18accfjmp,ZTF18accfjmp_alert_16.npy,SN IIP
ZTF18accfjmp,ZTF18accfjmp_alert_17.npy,SN IIP
ZTF18accfjmp,ZTF18accfjmp_alert_19.npy,SN IIP
ZTF18accfjmp,ZTF18accfjmp_alert_20.npy,SN IIP
ZTF18accfjmp,ZTF18accfjmp_alert_21.npy,SN IIP
ZTF18accfjmp,ZTF18accfjmp_alert_23.npy,SN IIP
ZTF18accfjmp,ZTF18accfjmp_alert_24.npy,SN IIP
ZTF18accjqzu,ZTF18accjqzu_alert_10.npy,SN Ia
ZTF18accjqzu,ZTF18accjqzu_alert_11.npy,SN Ia
ZTF18accjqzu,ZTF18accjqzu_alert_12.npy,SN Ia
ZTF18accjqzu,ZTF18accjqzu_alert_13.npy,SN Ia
ZTF18accjqzu,ZTF18accjqzu_alert_14.npy,SN Ia
ZTF18accjqzu,ZTF18accjqzu_alert_7.npy,SN Ia
ZTF18accjqzu,ZTF18accjqzu_alert_8.npy,SN Ia
ZTF18accjqzu,ZTF18accjqzu_alert_9.npy,SN Ia
ZTF18accmkud,ZTF18accmkud_alert_10.npy,SN IIP
ZTF18accmkud,ZTF18accmkud_alert_5.npy,SN IIP
ZTF18accmkud,ZTF18accmkud_alert_6.npy,SN IIP
ZTF18accmkud,ZTF18accmkud_alert_7.npy,SN IIP
ZTF18accmkud,ZTF18accmkud_alert_8.npy,SN IIP
ZTF18accmkud,ZTF18accmkud_alert_9.npy,SN IIP
ZTF18accngxc,ZTF18accngxc_alert_2.npy,SN IIP
ZTF18accngxc,ZTF18accngxc_alert_3.npy,SN IIP
ZTF18accnoli,ZTF18accnoli_alert_12.npy,SN IIb
ZTF18accnoli,ZTF18accnoli_alert_13.npy,SN IIb
ZTF18accnoli,ZTF18accnoli_alert_15.npy,SN IIb
ZTF18accnoli,ZTF18accnoli_alert_16.npy,SN IIb
ZTF18accnoli,ZTF18accnoli_alert_17.npy,SN IIb
ZTF18accnoli,ZTF18accnoli_alert_19.npy,SN IIb
ZTF18accnoli,ZTF18accnoli_alert_20.npy,SN IIb
ZTF18accnoli,ZTF18accnoli_alert_21.npy,SN IIb
ZTF18accnoli,ZTF18accnoli_alert_23.npy,SN IIb
ZTF18accnoli,ZTF18accnoli_alert_24.npy,SN IIb
ZTF18accrorf,ZTF18accrorf_alert_2.npy,SN Ia
ZTF18acdvrfu,ZTF18acdvrfu_alert_1.npy,SN IIP
ZTF18acdvrfu,ZTF18acdvrfu_alert_2.npy,SN IIP
ZTF18aceaape,ZTF18aceaape_alert_1.npy,AGN
ZTF18aceaape,ZTF18aceaape_alert_2.npy,AGN
ZTF18acebssa,ZTF18acebssa_alert_3.npy,SN IIP
ZTF18acebssa,ZTF18acebssa_alert_4.npy,SN IIP
ZTF18acebssa,ZTF18acebssa_alert_5.npy,SN IIP
ZTF18aceynvm,ZTF18aceynvm_alert_10.npy,SN Ia
ZTF18aceynvm,ZTF18aceynvm_alert_11.npy,SN Ia
ZTF18aceynvm,ZTF18aceynvm_alert_12.npy,SN Ia
ZTF18aceynvm,ZTF18aceynvm_alert_13.npy,SN Ia
ZTF18aceynvm,ZTF18aceynvm_alert_14.npy,SN Ia
ZTF18aceynvm,ZTF18aceynvm_alert_15.npy,SN Ia
ZTF18aceynvm,ZTF18aceynvm_alert_8.npy,SN Ia
ZTF18aceynvm,ZTF18aceynvm_alert_9.npy,SN Ia
ZTF18acgdepq,ZTF18acgdepq_alert_3.npy,Cataclysmic
ZTF18acgdepq,ZTF18acgdepq_alert_4.npy,Cataclysmic
ZTF18acgdepq,ZTF18acgdepq_alert_5.npy,Cataclysmic
ZTF18achcpwu,ZTF18achcpwu_alert_1.npy,SN Ic
ZTF18achondo,ZTF18achondo_alert_1.npy,AGN
ZTF18achrter,ZTF18achrter_alert_10.npy,Cataclysmic
ZTF18achrter,ZTF18achrter_alert_11.npy,Cataclysmic
ZTF18achrter,ZTF18achrter_alert_12.npy,Cataclysmic
ZTF18achrter,ZTF18achrter_alert_13.npy,Cataclysmic
ZTF18achrter,ZTF18achrter_alert_14.npy,Cataclysmic
ZTF18achrter,ZTF18achrter_alert_15.npy,Cataclysmic
ZTF18achrter,ZTF18achrter_alert_16.npy,Cataclysmic
ZTF18achrter,ZTF18achrter_alert_8.npy,Cataclysmic
ZTF18achrter,ZTF18achrter_alert_9.npy,Cataclysmic
ZTF18achtnvk,ZTF18achtnvk_alert_13.npy,SN IIP
ZTF18achtnvk,ZTF18achtnvk_alert_14.npy,SN IIP
ZTF18achtnvk,ZTF18achtnvk_alert_16.npy,SN IIP
ZTF18achtnvk,ZTF18achtnvk_alert_17.npy,SN IIP
ZTF18achtnvk,ZTF18achtnvk_alert_19.npy,SN IIP
ZTF18achtnvk,ZTF18achtnvk_alert_20.npy,SN IIP
ZTF18achtnvk,ZTF18achtnvk_alert_22.npy,SN IIP
ZTF18achtnvk,ZTF18achtnvk_alert_23.npy,SN IIP
ZTF18achtnvk,ZTF18achtnvk_alert_25.npy,SN IIP
ZTF18achtnvk,ZTF18achtnvk_alert_26.npy,SN IIP
ZTF18acmznfc,ZTF18acmznfc_alert_11.npy,SN Ia
ZTF18acmznfc,ZTF18acmznfc_alert_12.npy,SN Ia
ZTF18acmznfc,ZTF18acmznfc_alert_13.npy,SN Ia
ZTF18acmznfc,ZTF18acmznfc_alert_14.npy,SN Ia
ZTF18acmznfc,ZTF18acmznfc_alert_15.npy,SN Ia
ZTF18acmznfc,ZTF18acmznfc_alert_17.npy,SN Ia
ZTF18acmznfc,ZTF18acmznfc_alert_18.npy,SN Ia
ZTF18acmznfc,ZTF18acmznfc_alert_19.npy,SN Ia
ZTF18acmznfc,ZTF18acmznfc_alert_20.npy,SN Ia
ZTF18acmznfc,ZTF18acmznfc_alert_21.npy,SN Ia
ZTF18acnbptb,ZTF18acnbptb_alert_1.npy,SN IIP
ZTF18acnncve,ZTF18acnncve_alert_4.npy,SN Ib
ZTF18acnncve,ZTF18acnncve_alert_5.npy,SN Ib
ZTF18acnncve,ZTF18acnncve_alert_6.npy,SN Ib
ZTF18acnncve,ZTF18acnncve_alert_7.npy,SN Ib
ZTF18acpefgk,ZTF18acpefgk_alert_3.npy,SN Ia
ZTF18acpefgk,ZTF18acpefgk_alert_4.npy,SN Ia
ZTF18acpefgk,ZTF18acpefgk_alert_5.npy,SN Ia
ZTF18acqppuj,ZTF18acqppuj_alert_1.npy,SN IIP
ZTF18acqppuj,ZTF18acqppuj_alert_2.npy,SN IIP
ZTF18acqsqrg,ZTF18acqsqrg_alert_10.npy,SN IIP
ZTF18acqsqrg,ZTF18acqsqrg_alert_11.npy,SN IIP
ZTF18acqsqrg,ZTF18acqsqrg_alert_12.npy,SN IIP
ZTF18acqsqrg,ZTF18acqsqrg_alert_13.npy,SN IIP
ZTF18acqsqrg,ZTF18acqsqrg_alert_7.npy,SN IIP
ZTF18acqsqrg,ZTF18acqsqrg_alert_8.npy,SN IIP
ZTF18acqsqrg,ZTF18acqsqrg_alert_9.npy,SN IIP
ZTF18acqsroy,ZTF18acqsroy_alert_10.npy,SN IIP
ZTF18acqsroy,ZTF18acqsroy_alert_5.npy,SN IIP
ZTF18acqsroy,ZTF18acqsroy_alert_6.npy,SN IIP
ZTF18acqsroy,ZTF18acqsroy_alert_7.npy,SN IIP
ZTF18acqsroy,ZTF18acqsroy_alert_8.npy,SN IIP
ZTF18acqsroy,ZTF18acqsroy_alert_9.npy,SN IIP
ZTF18acqwdla,ZTF18acqwdla_alert_2.npy,SN IIP
ZTF18acqwdla,ZTF18acqwdla_alert_3.npy,SN IIP
ZTF18acqwdla,ZTF18acqwdla_alert_4.npy,SN IIP
ZTF18acrcogn,ZTF18acrcogn_alert_2.npy,SN IIP
ZTF18acrcogn,ZTF18acrcogn_alert_3.npy,SN IIP
ZTF18acrcyqw,ZTF18acrcyqw_alert_10.npy,SN IIP
ZTF18acrcyqw,ZTF18acrcyqw_alert_11.npy,SN IIP
ZTF18acrcyqw,ZTF18acrcyqw_alert_12.npy,SN IIP
ZTF18acrcyqw,ZTF18acrcyqw_alert_13.npy,SN IIP
ZTF18acrcyqw,ZTF18acrcyqw_alert_14.npy,SN IIP
ZTF18acrcyqw,ZTF18acrcyqw_alert_15.npy,SN IIP
ZTF18acrcyqw,ZTF18acrcyqw_alert_16.npy,SN IIP
ZTF18acrcyqw,ZTF18acrcyqw_alert_8.npy,SN IIP
ZTF18acrcyqw,ZTF18acrcyqw_alert_9.npy,SN IIP
ZTF18acrfklz,ZTF18acrfklz_alert_1.npy,SN Ia
ZTF18acrfklz,ZTF18acrfklz_alert_2.npy,SN Ia
ZTF18acrflch,ZTF18acrflch_alert_1.npy,SN IIP
ZTF18acrflch,ZTF18acrflch_alert_2.npy,SN IIP
ZTF18acrhehl,ZTF18acrhehl_alert_1.npy,SN IIP
ZTF18acrhehl,ZTF18acrhehl_alert_2.npy,SN IIP
ZTF18acrncou,ZTF18acrncou_alert_2.npy,SN Ia
ZTF18acrncou,ZTF18acrncou_alert_3.npy,SN Ia
ZTF18acrnfww,ZTF18acrnfww_alert_2.npy,SN Ia
ZTF18acrnfww,ZTF18acrnfww_alert_3.npy,SN Ia
ZTF18acrtvmm,ZTF18acrtvmm_alert_2.npy,SN IIP
ZTF18acrtvmm,ZTF18acrtvmm_alert_3.npy,SN IIP
ZTF18acrtykk,ZTF18acrtykk_alert_2.npy,SN Ia
ZTF18acrtykk,ZTF18acrtykk_alert_3.npy,SN Ia
ZTF18acrygbu,ZTF18acrygbu_alert_2.npy,AGN
ZTF18acrygbu,ZTF18acrygbu_alert_3.npy,AGN
ZTF18acrygfl,ZTF18acrygfl_alert_1.npy,AGN
ZTF18acrygfl,ZTF18acrygfl_alert_2.npy,AGN
ZTF18acrygtk,ZTF18acrygtk_alert_2.npy,SN IIP
ZTF18acrygtk,ZTF18acrygtk_alert_3.npy,SN IIP
ZTF18acsxguy,ZTF18acsxguy_alert_2.npy,Cataclysmic
ZTF18acsxguy,ZTF18acsxguy_alert_3.npy,Cataclysmic
ZTF18acsyaye,ZTF18acsyaye_alert_1.npy,SN IIP
ZTF18acsycnc,ZTF18acsycnc_alert_1.npy,SN Ia
ZTF18acsycnc,ZTF18acsycnc_alert_2.npy,SN Ia
ZTF18acszayr,ZTF18acszayr_alert_3.npy,SN IIn
ZTF18acszayr,ZTF18acszayr_alert_4.npy,SN IIn
ZTF18acszayr,ZTF18acszayr_alert_5.npy,SN IIn
ZTF18acuixmb,ZTF18acuixmb_alert_1.npy,SN Ia
ZTF18acuqskr,ZTF18acuqskr_alert_1.npy,SN IIP
ZTF18acuqskr,ZTF18acuqskr_alert_2.npy,SN IIP
ZTF18acuring,ZTF18acuring_alert_1.npy,SN IIP
ZTF18acusbyf,ZTF18acusbyf_alert_3.npy,SN Ia
ZTF18acusbyf,ZTF18acusbyf_alert_4.npy,SN Ia
ZTF18acusbyf,ZTF18acusbyf_alert_5.npy,SN Ia
ZTF18acusueb,ZTF18acusueb_alert_10.npy,SN Ia
ZTF18acusueb,ZTF18acusueb_alert_11.npy,SN Ia
ZTF18acusueb,ZTF18acusueb_alert_12.npy,SN Ia
ZTF18acusueb,ZTF18acusueb_alert_13.npy,SN Ia
ZTF18acusueb,ZTF18acusueb_alert_14.npy,SN Ia
ZTF18acusueb,ZTF18acusueb_alert_15.npy,SN Ia
ZTF18acusueb,ZTF18acusueb_alert_16.npy,SN Ia
ZTF18acusueb,ZTF18acusueb_alert_17.npy,SN Ia
ZTF18acusueb,ZTF18acusueb_alert_9.npy,SN Ia
ZTF18acvbpcv,ZTF18acvbpcv_alert_4.npy,Cataclysmic
ZTF18acvbpcv,ZTF18acvbpcv_alert_5.npy,Cataclysmic
ZTF18acvbpcv,ZTF18acvbpcv_alert_6.npy,Cataclysmic
ZTF18acvbpcv,ZTF18acvbpcv_alert_7.npy,Cataclysmic
ZTF18acvbpcv,ZTF18acvbpcv_alert_8.npy,Cataclysmic
ZTF18acvgyst,ZTF18acvgyst_alert_2.npy,SN IIP
ZTF18acvgyst,ZTF18acvgyst_alert_3.npy,SN IIP
ZTF18acvgyst,ZTF18acvgyst_alert_4.npy,SN IIP
ZTF18acvjhht,ZTF18acvjhht_alert_10.npy,AGN
ZTF18acvjhht,ZTF18acvjhht_alert_11.npy,AGN
ZTF18acvjhht,ZTF18acvjhht_alert_12.npy,AGN
ZTF18acvjhht,ZTF18acvjhht_alert_13.npy,AGN
ZTF18acvjhht,ZTF18acvjhht_alert_14.npy,AGN
ZTF18acvjhht,ZTF18acvjhht_alert_15.npy,AGN
ZTF18acvjhht,ZTF18acvjhht_alert_16.npy,AGN
ZTF18acvjhht,ZTF18acvjhht_alert_8.npy,AGN
ZTF18acvjhht,ZTF18acvjhht_alert_9.npy,AGN
ZTF18acwugwx,ZTF18acwugwx_alert_1.npy,AGN
ZTF18acwugwx,ZTF18acwugwx_alert_2.npy,AGN
ZTF18acwzxhr,ZTF18acwzxhr_alert_1.npy,SN IIP
ZTF18acwzyor,ZTF18acwzyor_alert_3.npy,SN IIn
ZTF18acwzyor,ZTF18acwzyor_alert_4.npy,SN IIn
ZTF18acwzyor,ZTF18acwzyor_alert_5.npy,SN IIn
ZTF18acwzyor,ZTF18acwzyor_alert_6.npy,SN IIn
ZTF18aczcumi,ZTF18aczcumi_alert_2.npy,SN Ib
ZTF18aczcumi,ZTF18aczcumi_alert_3.npy,SN Ib
ZTF18aczcumi,ZTF18aczcumi_alert_4.npy,SN Ib
ZTF18aczexlh,ZTF18aczexlh_alert_1.npy,AGN
ZTF18aczquaa,ZTF18aczquaa_alert_10.npy,Cataclysmic
ZTF18aczquaa,ZTF18aczquaa_alert_11.npy,Cataclysmic
ZTF18aczquaa,ZTF18aczquaa_alert_12.npy,Cataclysmic
ZTF18aczquaa,ZTF18aczquaa_alert_6.npy,Cataclysmic
ZTF18aczquaa,ZTF18aczquaa_alert_7.npy,Cataclysmic
ZTF18aczquaa,ZTF18aczquaa_alert_8.npy,Cataclysmic
ZTF18aczquaa,ZTF18aczquaa_alert_9.npy,Cataclysmic
ZTF18aczqzrj,ZTF18aczqzrj_alert_4.npy,SN Ic
ZTF18aczqzrj,ZTF18aczqzrj_alert_5.npy,SN Ic
ZTF18aczqzrj,ZTF18aczqzrj_alert_6.npy,SN Ic
ZTF18aczqzrj,ZTF18aczqzrj_alert_7.npy,SN Ic
ZTF18adalhga,ZTF18adalhga_alert_1.npy,SN IIP
ZTF18adalhzq,ZTF18adalhzq_alert_1.npy,AGN
ZTF18adazblo,ZTF18adazblo_alert_3.npy,SN IIP
ZTF18adazblo,ZTF18adazblo_alert_4.npy,SN IIP
ZTF18adazblo,ZTF18adazblo_alert_5.npy,SN IIP
ZTF18adbabtq,ZTF18adbabtq_alert_1.npy,AGN
ZTF18adbadfz,ZTF18adbadfz_alert_2.npy,SN IIP
ZTF18adbadfz,ZTF18adbadfz_alert_3.npy,SN IIP
ZTF18adbclkd,ZTF18adbclkd_alert_10.npy,SN IIP
ZTF18adbclkd,ZTF18adbclkd_alert_11.npy,SN IIP
ZTF18adbclkd,ZTF18adbclkd_alert_6.npy,SN IIP
ZTF18adbclkd,ZTF18adbclkd_alert_7.npy,SN IIP
ZTF18adbclkd,ZTF18adbclkd_alert_8.npy,SN IIP
ZTF18adbclkd,ZTF18adbclkd_alert_9.npy,SN IIP
ZTF18adbcqwv,ZTF18adbcqwv_alert_10.npy,Cataclysmic
ZTF18adbcqwv,ZTF18adbcqwv_alert_11.npy,Cataclysmic
ZTF18adbcqwv,ZTF18adbcqwv_alert_6.npy,Cataclysmic
ZTF18adbcqwv,ZTF18adbcqwv_alert_7.npy,Cataclysmic
ZTF18adbcqwv,ZTF18adbcqwv_alert_8.npy,Cataclysmic
ZTF18adbcqwv,ZTF18adbcqwv_alert_9.npy,Cataclysmic
ZTF18adiaqui,ZTF18adiaqui_alert_11.npy,Cataclysmic
ZTF18adiaqui,ZTF18adiaqui_alert_12.npy,Cataclysmic
ZTF18adiaqui,ZTF18adiaqui_alert_13.npy,Cataclysmic
ZTF18adiaqui,ZTF18adiaqui_alert_15.npy,Cataclysmic
ZTF18adiaqui,ZTF18adiaqui_alert_16.npy,Cataclysmic
ZTF18adiaqui,ZTF18adiaqui_alert_17.npy,Cataclysmic
ZTF18adiaqui,ZTF18adiaqui_alert_18.npy,Cataclysmic
ZTF18adiaqui,ZTF18adiaqui_alert_20.npy,Cataclysmic
ZTF18adiaqui,ZTF18adiaqui_alert_21.npy,Cataclysmic
ZTF18adiaqui,ZTF18adiaqui_alert_22.npy,Cataclysmic
ZTF19aaciohh,ZTF19aaciohh_alert_1.npy,AGN
ZTF19aacwjfb,ZTF19aacwjfb_alert_2.npy,AGN
ZTF19aacwjfb,ZTF19aacwjfb_alert_3.npy,AGN
ZTF19aacwjfb,ZTF19aacwjfb_alert_4.npy,AGN
ZTF19aadggnt,ZTF19aadggnt_alert_1.npy,AGN
ZTF19aadnmgf,ZTF19aadnmgf_alert_3.npy,SN Ia
ZTF19aadnmgf,ZTF19aadnmgf_alert_4.npy,SN Ia
ZTF19aadnmgf,ZTF19aadnmgf_alert_5.npy,SN Ia
ZTF19aadnmgf,ZTF19aadnmgf_alert_6.npy,SN Ia
ZTF19aadnxnl,ZTF19aadnxnl_alert_4.npy,SN IIP
ZTF19aadnxnl,ZTF19aadnxnl_alert_5.npy,SN IIP
ZTF19aadnxnl,ZTF19aadnxnl_alert_6.npy,SN IIP
ZTF19aadnxnl,ZTF19aadnxnl_alert_7.npy,SN IIP
ZTF19aadnxnl,ZTF19aadnxnl_alert_8.npy,SN IIP
ZTF19aadyiao,ZTF19aadyiao_alert_4.npy,SN IIb
ZTF19aadyiao,ZTF19aadyiao_alert_5.npy,SN IIb
ZTF19aadyiao,ZTF19aadyiao_alert_6.npy,SN IIb
ZTF19aadyiao,ZTF19aadyiao_alert_7.npy,SN IIb
ZTF19aadyiao,ZTF19aadyiao_alert_8.npy,SN IIb
ZTF19aadypig,ZTF19aadypig_alert_2.npy,SN IIP
ZTF19aadypig,ZTF19aadypig_alert_3.npy,SN IIP
ZTF19aadypig,ZTF19aadypig_alert_4.npy,SN IIP
ZTF19aadzgnt,ZTF19aadzgnt_alert_10.npy,AGN
ZTF19aadzgnt,ZTF19aadzgnt_alert_11.npy,AGN
ZTF19aadzgnt,ZTF19aadzgnt_alert_12.npy,AGN
ZTF19aadzgnt,ZTF19aadzgnt_alert_13.npy,AGN
ZTF19aadzgnt,ZTF19aadzgnt_alert_7.npy,AGN
ZTF19aadzgnt,ZTF19aadzgnt_alert_8.npy,AGN
ZTF19aadzgnt,ZTF19aadzgnt_alert_9.npy,AGN
ZTF19aaeuhgo,ZTF19aaeuhgo_alert_2.npy,SN IIP
ZTF19aaeuhgo,ZTF19aaeuhgo_alert_3.npy,SN IIP
ZTF19aaflcgn,ZTF19aaflcgn_alert_1.npy,AGN
ZTF19aahsgka,ZTF19aahsgka_alert_2.npy,SN Ia
ZTF19aahsgka,ZTF19aahsgka_alert_3.npy,SN Ia
ZTF19aahsgka,ZTF19aahsgka_alert_4.npy,SN Ia
ZTF19aahuian,ZTF19aahuian_alert_1.npy,SN Ia
ZTF19aahuian,ZTF19aahuian_alert_2.npy,SN Ia
ZTF19aajwdqt,ZTF19aajwdqt_alert_1.npy,SN Ia
ZTF19aakiwze,ZTF19aakiwze_alert_1.npy,Tidal Disruption Event
ZTF19aakkrqu,ZTF19aakkrqu_alert_4.npy,SN IIP
ZTF19aakkrqu,ZTF19aakkrqu_alert_5.npy,SN IIP
ZTF19aakkrqu,ZTF19aakkrqu_alert_6.npy,SN IIP
ZTF19aakkrqu,ZTF19aakkrqu_alert_7.npy,SN IIP
ZTF19aakkrqu,ZTF19aakkrqu_alert_8.npy,SN IIP
ZTF19aakkths,ZTF19aakkths_alert_1.npy,SN IIb
ZTF19aakkths,ZTF19aakkths_alert_2.npy,SN IIb
ZTF19aaknate,ZTF19aaknate_alert_2.npy,SN IIb
ZTF19aaknate,ZTF19aaknate_alert_3.npy,SN IIb
ZTF19aakpkto,ZTF19aakpkto_alert_1.npy,Cataclysmic
ZTF19aakpmqg,ZTF19aakpmqg_alert_1.npy,SN IIP
ZTF19aakrsuo,ZTF19aakrsuo_alert_1.npy,SN IIP
ZTF19aakrsuo,ZTF19aakrsuo_alert_2.npy,SN IIP
ZTF19aaksrgj,ZTF19aaksrgj_alert_10.npy,SN Ia
ZTF19aaksrgj,ZTF19aaksrgj_alert_5.npy,SN Ia
ZTF19aaksrgj,ZTF19aaksrgj_alert_6.npy,SN Ia
ZTF19aaksrgj,ZTF19aaksrgj_alert_7.npy,SN Ia
ZTF19aaksrgj,ZTF19aaksrgj_alert_8.npy,SN Ia
ZTF19aaksrgj,ZTF19aaksrgj_alert_9.npy,SN Ia
ZTF19aakssnv,ZTF19aakssnv_alert_11.npy,SN IIP
ZTF19aakssnv,ZTF19aakssnv_alert_12.npy,SN IIP
ZTF19aakssnv,ZTF19aakssnv_alert_13.npy,SN IIP
ZTF19aakssnv,ZTF19aakssnv_alert_14.npy,SN IIP
ZTF19aakssnv,ZTF19aakssnv_alert_15.npy,SN IIP
ZTF19aakssnv,ZTF19aakssnv_alert_17.npy,SN IIP
ZTF19aakssnv,ZTF19aakssnv_alert_18.npy,SN IIP
ZTF19aakssnv,ZTF19aakssnv_alert_19.npy,SN IIP
ZTF19aakssnv,ZTF19aakssnv_alert_20.npy,SN IIP
ZTF19aakssnv,ZTF19aakssnv_alert_21.npy,SN IIP
ZTF19aaktorq,ZTF19aaktorq_alert_2.npy,AGN
ZTF19aaktorq,ZTF19aaktorq_alert_3.npy,AGN
ZTF19aakxwqu,ZTF19aakxwqu_alert_1.npy,SN Ia
ZTF19aakzash,ZTF19aakzash_alert_1.npy,SN IIP
ZTF19aalahqa,ZTF19aalahqa_alert_3.npy,SN Ib
ZTF19aalahqa,ZTF19aalahqa_alert_4.npy,SN Ib
ZTF19aalahqa,ZTF19aalahqa_alert_5.npy,SN Ib
ZTF19aalbaff,ZTF19aalbaff_alert_10.npy,AGN
ZTF19aalbaff,ZTF19aalbaff_alert_11.npy,AGN
ZTF19aalbaff,ZTF19aalbaff_alert_12.npy,AGN
ZTF19aalbaff,ZTF19aalbaff_alert_6.npy,AGN
ZTF19aalbaff,ZTF19aalbaff_alert_7.npy,AGN
ZTF19aalbaff,ZTF19aalbaff_alert_8.npy,AGN
ZTF19aalbaff,ZTF19aalbaff_alert_9.npy,AGN
ZTF19aalfsqm,ZTF19aalfsqm_alert_2.npy,SN Ic
ZTF19aallimd,ZTF19aallimd_alert_1.npy,SN IIP
ZTF19aalouag,ZTF19aalouag_alert_1.npy,SN Ib
ZTF19aalouag,ZTF19aalouag_alert_2.npy,SN Ib
ZTF19aalsnbp,ZTF19aalsnbp_alert_4.npy,SN IIP
ZTF19aalsnbp,ZTF19aalsnbp_alert_5.npy,SN IIP
ZTF19aalsnbp,ZTF19aalsnbp_alert_6.npy,SN IIP
ZTF19aalsnbp,ZTF19aalsnbp_alert_7.npy,SN IIP
ZTF19aalubxw,ZTF19aalubxw_alert_1.npy,SN IIP
ZTF19aalubxw,ZTF19aalubxw_alert_2.npy,SN IIP
ZTF19aalzmio,ZTF19aalzmio_alert_1.npy,SN Ia
ZTF19aalzmiu,ZTF19aalzmiu_alert_2.npy,SN Ia
ZTF19aalzmiu,ZTF19aalzmiu_alert_3.npy,SN Ia
ZTF19aalztms,ZTF19aalztms_alert_3.npy,SN IIP
ZTF19aalztms,ZTF19aalztms_alert_4.npy,SN IIP
ZTF19aalztms,ZTF19aalztms_alert_5.npy,SN IIP
ZTF19aamgghn,ZTF19aamgghn_alert_10.npy,SN Ib
ZTF19aamgghn,ZTF19aamgghn_alert_11.npy,SN Ib
ZTF19aamgghn,ZTF19aamgghn_alert_6.npy,SN Ib
ZTF19aamgghn,ZTF19aamgghn_alert_7.npy,SN Ib
ZTF19aamgghn,ZTF19aamgghn_alert_8.npy,SN Ib
ZTF19aamgghn,ZTF19aamgghn_alert_9.npy,SN Ib
ZTF19aamggnw,ZTF19aamggnw_alert_2.npy,SN IIP
ZTF19aamggnw,ZTF19aamggnw_alert_3.npy,SN IIP
ZTF19aamhgwm,ZTF19aamhgwm_alert_2.npy,SN IIP
ZTF19aamhgwm,ZTF19aamhgwm_alert_3.npy,SN IIP
ZTF19aamljom,ZTF19aamljom_alert_10.npy,SN IIP
ZTF19aamljom,ZTF19aamljom_alert_11.npy,SN IIP
ZTF19aamljom,ZTF19aamljom_alert_6.npy,SN IIP
ZTF19aamljom,ZTF19aamljom_alert_7.npy,SN IIP
ZTF19aamljom,ZTF19aamljom_alert_8.npy,SN IIP
ZTF19aamljom,ZTF19aamljom_alert_9.npy,SN IIP
ZTF19aamowaf,ZTF19aamowaf_alert_1.npy,SN IIP
ZTF19aampokl,ZTF19aampokl_alert_3.npy,Cataclysmic
ZTF19aampokl,ZTF19aampokl_alert_4.npy,Cataclysmic
ZTF19aampokl,ZTF19aampokl_alert_5.npy,Cataclysmic
ZTF19aamqlyl,ZTF19aamqlyl_alert_1.npy,SN Ia
ZTF19aamqlyl,ZTF19aamqlyl_alert_2.npy,SN Ia
ZTF19aamsetj,ZTF19aamsetj_alert_2.npy,SN Ic
ZTF19aamsetj,ZTF19aamsetj_alert_3.npy,SN Ic
ZTF19aamtwiz,ZTF19aamtwiz_alert_3.npy,SN IIP
ZTF19aamtwiz,ZTF19aamtwiz_alert_4.npy,SN IIP
ZTF19aamtwiz,ZTF19aamtwiz_alert_5.npy,SN IIP
ZTF19aamtwwv,ZTF19aamtwwv_alert_3.npy,SN Ia
ZTF19aamtwwv,ZTF19aamtwwv_alert_4.npy,SN Ia
ZTF19aamtwwv,ZTF19aamtwwv_alert_5.npy,SN Ia
ZTF19aamtwwv,ZTF19aamtwwv_alert_6.npy,SN Ia
ZTF19aandjiw,ZTF19aandjiw_alert_1.npy,SN IIP
ZTF19aanejfr,ZTF19aanejfr_alert_3.npy,SN Ia
ZTF19aanejfr,ZTF19aanejfr_alert_4.npy,SN Ia
ZTF19aanejfr,ZTF19aanejfr_alert_5.npy,SN Ia
ZTF19aanfnvl,ZTF19aanfnvl_alert_2.npy,SN IIP
ZTF19aanfnvl,ZTF19aanfnvl_alert_3.npy,SN IIP
ZTF19aanhgqg,ZTF19aanhgqg_alert_4.npy,SN Ia
ZTF19aanhgqg,ZTF19aanhgqg_alert_5.npy,SN Ia
ZTF19aanhgqg,ZTF19aanhgqg_alert_6.npy,SN Ia
ZTF19aanhgqg,ZTF19aanhgqg_alert_7.npy,SN Ia
ZTF19aanhhal,ZTF19aanhhal_alert_17.npy,SN IIP
ZTF19aanhhal,ZTF19aanhhal_alert_19.npy,SN IIP
ZTF19aanhhal,ZTF19aanhhal_alert_21.npy,SN IIP
ZTF19aanhhal,ZTF19aanhhal_alert_23.npy,SN IIP
ZTF19aanhhal,ZTF19aanhhal_alert_25.npy,SN IIP
ZTF19aanhhal,ZTF19aanhhal_alert_26.npy,SN IIP
ZTF19aanhhal,ZTF19aanhhal_alert_28.npy,SN IIP
ZTF19aanhhal,ZTF19aanhhal_alert_30.npy,SN IIP
ZTF19aanhhal,ZTF19aanhhal_alert_32.npy,SN IIP
ZTF19aanhhal,ZTF19aanhhal_alert_34.npy,SN IIP
ZTF19aanlekq,ZTF19aanlekq_alert_18.npy,SN IIP
ZTF19aanlekq,ZTF19aanlekq_alert_20.npy,SN IIP
ZTF19aanlekq,ZTF19aanlekq_alert_22.npy,SN IIP
ZTF19aanlekq,ZTF19aanlekq_alert_24.npy,SN IIP
ZTF19aanlekq,ZTF19aanlekq_alert_26.npy,SN IIP
ZTF19aanlekq,ZTF19aanlekq_alert_27.npy,SN IIP
ZTF19aanlekq,ZTF19aanlekq_alert_29.npy,SN IIP
ZTF19aanlekq,ZTF19aanlekq_alert_31.npy,SN IIP
ZTF19aanlekq,ZTF19aanlekq_alert_33.npy,SN IIP
ZTF19aanlekq,ZTF19aanlekq_alert_35.npy,SN IIP
ZTF19aanovps,ZTF19aanovps_alert_10.npy,SN IIP
ZTF19aanovps,ZTF19aanovps_alert_11.npy,SN IIP
ZTF19aanovps,ZTF19aanovps_alert_12.npy,SN IIP
ZTF19aanovps,ZTF19aanovps_alert_13.npy,SN IIP
ZTF19aanovps,ZTF19aanovps_alert_14.npy,SN IIP
ZTF19aanovps,ZTF19aanovps_alert_15.npy,SN IIP
ZTF19aanovps,ZTF19aanovps_alert_8.npy,SN IIP
ZTF19aanovps,ZTF19aanovps_alert_9.npy,SN IIP
ZTF19aanrrqu,ZTF19aanrrqu_alert_3.npy,SN IIP
ZTF19aanrrqu,ZTF19aanrrqu_alert_4.npy,SN IIP
ZTF19aanrrqu,ZTF19aanrrqu_alert_5.npy,SN IIP
ZTF19aanxcre,ZTF19aanxcre_alert_1.npy,AGN
ZTF19aaoaaap,ZTF19aaoaaap_alert_4.npy,SN Ia
ZTF19aaoaaap,ZTF19aaoaaap_alert_5.npy,SN Ia
ZTF19aaoaaap,ZTF19aaoaaap_alert_6.npy,SN Ia
ZTF19aaoaaap,ZTF19aaoaaap_alert_7.npy,SN Ia
ZTF19aaocejx,ZTF19aaocejx_alert_2.npy,Cataclysmic
ZTF19aaocejx,ZTF19aaocejx_alert_3.npy,Cataclysmic
ZTF19aaodojg,ZTF19aaodojg_alert_1.npy,Cataclysmic
ZTF19aaodojg,ZTF19aaodojg_alert_2.npy,Cataclysmic
ZTF19aaodsna,ZTF19aaodsna_alert_1.npy,AGN
ZTF19aaoxvfe,ZTF19aaoxvfe_alert_15.npy,SN Ib
ZTF19aaoxvfe,ZTF19aaoxvfe_alert_17.npy,SN Ib
ZTF19aaoxvfe,ZTF19aaoxvfe_alert_18.npy,SN Ib
ZTF19aaoxvfe,ZTF19aaoxvfe_alert_20.npy,SN Ib
ZTF19aaoxvfe,ZTF19aaoxvfe_alert_22.npy,SN Ib
ZTF19aaoxvfe,ZTF19aaoxvfe_alert_23.npy,SN Ib
ZTF19aaoxvfe,ZTF19aaoxvfe_alert_25.npy,SN Ib
ZTF19aaoxvfe,ZTF19aaoxvfe_alert_27.npy,SN Ib
ZTF19aaoxvfe,ZTF19aaoxvfe_alert_28.npy,SN Ib
ZTF19aaoxvfe,ZTF19aaoxvfe_alert_30.npy,SN Ib
ZTF19aaozsuh,ZTF19aaozsuh_alert_28.npy,SN IIn
ZTF19aaozsuh,ZTF19aaozsuh_alert_31.npy,SN IIn
ZTF19aaozsuh,ZTF19aaozsuh_alert_34.npy,SN IIn
ZTF19aaozsuh,ZTF19aaozsuh_alert_37.npy,SN IIn
ZTF19aaozsuh,ZTF19aaozsuh_alert_40.npy,SN IIn
ZTF19aaozsuh,ZTF19aaozsuh_alert_43.npy,SN IIn
ZTF19aaozsuh,ZTF19aaozsuh_alert_46.npy,SN IIn
ZTF19aaozsuh,ZTF19aaozsuh_alert_49.npy,SN IIn
ZTF19aaozsuh,ZTF19aaozsuh_alert_52.npy,SN IIn
ZTF19aaozsuh,ZTF19aaozsuh_alert_55.npy,SN IIn
ZTF19aapadxs,ZTF19aapadxs_alert_24.npy,SN IIb
ZTF19aapadxs,ZTF19aapadxs_alert_27.npy,SN IIb
ZTF19aapadxs,ZTF19aapadxs_alert_29.npy,SN IIb
ZTF19aapadxs,ZTF19aapadxs_alert_32.npy,SN IIb
ZTF19aapadxs,ZTF19aapadxs_alert_35.npy,SN IIb
ZTF19aapadxs,ZTF19aapadxs_alert_37.npy,SN IIb
ZTF19aapadxs,ZTF19aapadxs_alert_40.npy,SN IIb
ZTF19aapadxs,ZTF19aapadxs_alert_43.npy,SN IIb
ZTF19aapadxs,ZTF19aapadxs_alert_45.npy,SN IIb
ZTF19aapadxs,ZTF19aapadxs_alert_48.npy,SN IIb
ZTF19aapafit,ZTF19aapafit_alert_27.npy,SN IIP
ZTF19aapafit,ZTF19aapafit_alert_30.npy,SN IIP
ZTF19aapafit,ZTF19aapafit_alert_33.npy,SN IIP
ZTF19aapafit,ZTF19aapafit_alert_36.npy,SN IIP
ZTF19aapafit,ZTF19aapafit_alert_39.npy,SN IIP
ZTF19aapafit,ZTF19aapafit_alert_41.npy,SN IIP
ZTF19aapafit,ZTF19aapafit_alert_44.npy,SN IIP
ZTF19aapafit,ZTF19aapafit_alert_47.npy,SN IIP
ZTF19aapafit,ZTF19aapafit_alert_50.npy,SN IIP
ZTF19aapafit,ZTF19aapafit_alert_53.npy,SN IIP
ZTF19aapbfot,ZTF19aapbfot_alert_2.npy,SN IIP
ZTF19aapbfot,ZTF19aapbfot_alert_3.npy,SN IIP
ZTF19aapbfot,ZTF19aapbfot_alert_4.npy,SN IIP
ZTF19aapceyj,ZTF19aapceyj_alert_10.npy,SN Ic
ZTF19aapceyj,ZTF19aapceyj_alert_11.npy,SN Ic
ZTF19aapceyj,ZTF19aapceyj_alert_12.npy,SN Ic
ZTF19aapceyj,ZTF19aapceyj_alert_13.npy,SN Ic
ZTF19aapceyj,ZTF19aapceyj_alert_14.npy,SN Ic
ZTF19aapceyj,ZTF19aapceyj_alert_7.npy,SN Ic
ZTF19aapceyj,ZTF19aapceyj_alert_8.npy,SN Ic
ZTF19aapceyj,ZTF19aapceyj_alert_9.npy,SN Ic
ZTF19aapcnzi,ZTF19aapcnzi_alert_2.npy,SN IIP
ZTF19aapcnzi,ZTF19aapcnzi_alert_3.npy,SN IIP
ZTF19aapcnzi,ZTF19aapcnzi_alert_4.npy,SN IIP
ZTF19aapeime,ZTF19aapeime_alert_28.npy,SN Ia
ZTF19aapeime,ZTF19aapeime_alert_31.npy,SN Ia
ZTF19aapeime,ZTF19aapeime_alert_34.npy,SN Ia
ZTF19aapeime,ZTF19aapeime_alert_37.npy,SN Ia
ZTF19aapeime,ZTF19aapeime_alert_40.npy,SN Ia
ZTF19aapeime,ZTF19aapeime_alert_44.npy,SN Ia
ZTF19aapeime,ZTF19aapeime_alert_47.npy,SN Ia
ZTF19aapeime,ZTF19aapeime_alert_50.npy,SN Ia
ZTF19aapeime,ZTF19aapeime_alert_53.npy,SN Ia
ZTF19aapeime,ZTF19aapeime_alert_56.npy,SN Ia
ZTF19aapfnym,ZTF19aapfnym_alert_1.npy,SN IIP
ZTF19aapocyd,ZTF19aapocyd_alert_16.npy,SN Ia
ZTF19aapocyd,ZTF19aapocyd_alert_18.npy,SN Ia
ZTF19aapocyd,ZTF19aapocyd_alert_19.npy,SN Ia
ZTF19aapocyd,ZTF19aapocyd_alert_21.npy,SN Ia
ZTF19aapocyd,ZTF19aapocyd_alert_23.npy,SN Ia
ZTF19aapocyd,ZTF19aapocyd_alert_24.npy,SN Ia
ZTF19aapocyd,ZTF19aapocyd_alert_26.npy,SN Ia
ZTF19aapocyd,ZTF19aapocyd_alert_28.npy,SN Ia
ZTF19aapocyd,ZTF19aapocyd_alert_29.npy,SN Ia
ZTF19aapocyd,ZTF19aapocyd_alert_31.npy,SN Ia
ZTF19aaprvar,ZTF19aaprvar_alert_10.npy,SN IIP
ZTF19aaprvar,ZTF19aaprvar_alert_11.npy,SN IIP
ZTF19aaprvar,ZTF19aaprvar_alert_6.npy,SN IIP
ZTF19aaprvar,ZTF19aaprvar_alert_7.npy,SN IIP
ZTF19aaprvar,ZTF19aaprvar_alert_8.npy,SN IIP
ZTF19aaprvar,ZTF19aaprvar_alert_9.npy,SN IIP
ZTF19aapwlhg,ZTF19aapwlhg_alert_2.npy,Cataclysmic
ZTF19aapwlhg,ZTF19aapwlhg_alert_3.npy,Cataclysmic
ZTF19aapwlhg,ZTF19aapwlhg_alert_4.npy,Cataclysmic
ZTF19aaqasrq,ZTF19aaqasrq_alert_1.npy,SN IIn
ZTF19aaqasrq,ZTF19aaqasrq_alert_2.npy,SN IIn
ZTF19aaqdkrm,ZTF19aaqdkrm_alert_4.npy,SN IIP
ZTF19aaqdkrm,ZTF19aaqdkrm_alert_5.npy,SN IIP
ZTF19aaqdkrm,ZTF19aaqdkrm_alert_6.npy,SN IIP
ZTF19aaqdkrm,ZTF19aaqdkrm_alert_7.npy,SN IIP
ZTF19aaraxhh,ZTF19aaraxhh_alert_32.npy,SN Ia
ZTF19aaraxhh,ZTF19aaraxhh_alert_36.npy,SN Ia
ZTF19aaraxhh,ZTF19aaraxhh_alert_39.npy,SN Ia
ZTF19aaraxhh,ZTF19aaraxhh_alert_43.npy,SN Ia
ZTF19aaraxhh,ZTF19aaraxhh_alert_46.npy,SN Ia
ZTF19aaraxhh,ZTF19aaraxhh_alert_50.npy,SN Ia
ZTF19aaraxhh,ZTF19aaraxhh_alert_53.npy,SN Ia
ZTF19aaraxhh,ZTF19aaraxhh_alert_57.npy,SN Ia
ZTF19aaraxhh,ZTF19aaraxhh_alert_60.npy,SN Ia
ZTF19aaraxhh,ZTF19aaraxhh_alert_64.npy,SN Ia
ZTF19aarfkch,ZTF19aarfkch_alert_23.npy,SN IIb
ZTF19aarfkch,ZTF19aarfkch_alert_26.npy,SN IIb
ZTF19aarfkch,ZTF19aarfkch_alert_28.npy,SN IIb
ZTF19aarfkch,ZTF19aarfkch_alert_31.npy,SN IIb
ZTF19aarfkch,ZTF19aarfkch_alert_33.npy,SN IIb
ZTF19aarfkch,ZTF19aarfkch_alert_36.npy,SN IIb
ZTF19aarfkch,ZTF19aarfkch_alert_38.npy,SN IIb
ZTF19aarfkch,ZTF19aarfkch_alert_41.npy,SN IIb
ZTF19aarfkch,ZTF19aarfkch_alert_43.npy,SN IIb
ZTF19aarfkch,ZTF19aarfkch_alert_46.npy,SN IIb
ZTF19aarfnmb,ZTF19aarfnmb_alert_1.npy,SN IIP
ZTF19aarifvr,ZTF19aarifvr_alert_10.npy,SN Ia
ZTF19aarifvr,ZTF19aarifvr_alert_11.npy,SN Ia
ZTF19aarifvr,ZTF19aarifvr_alert_12.npy,SN Ia
ZTF19aarifvr,ZTF19aarifvr_alert_13.npy,SN Ia
ZTF19aarifvr,ZTF19aarifvr_alert_14.npy,SN Ia
ZTF19aarifvr,ZTF19aarifvr_alert_15.npy,SN Ia
ZTF19aarifvr,ZTF19aarifvr_alert_16.npy,SN Ia
ZTF19aarifvr,ZTF19aarifvr_alert_8.npy,SN Ia
ZTF19aarifvr,ZTF19aarifvr_alert_9.npy,SN Ia
ZTF19aarioci,ZTF19aarioci_alert_12.npy,Tidal Disruption Event
ZTF19aarioci,ZTF19aarioci_alert_13.npy,Tidal Disruption Event
ZTF19aarioci,ZTF19aarioci_alert_14.npy,Tidal Disruption Event
ZTF19aarioci,ZTF19aarioci_alert_16.npy,Tidal Disruption Event
ZTF19aarioci,ZTF19aarioci_alert_17.npy,Tidal Disruption Event
ZTF19aarioci,ZTF19aarioci_alert_18.npy,Tidal Disruption Event
ZTF19aarioci,ZTF19aarioci_alert_19.npy,Tidal Disruption Event
ZTF19aarioci,ZTF19aarioci_alert_21.npy,Tidal Disruption Event
ZTF19aarioci,ZTF19aarioci_alert_22.npy,Tidal Disruption Event
ZTF19aarioci,ZTF19aarioci_alert_23.npy,Tidal Disruption Event
ZTF19aaripqw,ZTF19aaripqw_alert_2.npy,SN Ia
ZTF19aaripqw,ZTF19aaripqw_alert_3.npy,SN Ia
ZTF19aarnqys,ZTF19aarnqys_alert_1.npy,SN Ib
ZTF19aarstfg,ZTF19aarstfg_alert_4.npy,SN Ia
ZTF19aarstfg,ZTF19aarstfg_alert_5.npy,SN Ia
ZTF19aarstfg,ZTF19aarstfg_alert_6.npy,SN Ia
ZTF19aarstfg,ZTF19aarstfg_alert_7.npy,SN Ia
ZTF19aarstfg,ZTF19aarstfg_alert_8.npy,SN Ia
ZTF19aarxrem,ZTF19aarxrem_alert_3.npy,SN IIn
ZTF19aarxrem,ZTF19aarxrem_alert_4.npy,SN IIn
ZTF19aarxrem,ZTF19aarxrem_alert_5.npy,SN IIn
ZTF19aaryexs,ZTF19aaryexs_alert_3.npy,AGN
ZTF19aaryexs,ZTF19aaryexs_alert_4.npy,AGN
ZTF19aaryexs,ZTF19aaryexs_alert_5.npy,AGN
ZTF19aaryexs,ZTF19aaryexs_alert_6.npy,AGN
ZTF19aasmkhn,ZTF19aasmkhn_alert_2.npy,SN Ia
ZTF19aasmkhn,ZTF19aasmkhn_alert_3.npy,SN Ia
ZTF19aaspsbg,ZTF19aaspsbg_alert_1.npy,SN IIP
ZTF19aaspsbg,ZTF19aaspsbg_alert_2.npy,SN IIP
ZTF19aasszud,ZTF19aasszud_alert_1.npy,SN Ia
ZTF19aatgxjy,ZTF19aatgxjy_alert_14.npy,SN IIP
ZTF19aatgxjy,ZTF19aatgxjy_alert_16.npy,SN IIP
ZTF19aatgxjy,ZTF19aatgxjy_alert_17.npy,SN IIP
ZTF19aatgxjy,ZTF19aatgxjy_alert_19.npy,SN IIP
ZTF19aatgxjy,ZTF19aatgxjy_alert_20.npy,SN IIP
ZTF19aatgxjy,ZTF19aatgxjy_alert_22.npy,SN IIP
ZTF19aatgxjy,ZTF19aatgxjy_alert_23.npy,SN IIP
ZTF19aatgxjy,ZTF19aatgxjy_alert_25.npy,SN IIP
ZTF19aatgxjy,ZTF19aatgxjy_alert_26.npy,SN IIP
ZTF19aatgxjy,ZTF19aatgxjy_alert_28.npy,SN IIP
ZTF19aathcvn,ZTF19aathcvn_alert_2.npy,SN Ia
ZTF19aathcvn,ZTF19aathcvn_alert_3.npy,SN Ia
ZTF19aathcvn,ZTF19aathcvn_alert_4.npy,SN Ia
ZTF19aatqzim,ZTF19aatqzim_alert_13.npy,SN IIP
ZTF19aatqzim,ZTF19aatqzim_alert_14.npy,SN IIP
ZTF19aatqzim,ZTF19aatqzim_alert_16.npy,SN IIP
ZTF19aatqzim,ZTF19aatqzim_alert_17.npy,SN IIP
ZTF19aatqzim,ZTF19aatqzim_alert_18.npy,SN IIP
ZTF19aatqzim,ZTF19aatqzim_alert_20.npy,SN IIP
ZTF19aatqzim,ZTF19aatqzim_alert_21.npy,SN IIP
ZTF19aatqzim,ZTF19aatqzim_alert_22.npy,SN IIP
ZTF19aatqzim,ZTF19aatqzim_alert_24.npy,SN IIP
ZTF19aatqzim,ZTF19aatqzim_alert_25.npy,SN IIP
ZTF19aatvvvu,ZTF19aatvvvu_alert_1.npy,SN Ia
ZTF19aatylnl,ZTF19aatylnl_alert_1.npy,Tidal Disruption Event
ZTF19aatylnl,ZTF19aatylnl_alert_2.npy,Tidal Disruption Event
ZTF19aauhwbp,ZTF19aauhwbp_alert_10.npy,SN Ia
ZTF19aauhwbp,ZTF19aauhwbp_alert_5.npy,SN Ia
ZTF19aauhwbp,ZTF19aauhwbp_alert_6.npy,SN Ia
ZTF19aauhwbp,ZTF19aauhwbp_alert_7.npy,SN Ia
ZTF19aauhwbp,ZTF19aauhwbp_alert_8.npy,SN Ia
ZTF19aauhwbp,ZTF19aauhwbp_alert_9.npy,SN Ia
ZTF19aauisdr,ZTF19aauisdr_alert_2.npy,SN IIn
ZTF19aauisdr,ZTF19aauisdr_alert_3.npy,SN IIn
ZTF19aaumtxz,ZTF19aaumtxz_alert_10.npy,Cataclysmic
ZTF19aaumtxz,ZTF19aaumtxz_alert_11.npy,Cataclysmic
ZTF19aaumtxz,ZTF19aaumtxz_alert_12.npy,Cataclysmic
ZTF19aaumtxz,ZTF19aaumtxz_alert_13.npy,Cataclysmic
ZTF19aaumtxz,ZTF19aaumtxz_alert_14.npy,Cataclysmic
ZTF19aaumtxz,ZTF19aaumtxz_alert_15.npy,Cataclysmic
ZTF19aaumtxz,ZTF19aaumtxz_alert_16.npy,Cataclysmic
ZTF19aaumtxz,ZTF19aaumtxz_alert_17.npy,Cataclysmic
ZTF19aaumtxz,ZTF19aaumtxz_alert_18.npy,Cataclysmic
ZTF19aaumtxz,ZTF19aaumtxz_alert_19.npy,Cataclysmic
ZTF19aauoiow,ZTF19aauoiow_alert_2.npy,SN IIP
ZTF19aauoiow,ZTF19aauoiow_alert_3.npy,SN IIP
ZTF19aauoiow,ZTF19aauoiow_alert_4.npy,SN IIP
ZTF19aaupkev,ZTF19aaupkev_alert_10.npy,SN Ia
ZTF19aaupkev,ZTF19aaupkev_alert_11.npy,SN Ia
ZTF19aaupkev,ZTF19aaupkev_alert_12.npy,SN Ia
ZTF19aaupkev,ZTF19aaupkev_alert_13.npy,SN Ia
ZTF19aaupkev,ZTF19aaupkev_alert_14.npy,SN Ia
ZTF19aaupkev,ZTF19aaupkev_alert_15.npy,SN Ia
ZTF19aaupkev,ZTF19aaupkev_alert_16.npy,SN Ia
ZTF19aaupkev,ZTF19aaupkev_alert_8.npy,SN Ia
ZTF19aaupkev,ZTF19aaupkev_alert_9.npy,SN Ia
ZTF19aauqwna,ZTF19aauqwna_alert_10.npy,SN IIP
ZTF19aauqwna,ZTF19aauqwna_alert_11.npy,SN IIP
ZTF19aauqwna,ZTF19aauqwna_alert_12.npy,SN IIP
ZTF19aauqwna,ZTF19aauqwna_alert_13.npy,SN IIP
ZTF19aauqwna,ZTF19aauqwna_alert_14.npy,SN IIP
ZTF19aauqwna,ZTF19aauqwna_alert_15.npy,SN IIP
ZTF19aauqwna,ZTF19aauqwna_alert_8.npy,SN IIP
ZTF19aauqwna,ZTF19aauqwna_alert_9.npy,SN IIP
ZTF19aauvbqv,ZTF19aauvbqv_alert_2.npy,SN IIP
ZTF19aauvbqv,ZTF19aauvbqv_alert_3.npy,SN IIP
ZTF19aauvbqv,ZTF19aauvbqv_alert_4.npy,SN IIP
ZTF19aauvjws,ZTF19aauvjws_alert_1.npy,SN Ia
ZTF19aauvjws,ZTF19aauvjws_alert_2.npy,SN Ia
ZTF19aauxxgk,ZTF19aauxxgk_alert_1.npy,SN IIP
ZTF19aavbjfp,ZTF19aavbjfp_alert_10.npy,SN IIP
ZTF19aavbjfp,ZTF19aavbjfp_alert_11.npy,SN IIP
ZTF19aavbjfp,ZTF19aavbjfp_alert_12.npy,SN IIP
ZTF19aavbjfp,ZTF19aavbjfp_alert_6.npy,SN IIP
ZTF19aavbjfp,ZTF19aavbjfp_alert_7.npy,SN IIP
ZTF19aavbjfp,ZTF19aavbjfp_alert_8.npy,SN IIP
ZTF19aavbjfp,ZTF19aavbjfp_alert_9.npy,SN IIP
ZTF19aavhblr,ZTF19aavhblr_alert_1.npy,SN IIP
ZTF19aavhblr,ZTF19aavhblr_alert_2.npy,SN IIP
ZTF19aavjukt,ZTF19aavjukt_alert_10.npy,SN IIn
ZTF19aavjukt,ZTF19aavjukt_alert_11.npy,SN IIn
ZTF19aavjukt,ZTF19aavjukt_alert_6.npy,SN IIn
ZTF19aavjukt,ZTF19aavjukt_alert_7.npy,SN IIn
ZTF19aavjukt,ZTF19aavjukt_alert_8.npy,SN IIn
ZTF19aavjukt,ZTF19aavjukt_alert_9.npy,SN IIn
ZTF19aavjztg,ZTF19aavjztg_alert_10.npy,SN IIP
ZTF19aavjztg,ZTF19aavjztg_alert_11.npy,SN IIP
ZTF19aavjztg,ZTF19aavjztg_alert_6.npy,SN IIP
ZTF19aavjztg,ZTF19aavjztg_alert_7.npy,SN IIP
ZTF19aavjztg,ZTF19aavjztg_alert_8.npy,SN IIP
ZTF19aavjztg,ZTF19aavjztg_alert_9.npy,SN IIP
ZTF19aavjzwm,ZTF19aavjzwm_alert_2.npy,SN IIP
ZTF19aavjzwm,ZTF19aavjzwm_alert_3.npy,SN IIP
ZTF19aavnuur,ZTF19aavnuur_alert_10.npy,SN IIP
ZTF19aavnuur,ZTF19aavnuur_alert_11.npy,SN IIP
ZTF19aavnuur,ZTF19aavnuur_alert_12.npy,SN IIP
ZTF19aavnuur,ZTF19aavnuur_alert_13.npy,SN IIP
ZTF19aavnuur,ZTF19aavnuur_alert_14.npy,SN IIP
ZTF19aavnuur,ZTF19aavnuur_alert_15.npy,SN IIP
ZTF19aavnuur,ZTF19aavnuur_alert_16.npy,SN IIP
ZTF19aavnuur,ZTF19aavnuur_alert_17.npy,SN IIP
ZTF19aavnuur,ZTF19aavnuur_alert_9.npy,SN IIP
ZTF19aavomif,ZTF19aavomif_alert_3.npy,Cataclysmic
ZTF19aavomif,ZTF19aavomif_alert_4.npy,Cataclysmic
ZTF19aavomif,ZTF19aavomif_alert_5.npy,Cataclysmic
ZTF19aavomif,ZTF19aavomif_alert_6.npy,Cataclysmic
ZTF19aavoweu,ZTF19aavoweu_alert_23.npy,SN Ic
ZTF19aavoweu,ZTF19aavoweu_alert_26.npy,SN Ic
ZTF19aavoweu,ZTF19aavoweu_alert_28.npy,SN Ic
ZTF19aavoweu,ZTF19aavoweu_alert_31.npy,SN Ic
ZTF19aavoweu,ZTF19aavoweu_alert_33.npy,SN Ic
ZTF19aavoweu,ZTF19aavoweu_alert_36.npy,SN Ic
ZTF19aavoweu,ZTF19aavoweu_alert_38.npy,SN Ic
ZTF19aavoweu,ZTF19aavoweu_alert_41.npy,SN Ic
ZTF19aavoweu,ZTF19aavoweu_alert_43.npy,SN Ic
ZTF19aavoweu,ZTF19aavoweu_alert_46.npy,SN Ic
ZTF19aavqics,ZTF19aavqics_alert_10.npy,SN IIP
ZTF19aavqics,ZTF19aavqics_alert_11.npy,SN IIP
ZTF19aavqics,ZTF19aavqics_alert_12.npy,SN IIP
ZTF19aavqics,ZTF19aavqics_alert_13.npy,SN IIP
ZTF19aavqics,ZTF19aavqics_alert_7.npy,SN IIP
ZTF19aavqics,ZTF19aavqics_alert_8.npy,SN IIP
ZTF19aavqics,ZTF19aavqics_alert_9.npy,SN IIP
ZTF19aavrcew,ZTF19aavrcew_alert_3.npy,SN IIP
ZTF19aavrcew,ZTF19aavrcew_alert_4.npy,SN IIP
ZTF19aavrcew,ZTF19aavrcew_alert_5.npy,SN IIP
ZTF19aavrcew,ZTF19aavrcew_alert_6.npy,SN IIP
ZTF19aavsyhq,ZTF19aavsyhq_alert_3.npy,SN Ia
ZTF19aavsyhq,ZTF19aavsyhq_alert_4.npy,SN Ia
ZTF19aavsyhq,ZTF19aavsyhq_alert_5.npy,SN Ia
ZTF19aavsyhq,ZTF19aavsyhq_alert_6.npy,SN Ia
ZTF19aavtcjs,ZTF19aavtcjs_alert_2.npy,SN IIP
ZTF19aavtcjs,ZTF19aavtcjs_alert_3.npy,SN IIP
ZTF19aavtcjs,ZTF19aavtcjs_alert_4.npy,SN IIP
ZTF19aavweum,ZTF19aavweum_alert_2.npy,SN Ia
ZTF19aavweum,ZTF19aavweum_alert_3.npy,SN Ia
ZTF19aavweum,ZTF19aavweum_alert_4.npy,SN Ia
ZTF19aawethv,ZTF19aawethv_alert_2.npy,SN IIb
ZTF19aawethv,ZTF19aawethv_alert_3.npy,SN IIb
ZTF19aawgxdn,ZTF19aawgxdn_alert_101.npy,SN IIP
ZTF19aawgxdn,ZTF19aawgxdn_alert_108.npy,SN IIP
ZTF19aawgxdn,ZTF19aawgxdn_alert_116.npy,SN IIP
ZTF19aawgxdn,ZTF19aawgxdn_alert_123.npy,SN IIP
ZTF19aawgxdn,ZTF19aawgxdn_alert_130.npy,SN IIP
ZTF19aawgxdn,ZTF19aawgxdn_alert_65.npy,SN IIP
ZTF19aawgxdn,ZTF19aawgxdn_alert_72.npy,SN IIP
ZTF19aawgxdn,ZTF19aawgxdn_alert_79.npy,SN IIP
ZTF19aawgxdn,ZTF19aawgxdn_alert_87.npy,SN IIP
ZTF19aawgxdn,ZTF19aawgxdn_alert_94.npy,SN IIP
ZTF19aawmqtd,ZTF19aawmqtd_alert_23.npy,SN Ia
ZTF19aawmqtd,ZTF19aawmqtd_alert_25.npy,SN Ia
ZTF19aawmqtd,ZTF19aawmqtd_alert_28.npy,SN Ia
ZTF19aawmqtd,ZTF19aawmqtd_alert_30.npy,SN Ia
ZTF19aawmqtd,ZTF19aawmqtd_alert_33.npy,SN Ia
ZTF19aawmqtd,ZTF19aawmqtd_alert_35.npy,SN Ia
ZTF19aawmqtd,ZTF19aawmqtd_alert_38.npy,SN Ia
ZTF19aawmqtd,ZTF19aawmqtd_alert_40.npy,SN Ia
ZTF19aawmqtd,ZTF19aawmqtd_alert_43.npy,SN Ia
ZTF19aawmqtd,ZTF19aawmqtd_alert_45.npy,SN Ia
ZTF19aawrpwn,ZTF19aawrpwn_alert_3.npy,Cataclysmic
ZTF19aawrpwn,ZTF19aawrpwn_alert_4.npy,Cataclysmic
ZTF19aawrpwn,ZTF19aawrpwn_alert_5.npy,Cataclysmic
ZTF19aawrpwn,ZTF19aawrpwn_alert_6.npy,Cataclysmic
ZTF19aawsday,ZTF19aawsday_alert_1.npy,SN Ic
ZTF19aawsday,ZTF19aawsday_alert_2.npy,SN Ic
ZTF19aawyepw,ZTF19aawyepw_alert_27.npy,SN Ia
ZTF19aawyepw,ZTF19aawyepw_alert_30.npy,SN Ia
ZTF19aawyepw,ZTF19aawyepw_alert_33.npy,SN Ia
ZTF19aawyepw,ZTF19aawyepw_alert_36.npy,SN Ia
ZTF19aawyepw,ZTF19aawyepw_alert_39.npy,SN Ia
ZTF19aawyepw,ZTF19aawyepw_alert_42.npy,SN Ia
ZTF19aawyepw,ZTF19aawyepw_alert_45.npy,SN Ia
ZTF19aawyepw,ZTF19aawyepw_alert_48.npy,SN Ia
ZTF19aawyepw,ZTF19aawyepw_alert_51.npy,SN Ia
ZTF19aawyepw,ZTF19aawyepw_alert_54.npy,SN Ia
ZTF19aaxbzqp,ZTF19aaxbzqp_alert_4.npy,Cataclysmic
ZTF19aaxbzqp,ZTF19aaxbzqp_alert_5.npy,Cataclysmic
ZTF19aaxbzqp,ZTF19aaxbzqp_alert_6.npy,Cataclysmic
ZTF19aaxbzqp,ZTF19aaxbzqp_alert_7.npy,Cataclysmic
ZTF19aaxeaag,ZTF19aaxeaag_alert_1.npy,SN IIn
ZTF19aaxeaag,ZTF19aaxeaag_alert_2.npy,SN IIn
ZTF19aaxibpz,ZTF19aaxibpz_alert_3.npy,SN Ia
ZTF19aaxibpz,ZTF19aaxibpz_alert_4.npy,SN Ia
ZTF19aaxibpz,ZTF19aaxibpz_alert_5.npy,SN Ia
ZTF19aaxptsd,ZTF19aaxptsd_alert_3.npy,SN Ia
ZTF19aaxptsd,ZTF19aaxptsd_alert_4.npy,SN Ia
ZTF19aaxptsd,ZTF19aaxptsd_alert_5.npy,SN Ia
ZTF19aaxptsd,ZTF19aaxptsd_alert_6.npy,SN Ia
ZTF19aaxugwk,ZTF19aaxugwk_alert_10.npy,Cataclysmic
ZTF19aaxugwk,ZTF19aaxugwk_alert_11.npy,Cataclysmic
ZTF19aaxugwk,ZTF19aaxugwk_alert_12.npy,Cataclysmic
ZTF19aaxugwk,ZTF19aaxugwk_alert_13.npy,Cataclysmic
ZTF19aaxugwk,ZTF19aaxugwk_alert_14.npy,Cataclysmic
ZTF19aaxugwk,ZTF19aaxugwk_alert_15.npy,Cataclysmic
ZTF19aaxugwk,ZTF19aaxugwk_alert_16.npy,Cataclysmic
ZTF19aaxugwk,ZTF19aaxugwk_alert_8.npy,Cataclysmic
ZTF19aaxugwk,ZTF19aaxugwk_alert_9.npy,Cataclysmic
ZTF19aaxzdtw,ZTF19aaxzdtw_alert_16.npy,SN Ic
ZTF19aaxzdtw,ZTF19aaxzdtw_alert_18.npy,SN Ic
ZTF19aaxzdtw,ZTF19aaxzdtw_alert_19.npy,SN Ic
ZTF19aaxzdtw,ZTF19aaxzdtw_alert_21.npy,SN Ic
ZTF19aaxzdtw,ZTF19aaxzdtw_alert_23.npy,SN Ic
ZTF19aaxzdtw,ZTF19aaxzdtw_alert_24.npy,SN Ic
ZTF19aaxzdtw,ZTF19aaxzdtw_alert_26.npy,SN Ic
ZTF19aaxzdtw,ZTF19aaxzdtw_alert_28.npy,SN Ic
ZTF19aaxzdtw,ZTF19aaxzdtw_alert_29.npy,SN Ic
ZTF19aaxzdtw,ZTF19aaxzdtw_alert_31.npy,SN Ic
ZTF19aaycrgf,ZTF19aaycrgf_alert_1.npy,SN IIP
ZTF19aaycrgf,ZTF19aaycrgf_alert_2.npy,SN IIP
ZTF19aaydtur,ZTF19aaydtur_alert_4.npy,SN IIP
ZTF19aaydtur,ZTF19aaydtur_alert_5.npy,SN IIP
ZTF19aaydtur,ZTF19aaydtur_alert_6.npy,SN IIP
ZTF19aaydtur,ZTF19aaydtur_alert_7.npy,SN IIP
ZTF19aayjqpa,ZTF19aayjqpa_alert_2.npy,SN Ia
ZTF19aayjqpa,ZTF19aayjqpa_alert_3.npy,SN Ia
ZTF19aayjqpa,ZTF19aayjqpa_alert_4.npy,SN Ia
ZTF19aaynnae,ZTF19aaynnae_alert_2.npy,AGN
ZTF19aaynnae,ZTF19aaynnae_alert_3.npy,AGN
ZTF19aaynnae,ZTF19aaynnae_alert_4.npy,AGN
ZTF19aaynskj,ZTF19aaynskj_alert_1.npy,SN Ia
ZTF19aaynskj,ZTF19aaynskj_alert_2.npy,SN Ia
ZTF19aaysfbn,ZTF19aaysfbn_alert_1.npy,SN IIP
ZTF19aaysfbn,ZTF19aaysfbn_alert_2.npy,SN IIP
ZTF19aayshvd,ZTF19aayshvd_alert_1.npy,SN Ia
ZTF19aayshvd,ZTF19aayshvd_alert_2.npy,SN Ia
ZTF19aaytisr,ZTF19aaytisr_alert_1.npy,Cataclysmic
ZTF19aazdroc,ZTF19aazdroc_alert_1.npy,AGN
ZTF19aazdsgo,ZTF19aazdsgo_alert_1.npy,SN Ib
ZTF19aazdsgo,ZTF19aazdsgo_alert_2.npy,SN Ib
ZTF19aazfvhh,ZTF19aazfvhh_alert_101.npy,SN IIP
ZTF19aazfvhh,ZTF19aazfvhh_alert_108.npy,SN IIP
ZTF19aazfvhh,ZTF19aazfvhh_alert_116.npy,SN IIP
ZTF19aazfvhh,ZTF19aazfvhh_alert_123.npy,SN IIP
ZTF19aazfvhh,ZTF19aazfvhh_alert_130.npy,SN IIP
ZTF19aazfvhh,ZTF19aazfvhh_alert_65.npy,SN IIP
ZTF19aazfvhh,ZTF19aazfvhh_alert_72.npy,SN IIP
ZTF19aazfvhh,ZTF19aazfvhh_alert_79.npy,SN IIP
ZTF19aazfvhh,ZTF19aazfvhh_alert_87.npy,SN IIP
ZTF19aazfvhh,ZTF19aazfvhh_alert_94.npy,SN IIP
ZTF19aazgdlv,ZTF19aazgdlv_alert_3.npy,Cataclysmic
ZTF19aazgdlv,ZTF19aazgdlv_alert_4.npy,Cataclysmic
ZTF19aazgdlv,ZTF19aazgdlv_alert_5.npy,Cataclysmic
ZTF19aazgdlv,ZTF19aazgdlv_alert_6.npy,Cataclysmic
ZTF19aazgpar,ZTF19aazgpar_alert_4.npy,SN Ia
ZTF19aazgpar,ZTF19aazgpar_alert_5.npy,SN Ia
ZTF19aazgpar,ZTF19aazgpar_alert_6.npy,SN Ia
ZTF19aazgpar,ZTF19aazgpar_alert_7.npy,SN Ia
ZTF19aazgpar,ZTF19aazgpar_alert_8.npy,SN Ia
ZTF19aazpvdy,ZTF19aazpvdy_alert_3.npy,SN IIP
ZTF19aazpvdy,ZTF19aazpvdy_alert_4.npy,SN IIP
ZTF19aazpvdy,ZTF19aazpvdy_alert_5.npy,SN IIP
ZTF19aazudta,ZTF19aazudta_alert_10.npy,SN IIP
ZTF19aazudta,ZTF19aazudta_alert_11.npy,SN IIP
ZTF19aazudta,ZTF19aazudta_alert_12.npy,SN IIP
ZTF19aazudta,ZTF19aazudta_alert_13.npy,SN IIP
ZTF19aazudta,ZTF19aazudta_alert_14.npy,SN IIP
ZTF19aazudta,ZTF19aazudta_alert_7.npy,SN IIP
ZTF19aazudta,ZTF19aazudta_alert_8.npy,SN IIP
ZTF19aazudta,ZTF19aazudta_alert_9.npy,SN IIP
ZTF19abacxod,ZTF19abacxod_alert_10.npy,SN IIb
ZTF19abacxod,ZTF19abacxod_alert_11.npy,SN IIb
ZTF19abacxod,ZTF19abacxod_alert_6.npy,SN IIb
ZTF19abacxod,ZTF19abacxod_alert_7.npy,SN IIb
ZTF19abacxod,ZTF19abacxod_alert_8.npy,SN IIb
ZTF19abacxod,ZTF19abacxod_alert_9.npy,SN IIb
ZTF19abaejrh,ZTF19abaejrh_alert_1.npy,SN Ia
ZTF19abafmwj,ZTF19abafmwj_alert_12.npy,SN Ic
ZTF19abafmwj,ZTF19abafmwj_alert_13.npy,SN Ic
ZTF19abafmwj,ZTF19abafmwj_alert_15.npy,SN Ic
ZTF19abafmwj,ZTF19abafmwj_alert_16.npy,SN Ic
ZTF19abafmwj,ZTF19abafmwj_alert_17.npy,SN Ic
ZTF19abafmwj,ZTF19abafmwj_alert_19.npy,SN Ic
ZTF19abafmwj,ZTF19abafmwj_alert_20.npy,SN Ic
ZTF19abafmwj,ZTF19abafmwj_alert_21.npy,SN Ic
ZTF19abafmwj,ZTF19abafmwj_alert_23.npy,SN Ic
ZTF19abafmwj,ZTF19abafmwj_alert_24.npy,SN Ic
ZTF19abafrvy,ZTF19abafrvy_alert_2.npy,SN Ia
ZTF19abafrvy,ZTF19abafrvy_alert_3.npy,SN Ia
ZTF19abafrvy,ZTF19abafrvy_alert_4.npy,SN Ia
ZTF19abagewd,ZTF19abagewd_alert_1.npy,Cataclysmic
ZTF19abahjuv,ZTF19abahjuv_alert_100.npy,Cataclysmic
ZTF19abahjuv,ZTF19abahjuv_alert_108.npy,Cataclysmic
ZTF19abahjuv,ZTF19abahjuv_alert_117.npy,Cataclysmic
ZTF19abahjuv,ZTF19abahjuv_alert_125.npy,Cataclysmic
ZTF19abahjuv,ZTF19abahjuv_alert_133.npy,Cataclysmic
ZTF19abahjuv,ZTF19abahjuv_alert_142.npy,Cataclysmic
ZTF19abahjuv,ZTF19abahjuv_alert_150.npy,Cataclysmic
ZTF19abahjuv,ZTF19abahjuv_alert_75.npy,Cataclysmic
ZTF19abahjuv,ZTF19abahjuv_alert_83.npy,Cataclysmic
ZTF19abahjuv,ZTF19abahjuv_alert_92.npy,Cataclysmic
ZTF19abajxet,ZTF19abajxet_alert_10.npy,SN IIP
ZTF19abajxet,ZTF19abajxet_alert_11.npy,SN IIP
ZTF19abajxet,ZTF19abajxet_alert_12.npy,SN IIP
ZTF19abajxet,ZTF19abajxet_alert_13.npy,SN IIP
ZTF19abajxet,ZTF19abajxet_alert_14.npy,SN IIP
ZTF19abajxet,ZTF19abajxet_alert_15.npy,SN IIP
ZTF19abajxet,ZTF19abajxet_alert_16.npy,SN IIP
ZTF19abajxet,ZTF19abajxet_alert_17.npy,SN IIP
ZTF19abajxet,ZTF19abajxet_alert_9.npy,SN IIP
ZTF19abamqxo,ZTF19abamqxo_alert_2.npy,SN Ib
ZTF19abamqxo,ZTF19abamqxo_alert_3.npy,SN Ib
ZTF19abanayw,ZTF19abanayw_alert_3.npy,SN IIP
ZTF19abanayw,ZTF19abanayw_alert_4.npy,SN IIP
ZTF19abanayw,ZTF19abanayw_alert_5.npy,SN IIP
ZTF19abanayw,ZTF19abanayw_alert_6.npy,SN IIP
ZTF19abandzh,ZTF19abandzh_alert_10.npy,SN IIn
ZTF19abandzh,ZTF19abandzh_alert_11.npy,SN IIn
ZTF19abandzh,ZTF19abandzh_alert_6.npy,SN IIn
ZTF19abandzh,ZTF19abandzh_alert_7.npy,SN IIn
ZTF19abandzh,ZTF19abandzh_alert_8.npy,SN IIn
ZTF19abandzh,ZTF19abandzh_alert_9.npy,SN IIn
ZTF19abatvzs,ZTF19abatvzs_alert_5.npy,SN IIP
ZTF19abatvzs,ZTF19abatvzs_alert_6.npy,SN IIP
ZTF19abatvzs,ZTF19abatvzs_alert_7.npy,SN IIP
ZTF19abatvzs,ZTF19abatvzs_alert_8.npy,SN IIP
ZTF19abatvzs,ZTF19abatvzs_alert_9.npy,SN IIP
ZTF19abauylg,ZTF19abauylg_alert_10.npy,SN Ic
ZTF19abauylg,ZTF19abauylg_alert_11.npy,SN Ic
ZTF19abauylg,ZTF19abauylg_alert_12.npy,SN Ic
ZTF19abauylg,ZTF19abauylg_alert_6.npy,SN Ic
ZTF19abauylg,ZTF19abauylg_alert_7.npy,SN Ic
ZTF19abauylg,ZTF19abauylg_alert_8.npy,SN Ic
ZTF19abauylg,ZTF19abauylg_alert_9.npy,SN Ic
ZTF19abbthwy,ZTF19abbthwy_alert_2.npy,SN IIb
ZTF19abbthwy,ZTF19abbthwy_alert_3.npy,SN IIb
ZTF19abbthwy,ZTF19abbthwy_alert_4.npy,SN IIb
ZTF19abbwfgp,ZTF19abbwfgp_alert_13.npy,SN IIP
ZTF19abbwfgp,ZTF19abbwfgp_alert_14.npy,SN IIP
ZTF19abbwfgp,ZTF19abbwfgp_alert_16.npy,SN IIP
ZTF19abbwfgp,ZTF19abbwfgp_alert_17.npy,SN IIP
ZTF19abbwfgp,ZTF19abbwfgp_alert_18.npy,SN IIP
ZTF19abbwfgp,ZTF19abbwfgp_alert_20.npy,SN IIP
ZTF19abbwfgp,ZTF19abbwfgp_alert_21.npy,SN IIP
ZTF19abbwfgp,ZTF19abbwfgp_alert_22.npy,SN IIP
ZTF19abbwfgp,ZTF19abbwfgp_alert_24.npy,SN IIP
ZTF19abbwfgp,ZTF19abbwfgp_alert_25.npy,SN IIP
ZTF19abbwmem,ZTF19abbwmem_alert_10.npy,Cataclysmic
ZTF19abbwmem,ZTF19abbwmem_alert_11.npy,Cataclysmic
ZTF19abbwmem,ZTF19abbwmem_alert_12.npy,Cataclysmic
ZTF19abbwmem,ZTF19abbwmem_alert_13.npy,Cataclysmic
ZTF19abbwmem,ZTF19abbwmem_alert_14.npy,Cataclysmic
ZTF19abbwmem,ZTF19abbwmem_alert_15.npy,Cataclysmic
ZTF19abbwmem,ZTF19abbwmem_alert_8.npy,Cataclysmic
ZTF19abbwmem,ZTF19abbwmem_alert_9.npy,Cataclysmic
ZTF19abbxykm,ZTF19abbxykm_alert_2.npy,SN IIP
ZTF19abbxykm,ZTF19abbxykm_alert_3.npy,SN IIP
ZTF19abcegvm,ZTF19abcegvm_alert_3.npy,SN Ib
ZTF19abcegvm,ZTF19abcegvm_alert_4.npy,SN Ib
ZTF19abcegvm,ZTF19abcegvm_alert_5.npy,SN Ib
ZTF19abcejfo,ZTF19abcejfo_alert_2.npy,SN IIn
ZTF19abcejfo,ZTF19abcejfo_alert_3.npy,SN IIn
ZTF19abcejlb,ZTF19abcejlb_alert_2.npy,SN IIP
ZTF19abcejlb,ZTF19abcejlb_alert_3.npy,SN IIP
ZTF19abcejlb,ZTF19abcejlb_alert_4.npy,SN IIP
ZTF19abcejsg,ZTF19abcejsg_alert_3.npy,SN IIP
ZTF19abcejsg,ZTF19abcejsg_alert_4.npy,SN IIP
ZTF19abcejsg,ZTF19abcejsg_alert_5.npy,SN IIP
ZTF19abcekty,ZTF19abcekty_alert_2.npy,SN IIP
ZTF19abcekty,ZTF19abcekty_alert_3.npy,SN IIP
ZTF19abcemxn,ZTF19abcemxn_alert_104.npy,Cataclysmic
ZTF19abcemxn,ZTF19abcemxn_alert_112.npy,Cataclysmic
ZTF19abcemxn,ZTF19abcemxn_alert_121.npy,Cataclysmic
ZTF19abcemxn,ZTF19abcemxn_alert_129.npy,Cataclysmic
ZTF19abcemxn,ZTF19abcemxn_alert_138.npy,Cataclysmic
ZTF19abcemxn,ZTF19abcemxn_alert_146.npy,Cataclysmic
ZTF19abcemxn,ZTF19abcemxn_alert_155.npy,Cataclysmic
ZTF19abcemxn,ZTF19abcemxn_alert_78.npy,Cataclysmic
ZTF19abcemxn,ZTF19abcemxn_alert_87.npy,Cataclysmic
ZTF19abcemxn,ZTF19abcemxn_alert_95.npy,Cataclysmic
ZTF19abcneik,ZTF19abcneik_alert_3.npy,SN IIP
ZTF19abcneik,ZTF19abcneik_alert_4.npy,SN IIP
ZTF19abcneik,ZTF19abcneik_alert_5.npy,SN IIP
ZTF19abcneik,ZTF19abcneik_alert_6.npy,SN IIP
ZTF19abcpiag,ZTF19abcpiag_alert_2.npy,Cataclysmic
ZTF19abcpiag,ZTF19abcpiag_alert_3.npy,Cataclysmic
ZTF19abctxhf,ZTF19abctxhf_alert_2.npy,SN IIP
ZTF19abctxhf,ZTF19abctxhf_alert_3.npy,SN IIP
ZTF19abctxhf,ZTF19abctxhf_alert_4.npy,SN IIP
ZTF19abecaca,ZTF19abecaca_alert_4.npy,SN IIn
ZTF19abecaca,ZTF19abecaca_alert_5.npy,SN IIn
ZTF19abecaca,ZTF19abecaca_alert_6.npy,SN IIn
ZTF19abecaca,ZTF19abecaca_alert_7.npy,SN IIn
ZTF19abecaca,ZTF19abecaca_alert_8.npy,SN IIn
ZTF19abegizf,ZTF19abegizf_alert_3.npy,SN IIP
ZTF19abegizf,ZTF19abegizf_alert_4.npy,SN IIP
ZTF19abegizf,ZTF19abegizf_alert_5.npy,SN IIP
ZTF19abegxfs,ZTF19abegxfs_alert_2.npy,SN IIn
ZTF19abegxfs,ZTF19abegxfs_alert_3.npy,SN IIn
ZTF19abeloei,ZTF19abeloei_alert_3.npy,SN Ia
ZTF19abeloei,ZTF19abeloei_alert_4.npy,SN Ia
ZTF19abeloei,ZTF19abeloei_alert_5.npy,SN Ia
ZTF19abfiqjg,ZTF19abfiqjg_alert_2.npy,SN Ic
ZTF19abfiqjg,ZTF19abfiqjg_alert_3.npy,SN Ic
ZTF19abfiqjg,ZTF19abfiqjg_alert_4.npy,SN Ic
ZTF19abfjjlk,ZTF19abfjjlk_alert_5.npy,SN Ia
ZTF19abfjjlk,ZTF19abfjjlk_alert_6.npy,SN Ia
ZTF19abfjjlk,ZTF19abfjjlk_alert_7.npy,SN Ia
ZTF19abfjjlk,ZTF19abfjjlk_alert_8.npy,SN Ia
ZTF19abfjjlk,ZTF19abfjjlk_alert_9.npy,SN Ia
ZTF19abfloxk,ZTF19abfloxk_alert_36.npy,SN IIP
ZTF19abfloxk,ZTF19abfloxk_alert_40.npy,SN IIP
ZTF19abfloxk,ZTF19abfloxk_alert_44.npy,SN IIP
ZTF19abfloxk,ZTF19abfloxk_alert_48.npy,SN IIP
ZTF19abfloxk,ZTF19abfloxk_alert_52.npy,SN IIP
ZTF19abfloxk,ZTF19abfloxk_alert_55.npy,SN IIP
ZTF19abfloxk,ZTF19abfloxk_alert_59.npy,SN IIP
ZTF19abfloxk,ZTF19abfloxk_alert_63.npy,SN IIP
ZTF19abfloxk,ZTF19abfloxk_alert_67.npy,SN IIP
ZTF19abfloxk,ZTF19abfloxk_alert_71.npy,SN IIP
ZTF19abfvovo,ZTF19abfvovo_alert_10.npy,SN Ia
ZTF19abfvovo,ZTF19abfvovo_alert_11.npy,SN Ia
ZTF19abfvovo,ZTF19abfvovo_alert_12.npy,SN Ia
ZTF19abfvovo,ZTF19abfvovo_alert_13.npy,SN Ia
ZTF19abfvovo,ZTF19abfvovo_alert_14.npy,SN Ia
ZTF19abfvovo,ZTF19abfvovo_alert_15.npy,SN Ia
ZTF19abfvovo,ZTF19abfvovo_alert_16.npy,SN Ia
ZTF19abfvovo,ZTF19abfvovo_alert_8.npy,SN Ia
ZTF19abfvovo,ZTF19abfvovo_alert_9.npy,SN Ia
ZTF19abfwdqv,ZTF19abfwdqv_alert_2.npy,SN IIP
ZTF19abfwdqv,ZTF19abfwdqv_alert_3.npy,SN IIP
ZTF19abgbdcp,ZTF19abgbdcp_alert_10.npy,SN IIP
ZTF19abgbdcp,ZTF19abgbdcp_alert_11.npy,SN IIP
ZTF19abgbdcp,ZTF19abgbdcp_alert_12.npy,SN IIP
ZTF19abgbdcp,ZTF19abgbdcp_alert_13.npy,SN IIP
ZTF19abgbdcp,ZTF19abgbdcp_alert_14.npy,SN IIP
ZTF19abgbdcp,ZTF19abgbdcp_alert_15.npy,SN IIP
ZTF19abgbdcp,ZTF19abgbdcp_alert_16.npy,SN IIP
ZTF19abgbdcp,ZTF19abgbdcp_alert_8.npy,SN IIP
ZTF19abgbdcp,ZTF19abgbdcp_alert_9.npy,SN IIP
ZTF19abgcnzi,ZTF19abgcnzi_alert_2.npy,Cataclysmic
ZTF19abgcnzi,ZTF19abgcnzi_alert_3.npy,Cataclysmic
ZTF19abgcnzi,ZTF19abgcnzi_alert_4.npy,Cataclysmic
ZTF19abgczul,ZTF19abgczul_alert_2.npy,Cataclysmic
ZTF19abgczul,ZTF19abgczul_alert_3.npy,Cataclysmic
ZTF19abgczul,ZTF19abgczul_alert_4.npy,Cataclysmic
ZTF19abgfuhh,ZTF19abgfuhh_alert_10.npy,SN IIb
ZTF19abgfuhh,ZTF19abgfuhh_alert_11.npy,SN IIb
ZTF19abgfuhh,ZTF19abgfuhh_alert_12.npy,SN IIb
ZTF19abgfuhh,ZTF19abgfuhh_alert_13.npy,SN IIb
ZTF19abgfuhh,ZTF19abgfuhh_alert_14.npy,SN IIb
ZTF19abgfuhh,ZTF19abgfuhh_alert_15.npy,SN IIb
ZTF19abgfuhh,ZTF19abgfuhh_alert_16.npy,SN IIb
ZTF19abgfuhh,ZTF19abgfuhh_alert_17.npy,SN IIb
ZTF19abgfuhh,ZTF19abgfuhh_alert_18.npy,SN IIb
ZTF19abgfuhh,ZTF19abgfuhh_alert_9.npy,SN IIb
ZTF19abgiwkt,ZTF19abgiwkt_alert_2.npy,SN IIP
ZTF19abgiwkt,ZTF19abgiwkt_alert_3.npy,SN IIP
ZTF19abgncfz,ZTF19abgncfz_alert_4.npy,SN IIP
ZTF19abgncfz,ZTF19abgncfz_alert_5.npy,SN IIP
ZTF19abgncfz,ZTF19abgncfz_alert_6.npy,SN IIP
ZTF19abgncfz,ZTF19abgncfz_alert_7.npy,SN IIP
ZTF19abgncfz,ZTF19abgncfz_alert_8.npy,SN IIP
ZTF19abgndlf,ZTF19abgndlf_alert_10.npy,SN IIn
ZTF19abgndlf,ZTF19abgndlf_alert_11.npy,SN IIn
ZTF19abgndlf,ZTF19abgndlf_alert_12.npy,SN IIn
ZTF19abgndlf,ZTF19abgndlf_alert_13.npy,SN IIn
ZTF19abgndlf,ZTF19abgndlf_alert_14.npy,SN IIn
ZTF19abgndlf,ZTF19abgndlf_alert_7.npy,SN IIn
ZTF19abgndlf,ZTF19abgndlf_alert_8.npy,SN IIn
ZTF19abgndlf,ZTF19abgndlf_alert_9.npy,SN IIn
ZTF19abgpgyp,ZTF19abgpgyp_alert_12.npy,SN IIP
ZTF19abgpgyp,ZTF19abgpgyp_alert_13.npy,SN IIP
ZTF19abgpgyp,ZTF19abgpgyp_alert_14.npy,SN IIP
ZTF19abgpgyp,ZTF19abgpgyp_alert_16.npy,SN IIP
ZTF19abgpgyp,ZTF19abgpgyp_alert_17.npy,SN IIP
ZTF19abgpgyp,ZTF19abgpgyp_alert_18.npy,SN IIP
ZTF19abgpgyp,ZTF19abgpgyp_alert_19.npy,SN IIP
ZTF19abgpgyp,ZTF19abgpgyp_alert_21.npy,SN IIP
ZTF19abgpgyp,ZTF19abgpgyp_alert_22.npy,SN IIP
ZTF19abgpgyp,ZTF19abgpgyp_alert_23.npy,SN IIP
ZTF19abgrmfu,ZTF19abgrmfu_alert_10.npy,SN IIP
ZTF19abgrmfu,ZTF19abgrmfu_alert_11.npy,SN IIP
ZTF19abgrmfu,ZTF19abgrmfu_alert_12.npy,SN IIP
ZTF19abgrmfu,ZTF19abgrmfu_alert_13.npy,SN IIP
ZTF19abgrmfu,ZTF19abgrmfu_alert_14.npy,SN IIP
ZTF19abgrmfu,ZTF19abgrmfu_alert_15.npy,SN IIP
ZTF19abgrmfu,ZTF19abgrmfu_alert_16.npy,SN IIP
ZTF19abgrmfu,ZTF19abgrmfu_alert_17.npy,SN IIP
ZTF19abgrmfu,ZTF19abgrmfu_alert_18.npy,SN IIP
ZTF19abgrmfu,ZTF19abgrmfu_alert_9.npy,SN IIP
ZTF19abgueit,ZTF19abgueit_alert_10.npy,Cataclysmic
ZTF19abgueit,ZTF19abgueit_alert_11.npy,Cataclysmic
ZTF19abgueit,ZTF19abgueit_alert_12.npy,Cataclysmic
ZTF19abgueit,ZTF19abgueit_alert_13.npy,Cataclysmic
ZTF19abgueit,ZTF19abgueit_alert_14.npy,Cataclysmic
ZTF19abgueit,ZTF19abgueit_alert_15.npy,Cataclysmic
ZTF19abgueit,ZTF19abgueit_alert_16.npy,Cataclysmic
ZTF19abgueit,ZTF19abgueit_alert_8.npy,Cataclysmic
ZTF19abgueit,ZTF19abgueit_alert_9.npy,Cataclysmic
ZTF19abguqsi,ZTF19abguqsi_alert_1.npy,SN IIP
ZTF19abguqsi,ZTF19abguqsi_alert_2.npy,SN IIP
ZTF19abhcefa,ZTF19abhcefa_alert_4.npy,SN Ib
ZTF19abhcefa,ZTF19abhcefa_alert_5.npy,SN Ib
ZTF19abhcefa,ZTF19abhcefa_alert_6.npy,SN Ib
ZTF19abhcefa,ZTF19abhcefa_alert_7.npy,SN Ib
ZTF19abhduuo,ZTF19abhduuo_alert_1.npy,SN IIP
ZTF19abhduuo,ZTF19abhduuo_alert_2.npy,SN IIP
ZTF19abhemuy,ZTF19abhemuy_alert_1.npy,SN Ia
ZTF19abhemuy,ZTF19abhemuy_alert_2.npy,SN Ia
ZTF19abhhocz,ZTF19abhhocz_alert_2.npy,SN Ia
ZTF19abhhocz,ZTF19abhhocz_alert_3.npy,SN Ia
ZTF19abhhocz,ZTF19abhhocz_alert_4.npy,SN Ia
ZTF19abhibzk,ZTF19abhibzk_alert_10.npy,SN Ia
ZTF19abhibzk,ZTF19abhibzk_alert_5.npy,SN Ia
ZTF19abhibzk,ZTF19abhibzk_alert_6.npy,SN Ia
ZTF19abhibzk,ZTF19abhibzk_alert_7.npy,SN Ia
ZTF19abhibzk,ZTF19abhibzk_alert_8.npy,SN Ia
ZTF19abhibzk,ZTF19abhibzk_alert_9.npy,SN Ia
ZTF19abhpvfq,ZTF19abhpvfq_alert_10.npy,SN Ia
ZTF19abhpvfq,ZTF19abhpvfq_alert_5.npy,SN Ia
ZTF19abhpvfq,ZTF19abhpvfq_alert_6.npy,SN Ia
ZTF19abhpvfq,ZTF19abhpvfq_alert_7.npy,SN Ia
ZTF19abhpvfq,ZTF19abhpvfq_alert_8.npy,SN Ia
ZTF19abhpvfq,ZTF19abhpvfq_alert_9.npy,SN Ia
ZTF19abiahko,ZTF19abiahko_alert_3.npy,SN IIP
ZTF19abiahko,ZTF19abiahko_alert_4.npy,SN IIP
ZTF19abiahko,ZTF19abiahko_alert_5.npy,SN IIP
ZTF19abidfsb,ZTF19abidfsb_alert_4.npy,SN Ia
ZTF19abidfsb,ZTF19abidfsb_alert_5.npy,SN Ia
ZTF19abidfsb,ZTF19abidfsb_alert_6.npy,SN Ia
ZTF19abidfsb,ZTF19abidfsb_alert_7.npy,SN Ia
ZTF19abidfsb,ZTF19abidfsb_alert_8.npy,SN Ia
ZTF19abiqfxi,ZTF19abiqfxi_alert_10.npy,SN IIn
ZTF19abiqfxi,ZTF19abiqfxi_alert_11.npy,SN IIn
ZTF19abiqfxi,ZTF19abiqfxi_alert_12.npy,SN IIn
ZTF19abiqfxi,ZTF19abiqfxi_alert_13.npy,SN IIn
ZTF19abiqfxi,ZTF19abiqfxi_alert_14.npy,SN IIn
ZTF19abiqfxi,ZTF19abiqfxi_alert_7.npy,SN IIn
ZTF19abiqfxi,ZTF19abiqfxi_alert_8.npy,SN IIn
ZTF19abiqfxi,ZTF19abiqfxi_alert_9.npy,SN IIn
ZTF19abiszoe,ZTF19abiszoe_alert_1.npy,SN IIn
ZTF19abiszzn,ZTF19abiszzn_alert_3.npy,SN IIP
ZTF19abiszzn,ZTF19abiszzn_alert_4.npy,SN IIP
ZTF19abiszzn,ZTF19abiszzn_alert_5.npy,SN IIP
ZTF19abjacdu,ZTF19abjacdu_alert_20.npy,SN IIn
ZTF19abjacdu,ZTF19abjacdu_alert_22.npy,SN IIn
ZTF19abjacdu,ZTF19abjacdu_alert_24.npy,SN IIn
ZTF19abjacdu,ZTF19abjacdu_alert_26.npy,SN IIn
ZTF19abjacdu,ZTF19abjacdu_alert_28.npy,SN IIn
ZTF19abjacdu,ZTF19abjacdu_alert_31.npy,SN IIn
ZTF19abjacdu,ZTF19abjacdu_alert_33.npy,SN IIn
ZTF19abjacdu,ZTF19abjacdu_alert_35.npy,SN IIn
ZTF19abjacdu,ZTF19abjacdu_alert_37.npy,SN IIn
ZTF19abjacdu,ZTF19abjacdu_alert_39.npy,SN IIn
ZTF19abjgdhb,ZTF19abjgdhb_alert_3.npy,SN IIP
ZTF19abjgdhb,ZTF19abjgdhb_alert_4.npy,SN IIP
ZTF19abjgdhb,ZTF19abjgdhb_alert_5.npy,SN IIP
ZTF19abjgdko,ZTF19abjgdko_alert_4.npy,SN Ia
ZTF19abjgdko,ZTF19abjgdko_alert_5.npy,SN Ia
ZTF19abjgdko,ZTF19abjgdko_alert_6.npy,SN Ia
ZTF19abjgdko,ZTF19abjgdko_alert_7.npy,SN Ia
ZTF19abjrjdw,ZTF19abjrjdw_alert_3.npy,SN IIP
ZTF19abjrjdw,ZTF19abjrjdw_alert_4.npy,SN IIP
ZTF19abjrjdw,ZTF19abjrjdw_alert_5.npy,SN IIP
ZTF19abjsmmv,ZTF19abjsmmv_alert_4.npy,SN IIP
ZTF19abjsmmv,ZTF19abjsmmv_alert_5.npy,SN IIP
ZTF19abjsmmv,ZTF19abjsmmv_alert_6.npy,SN IIP
ZTF19abjsmmv,ZTF19abjsmmv_alert_7.npy,SN IIP
ZTF19abjsmmv,ZTF19abjsmmv_alert_8.npy,SN IIP
ZTF19abkdrir,ZTF19abkdrir_alert_10.npy,SN Ia
ZTF19abkdrir,ZTF19abkdrir_alert_11.npy,SN Ia
ZTF19abkdrir,ZTF19abkdrir_alert_12.npy,SN Ia
ZTF19abkdrir,ZTF19abkdrir_alert_6.npy,SN Ia
ZTF19abkdrir,ZTF19abkdrir_alert_7.npy,SN Ia
ZTF19abkdrir,ZTF19abkdrir_alert_8.npy,SN Ia
ZTF19abkdrir,ZTF19abkdrir_alert_9.npy,SN Ia
ZTF19abkfmjp,ZTF19abkfmjp_alert_3.npy,SN IIP
ZTF19abkfmjp,ZTF19abkfmjp_alert_4.npy,SN IIP
ZTF19abkfmjp,ZTF19abkfmjp_alert_5.npy,SN IIP
ZTF19abkfqqp,ZTF19abkfqqp_alert_2.npy,SN IIP
ZTF19abkfqqp,ZTF19abkfqqp_alert_3.npy,SN IIP
ZTF19abkfqqp,ZTF19abkfqqp_alert_4.npy,SN IIP
ZTF19abkfxfb,ZTF19abkfxfb_alert_2.npy,SN IIP
ZTF19abkfxfb,ZTF19abkfxfb_alert_3.npy,SN IIP
ZTF19abkgbul,ZTF19abkgbul_alert_3.npy,SN Ia
ZTF19abkgbul,ZTF19abkgbul_alert_4.npy,SN Ia
ZTF19abkgbul,ZTF19abkgbul_alert_5.npy,SN Ia
ZTF19abkgjmj,ZTF19abkgjmj_alert_1.npy,SN IIP
ZTF19abkgjmj,ZTF19abkgjmj_alert_2.npy,SN IIP
ZTF19ablfdwt,ZTF19ablfdwt_alert_2.npy,SN IIP
ZTF19ablfdwt,ZTF19ablfdwt_alert_3.npy,SN IIP
ZTF19abllcvf,ZTF19abllcvf_alert_2.npy,Cataclysmic
ZTF19abllcvf,ZTF19abllcvf_alert_3.npy,Cataclysmic
ZTF19ablojrw,ZTF19ablojrw_alert_3.npy,SN IIn
ZTF19ablojrw,ZTF19ablojrw_alert_4.npy,SN IIn
ZTF19ablojrw,ZTF19ablojrw_alert_5.npy,SN IIn
ZTF19ablwwox,ZTF19ablwwox_alert_2.npy,Cataclysmic
ZTF19ablwwox,ZTF19ablwwox_alert_3.npy,Cataclysmic
ZTF19ablwwox,ZTF19ablwwox_alert_4.npy,Cataclysmic
ZTF19abmpoxa,ZTF19abmpoxa_alert_2.npy,SN Ia
ZTF19abmpoxa,ZTF19abmpoxa_alert_3.npy,SN Ia
ZTF19abmtpvz,ZTF19abmtpvz_alert_1.npy,SN IIP
ZTF19abnkrcd,ZTF19abnkrcd_alert_10.npy,SN Ia
ZTF19abnkrcd,ZTF19abnkrcd_alert_11.npy,SN Ia
ZTF19abnkrcd,ZTF19abnkrcd_alert_12.npy,SN Ia
ZTF19abnkrcd,ZTF19abnkrcd_alert_13.npy,SN Ia
ZTF19abnkrcd,ZTF19abnkrcd_alert_14.npy,SN Ia
ZTF19abnkrcd,ZTF19abnkrcd_alert_15.npy,SN Ia
ZTF19abnkrcd,ZTF19abnkrcd_alert_16.npy,SN Ia
ZTF19abnkrcd,ZTF19abnkrcd_alert_8.npy,SN Ia
ZTF19abnkrcd,ZTF19abnkrcd_alert_9.npy,SN Ia
ZTF19abopyyu,ZTF19abopyyu_alert_10.npy,SN Ia
ZTF19abopyyu,ZTF19abopyyu_alert_11.npy,SN Ia
ZTF19abopyyu,ZTF19abopyyu_alert_12.npy,SN Ia
ZTF19abopyyu,ZTF19abopyyu_alert_13.npy,SN Ia
ZTF19abopyyu,ZTF19abopyyu_alert_7.npy,SN Ia
ZTF19abopyyu,ZTF19abopyyu_alert_8.npy,SN Ia
ZTF19abopyyu,ZTF19abopyyu_alert_9.npy,SN Ia
ZTF19aboueif,ZTF19aboueif_alert_11.npy,Cataclysmic
ZTF19aboueif,ZTF19aboueif_alert_12.npy,Cataclysmic
ZTF19aboueif,ZTF19aboueif_alert_13.npy,Cataclysmic
ZTF19aboueif,ZTF19aboueif_alert_14.npy,Cataclysmic
ZTF19aboueif,ZTF19aboueif_alert_15.npy,Cataclysmic
ZTF19aboueif,ZTF19aboueif_alert_17.npy,Cataclysmic
ZTF19aboueif,ZTF19aboueif_alert_18.npy,Cataclysmic
ZTF19aboueif,ZTF19aboueif_alert_19.npy,Cataclysmic
ZTF19aboueif,ZTF19aboueif_alert_20.npy,Cataclysmic
ZTF19aboueif,ZTF19aboueif_alert_21.npy,Cataclysmic
ZTF19abouhwv,ZTF19abouhwv_alert_1.npy,AGN
ZTF19abouhwv,ZTF19abouhwv_alert_2.npy,AGN
ZTF19abovstj,ZTF19abovstj_alert_3.npy,SN IIP
ZTF19abovstj,ZTF19abovstj_alert_4.npy,SN IIP
ZTF19abovstj,ZTF19abovstj_alert_5.npy,SN IIP
ZTF19abowcic,ZTF19abowcic_alert_15.npy,SN Ia
ZTF19abowcic,ZTF19abowcic_alert_17.npy,SN Ia
ZTF19abowcic,ZTF19abowcic_alert_18.npy,SN Ia
ZTF19abowcic,ZTF19abowcic_alert_20.npy,SN Ia
ZTF19abowcic,ZTF19abowcic_alert_22.npy,SN Ia
ZTF19abowcic,ZTF19abowcic_alert_23.npy,SN Ia
ZTF19abowcic,ZTF19abowcic_alert_25.npy,SN Ia
ZTF19abowcic,ZTF19abowcic_alert_27.npy,SN Ia
ZTF19abowcic,ZTF19abowcic_alert_28.npy,SN Ia
ZTF19abowcic,ZTF19abowcic_alert_30.npy,SN Ia
ZTF19abpidqn,ZTF19abpidqn_alert_47.npy,SN IIn
ZTF19abpidqn,ZTF19abpidqn_alert_52.npy,SN IIn
ZTF19abpidqn,ZTF19abpidqn_alert_57.npy,SN IIn
ZTF19abpidqn,ZTF19abpidqn_alert_62.npy,SN IIn
ZTF19abpidqn,ZTF19abpidqn_alert_67.npy,SN IIn
ZTF19abpidqn,ZTF19abpidqn_alert_73.npy,SN IIn
ZTF19abpidqn,ZTF19abpidqn_alert_78.npy,SN IIn
ZTF19abpidqn,ZTF19abpidqn_alert_83.npy,SN IIn
ZTF19abpidqn,ZTF19abpidqn_alert_88.npy,SN IIn
ZTF19abpidqn,ZTF19abpidqn_alert_93.npy,SN IIn
ZTF19abpnrqa,ZTF19abpnrqa_alert_2.npy,SN Ia
ZTF19abpnrqa,ZTF19abpnrqa_alert_3.npy,SN Ia
ZTF19abpnrqa,ZTF19abpnrqa_alert_4.npy,SN Ia
ZTF19abpnrrf,ZTF19abpnrrf_alert_4.npy,SN IIP
ZTF19abpnrrf,ZTF19abpnrrf_alert_5.npy,SN IIP
ZTF19abpnrrf,ZTF19abpnrrf_alert_6.npy,SN IIP
ZTF19abpnrrf,ZTF19abpnrrf_alert_7.npy,SN IIP
ZTF19abpnrrf,ZTF19abpnrrf_alert_8.npy,SN IIP
ZTF19abppewc,ZTF19abppewc_alert_24.npy,Cataclysmic
ZTF19abppewc,ZTF19abppewc_alert_27.npy,Cataclysmic
ZTF19abppewc,ZTF19abppewc_alert_29.npy,Cataclysmic
ZTF19abppewc,ZTF19abppewc_alert_32.npy,Cataclysmic
ZTF19abppewc,ZTF19abppewc_alert_34.npy,Cataclysmic
ZTF19abppewc,ZTF19abppewc_alert_37.npy,Cataclysmic
ZTF19abppewc,ZTF19abppewc_alert_39.npy,Cataclysmic
ZTF19abppewc,ZTF19abppewc_alert_42.npy,Cataclysmic
ZTF19abppewc,ZTF19abppewc_alert_44.npy,Cataclysmic
ZTF19abppewc,ZTF19abppewc_alert_47.npy,Cataclysmic
ZTF19abpuyvi,ZTF19abpuyvi_alert_10.npy,Cataclysmic
ZTF19abpuyvi,ZTF19abpuyvi_alert_11.npy,Cataclysmic
ZTF19abpuyvi,ZTF19abpuyvi_alert_12.npy,Cataclysmic
ZTF19abpuyvi,ZTF19abpuyvi_alert_13.npy,Cataclysmic
ZTF19abpuyvi,ZTF19abpuyvi_alert_14.npy,Cataclysmic
ZTF19abpuyvi,ZTF19abpuyvi_alert_15.npy,Cataclysmic
ZTF19abpuyvi,ZTF19abpuyvi_alert_16.npy,Cataclysmic
ZTF19abpuyvi,ZTF19abpuyvi_alert_8.npy,Cataclysmic
ZTF19abpuyvi,ZTF19abpuyvi_alert_9.npy,Cataclysmic
ZTF19abpwygn,ZTF19abpwygn_alert_10.npy,Cataclysmic
ZTF19abpwygn,ZTF19abpwygn_alert_11.npy,Cataclysmic
ZTF19abpwygn,ZTF19abpwygn_alert_6.npy,Cataclysmic
ZTF19abpwygn,ZTF19abpwygn_alert_7.npy,Cataclysmic
ZTF19abpwygn,ZTF19abpwygn_alert_8.npy,Cataclysmic
ZTF19abpwygn,ZTF19abpwygn_alert_9.npy,Cataclysmic
ZTF19abpxiff,ZTF19abpxiff_alert_3.npy,SN IIP
ZTF19abpxiff,ZTF19abpxiff_alert_4.npy,SN IIP
ZTF19abpxiff,ZTF19abpxiff_alert_5.npy,SN IIP
ZTF19abpxiff,ZTF19abpxiff_alert_6.npy,SN IIP
ZTF19abpyqog,ZTF19abpyqog_alert_28.npy,SN IIP
ZTF19abpyqog,ZTF19abpyqog_alert_31.npy,SN IIP
ZTF19abpyqog,ZTF19abpyqog_alert_34.npy,SN IIP
ZTF19abpyqog,ZTF19abpyqog_alert_37.npy,SN IIP
ZTF19abpyqog,ZTF19abpyqog_alert_40.npy,SN IIP
ZTF19abpyqog,ZTF19abpyqog_alert_44.npy,SN IIP
ZTF19abpyqog,ZTF19abpyqog_alert_47.npy,SN IIP
ZTF19abpyqog,ZTF19abpyqog_alert_50.npy,SN IIP
ZTF19abpyqog,ZTF19abpyqog_alert_53.npy,SN IIP
ZTF19abpyqog,ZTF19abpyqog_alert_56.npy,SN IIP
ZTF19abqgtqo,ZTF19abqgtqo_alert_14.npy,SN IIP
ZTF19abqgtqo,ZTF19abqgtqo_alert_15.npy,SN IIP
ZTF19abqgtqo,ZTF19abqgtqo_alert_17.npy,SN IIP
ZTF19abqgtqo,ZTF19abqgtqo_alert_18.npy,SN IIP
ZTF19abqgtqo,ZTF19abqgtqo_alert_20.npy,SN IIP
ZTF19abqgtqo,ZTF19abqgtqo_alert_21.npy,SN IIP
ZTF19abqgtqo,ZTF19abqgtqo_alert_23.npy,SN IIP
ZTF19abqgtqo,ZTF19abqgtqo_alert_24.npy,SN IIP
ZTF19abqgtqo,ZTF19abqgtqo_alert_26.npy,SN IIP
ZTF19abqgtqo,ZTF19abqgtqo_alert_27.npy,SN IIP
ZTF19abqhobb,ZTF19abqhobb_alert_12.npy,SN IIP
ZTF19abqhobb,ZTF19abqhobb_alert_13.npy,SN IIP
ZTF19abqhobb,ZTF19abqhobb_alert_15.npy,SN IIP
ZTF19abqhobb,ZTF19abqhobb_alert_16.npy,SN IIP
ZTF19abqhobb,ZTF19abqhobb_alert_17.npy,SN IIP
ZTF19abqhobb,ZTF19abqhobb_alert_19.npy,SN IIP
ZTF19abqhobb,ZTF19abqhobb_alert_20.npy,SN IIP
ZTF19abqhobb,ZTF19abqhobb_alert_21.npy,SN IIP
ZTF19abqhobb,ZTF19abqhobb_alert_23.npy,SN IIP
ZTF19abqhobb,ZTF19abqhobb_alert_24.npy,SN IIP
ZTF19abqmurd,ZTF19abqmurd_alert_2.npy,SN IIP
ZTF19abqmurd,ZTF19abqmurd_alert_3.npy,SN IIP
ZTF19abqqrgy,ZTF19abqqrgy_alert_1.npy,SN Ib
ZTF19abqqrgy,ZTF19abqqrgy_alert_2.npy,SN Ib
ZTF19abqrhvt,ZTF19abqrhvt_alert_3.npy,SN IIP
ZTF19abqrhvt,ZTF19abqrhvt_alert_4.npy,SN IIP
ZTF19abqrhvt,ZTF19abqrhvt_alert_5.npy,SN IIP
ZTF19abqrhvy,ZTF19abqrhvy_alert_19.npy,SN IIP
ZTF19abqrhvy,ZTF19abqrhvy_alert_21.npy,SN IIP
ZTF19abqrhvy,ZTF19abqrhvy_alert_23.npy,SN IIP
ZTF19abqrhvy,ZTF19abqrhvy_alert_25.npy,SN IIP
ZTF19abqrhvy,ZTF19abqrhvy_alert_27.npy,SN IIP
ZTF19abqrhvy,ZTF19abqrhvy_alert_30.npy,SN IIP
ZTF19abqrhvy,ZTF19abqrhvy_alert_32.npy,SN IIP
ZTF19abqrhvy,ZTF19abqrhvy_alert_34.npy,SN IIP
ZTF19abqrhvy,ZTF19abqrhvy_alert_36.npy,SN IIP
ZTF19abqrhvy,ZTF19abqrhvy_alert_38.npy,SN IIP
ZTF19abqwsuf,ZTF19abqwsuf_alert_10.npy,SN IIP
ZTF19abqwsuf,ZTF19abqwsuf_alert_11.npy,SN IIP
ZTF19abqwsuf,ZTF19abqwsuf_alert_12.npy,SN IIP
ZTF19abqwsuf,ZTF19abqwsuf_alert_13.npy,SN IIP
ZTF19abqwsuf,ZTF19abqwsuf_alert_14.npy,SN IIP
ZTF19abqwsuf,ZTF19abqwsuf_alert_15.npy,SN IIP
ZTF19abqwsuf,ZTF19abqwsuf_alert_8.npy,SN IIP
ZTF19abqwsuf,ZTF19abqwsuf_alert_9.npy,SN IIP
ZTF19abqwtfu,ZTF19abqwtfu_alert_13.npy,SN Ib
ZTF19abqwtfu,ZTF19abqwtfu_alert_14.npy,SN Ib
ZTF19abqwtfu,ZTF19abqwtfu_alert_16.npy,SN Ib
ZTF19abqwtfu,ZTF19abqwtfu_alert_17.npy,SN Ib
ZTF19abqwtfu,ZTF19abqwtfu_alert_18.npy,SN Ib
ZTF19abqwtfu,ZTF19abqwtfu_alert_20.npy,SN Ib
ZTF19abqwtfu,ZTF19abqwtfu_alert_21.npy,SN Ib
ZTF19abqwtfu,ZTF19abqwtfu_alert_22.npy,SN Ib
ZTF19abqwtfu,ZTF19abqwtfu_alert_24.npy,SN Ib
ZTF19abqwtfu,ZTF19abqwtfu_alert_25.npy,SN Ib
ZTF19abqyouo,ZTF19abqyouo_alert_2.npy,SN IIP
ZTF19abqyouo,ZTF19abqyouo_alert_3.npy,SN IIP
ZTF19abqyoxj,ZTF19abqyoxj_alert_2.npy,SN IIP
ZTF19abqyoxj,ZTF19abqyoxj_alert_3.npy,SN IIP
ZTF19abrbmvt,ZTF19abrbmvt_alert_12.npy,SN IIP
ZTF19abrbmvt,ZTF19abrbmvt_alert_13.npy,SN IIP
ZTF19abrbmvt,ZTF19abrbmvt_alert_14.npy,SN IIP
ZTF19abrbmvt,ZTF19abrbmvt_alert_16.npy,SN IIP
ZTF19abrbmvt,ZTF19abrbmvt_alert_17.npy,SN IIP
ZTF19abrbmvt,ZTF19abrbmvt_alert_18.npy,SN IIP
ZTF19abrbmvt,ZTF19abrbmvt_alert_19.npy,SN IIP
ZTF19abrbmvt,ZTF19abrbmvt_alert_21.npy,SN IIP
ZTF19abrbmvt,ZTF19abrbmvt_alert_22.npy,SN IIP
ZTF19abrbmvt,ZTF19abrbmvt_alert_23.npy,SN IIP
ZTF19abrlvij,ZTF19abrlvij_alert_15.npy,SN IIP
ZTF19abrlvij,ZTF19abrlvij_alert_17.npy,SN IIP
ZTF19abrlvij,ZTF19abrlvij_alert_18.npy,SN IIP
ZTF19abrlvij,ZTF19abrlvij_alert_20.npy,SN IIP
ZTF19abrlvij,ZTF19abrlvij_alert_21.npy,SN IIP
ZTF19abrlvij,ZTF19abrlvij_alert_23.npy,SN IIP
ZTF19abrlvij,ZTF19abrlvij_alert_24.npy,SN IIP
ZTF19abrlvij,ZTF19abrlvij_alert_26.npy,SN IIP
ZTF19abrlvij,ZTF19abrlvij_alert_27.npy,SN IIP
ZTF19abrlvij,ZTF19abrlvij_alert_29.npy,SN IIP
ZTF19abrtjsf,ZTF19abrtjsf_alert_1.npy,SN IIP
ZTF19abrtjsf,ZTF19abrtjsf_alert_2.npy,SN IIP
ZTF19abtslqm,ZTF19abtslqm_alert_2.npy,SN IIP
ZTF19abtslqm,ZTF19abtslqm_alert_3.npy,SN IIP
ZTF19abtuflm,ZTF19abtuflm_alert_1.npy,SN IIP
ZTF19abtuflm,ZTF19abtuflm_alert_2.npy,SN IIP
ZTF19abtuigb,ZTF19abtuigb_alert_1.npy,SN Ia
ZTF19abtuigb,ZTF19abtuigb_alert_2.npy,SN Ia
ZTF19abtulak,ZTF19abtulak_alert_12.npy,SN Ia
ZTF19abtulak,ZTF19abtulak_alert_13.npy,SN Ia
ZTF19abtulak,ZTF19abtulak_alert_14.npy,SN Ia
ZTF19abtulak,ZTF19abtulak_alert_16.npy,SN Ia
ZTF19abtulak,ZTF19abtulak_alert_17.npy,SN Ia
ZTF19abtulak,ZTF19abtulak_alert_18.npy,SN Ia
ZTF19abtulak,ZTF19abtulak_alert_19.npy,SN Ia
ZTF19abtulak,ZTF19abtulak_alert_21.npy,SN Ia
ZTF19abtulak,ZTF19abtulak_alert_22.npy,SN Ia
ZTF19abtulak,ZTF19abtulak_alert_23.npy,SN Ia
ZTF19abudlps,ZTF19abudlps_alert_2.npy,SN IIP
ZTF19abudlps,ZTF19abudlps_alert_3.npy,SN IIP
ZTF19abujuex,ZTF19abujuex_alert_3.npy,SN Ia
ZTF19abujuex,ZTF19abujuex_alert_4.npy,SN Ia
ZTF19abujuex,ZTF19abujuex_alert_5.npy,SN Ia
ZTF19abukakm,ZTF19abukakm_alert_3.npy,SN IIP
ZTF19abukakm,ZTF19abukakm_alert_4.npy,SN IIP
ZTF19abukakm,ZTF19abukakm_alert_5.npy,SN IIP
ZTF19abulzhy,ZTF19abulzhy_alert_17.npy,SN IIn
ZTF19abulzhy,ZTF19abulzhy_alert_19.npy,SN IIn
ZTF19abulzhy,ZTF19abulzhy_alert_21.npy,SN IIn
ZTF19abulzhy,ZTF19abulzhy_alert_22.npy,SN IIn
ZTF19abulzhy,ZTF19abulzhy_alert_24.npy,SN IIn
ZTF19abulzhy,ZTF19abulzhy_alert_26.npy,SN IIn
ZTF19abulzhy,ZTF19abulzhy_alert_28.npy,SN IIn
ZTF19abulzhy,ZTF19abulzhy_alert_29.npy,SN IIn
ZTF19abulzhy,ZTF19abulzhy_alert_31.npy,SN IIn
ZTF19abulzhy,ZTF19abulzhy_alert_33.npy,SN IIn
ZTF19abupyxe,ZTF19abupyxe_alert_18.npy,Cataclysmic
ZTF19abupyxe,ZTF19abupyxe_alert_20.npy,Cataclysmic
ZTF19abupyxe,ZTF19abupyxe_alert_22.npy,Cataclysmic
ZTF19abupyxe,ZTF19abupyxe_alert_24.npy,Cataclysmic
ZTF19abupyxe,ZTF19abupyxe_alert_26.npy,Cataclysmic
ZTF19abupyxe,ZTF19abupyxe_alert_28.npy,Cataclysmic
ZTF19abupyxe,ZTF19abupyxe_alert_30.npy,Cataclysmic
ZTF19abupyxe,ZTF19abupyxe_alert_32.npy,Cataclysmic
ZTF19abupyxe,ZTF19abupyxe_alert_34.npy,Cataclysmic
ZTF19abupyxe,ZTF19abupyxe_alert_36.npy,Cataclysmic
ZTF19abuzjqa,ZTF19abuzjqa_alert_10.npy,Cataclysmic
ZTF19abuzjqa,ZTF19abuzjqa_alert_5.npy,Cataclysmic
ZTF19abuzjqa,ZTF19abuzjqa_alert_6.npy,Cataclysmic
ZTF19abuzjqa,ZTF19abuzjqa_alert_7.npy,Cataclysmic
ZTF19abuzjqa,ZTF19abuzjqa_alert_8.npy,Cataclysmic
ZTF19abuzjqa,ZTF19abuzjqa_alert_9.npy,Cataclysmic
ZTF19abvbrve,ZTF19abvbrve_alert_10.npy,SN IIP
ZTF19abvbrve,ZTF19abvbrve_alert_11.npy,SN IIP
ZTF19abvbrve,ZTF19abvbrve_alert_12.npy,SN IIP
ZTF19abvbrve,ZTF19abvbrve_alert_13.npy,SN IIP
ZTF19abvbrve,ZTF19abvbrve_alert_14.npy,SN IIP
ZTF19abvbrve,ZTF19abvbrve_alert_15.npy,SN IIP
ZTF19abvbrve,ZTF19abvbrve_alert_8.npy,SN IIP
ZTF19abvbrve,ZTF19abvbrve_alert_9.npy,SN IIP
ZTF19abvdbyx,ZTF19abvdbyx_alert_2.npy,SN IIP
ZTF19abvdbyx,ZTF19abvdbyx_alert_3.npy,SN IIP
ZTF19abvdgqo,ZTF19abvdgqo_alert_16.npy,SN Ib
ZTF19abvdgqo,ZTF19abvdgqo_alert_18.npy,SN Ib
ZTF19abvdgqo,ZTF19abvdgqo_alert_19.npy,SN Ib
ZTF19abvdgqo,ZTF19abvdgqo_alert_21.npy,SN Ib
ZTF19abvdgqo,ZTF19abvdgqo_alert_23.npy,SN Ib
ZTF19abvdgqo,ZTF19abvdgqo_alert_24.npy,SN Ib
ZTF19abvdgqo,ZTF19abvdgqo_alert_26.npy,SN Ib
ZTF19abvdgqo,ZTF19abvdgqo_alert_28.npy,SN Ib
ZTF19abvdgqo,ZTF19abvdgqo_alert_29.npy,SN Ib
ZTF19abvdgqo,ZTF19abvdgqo_alert_31.npy,SN Ib
ZTF19abwamby,ZTF19abwamby_alert_11.npy,SN IIP
ZTF19abwamby,ZTF19abwamby_alert_12.npy,SN IIP
ZTF19abwamby,ZTF19abwamby_alert_13.npy,SN IIP
ZTF19abwamby,ZTF19abwamby_alert_15.npy,SN IIP
ZTF19abwamby,ZTF19abwamby_alert_16.npy,SN IIP
ZTF19abwamby,ZTF19abwamby_alert_17.npy,SN IIP
ZTF19abwamby,ZTF19abwamby_alert_18.npy,SN IIP
ZTF19abwamby,ZTF19abwamby_alert_20.npy,SN IIP
ZTF19abwamby,ZTF19abwamby_alert_21.npy,SN IIP
ZTF19abwamby,ZTF19abwamby_alert_22.npy,SN IIP
ZTF19abwnpus,ZTF19abwnpus_alert_2.npy,SN Ia
ZTF19abwnpus,ZTF19abwnpus_alert_3.npy,SN Ia
ZTF19abwrzqb,ZTF19abwrzqb_alert_3.npy,Cataclysmic
ZTF19abwrzqb,ZTF19abwrzqb_alert_4.npy,Cataclysmic
ZTF19abwrzqb,ZTF19abwrzqb_alert_5.npy,Cataclysmic
ZTF19abwrzqb,ZTF19abwrzqb_alert_6.npy,Cataclysmic
ZTF19abwsagv,ZTF19abwsagv_alert_2.npy,SN IIP
ZTF19abwsagv,ZTF19abwsagv_alert_3.npy,SN IIP
ZTF19abwsagv,ZTF19abwsagv_alert_4.npy,SN IIP
ZTF19abxivpg,ZTF19abxivpg_alert_3.npy,Cataclysmic
ZTF19abxivpg,ZTF19abxivpg_alert_4.npy,Cataclysmic
ZTF19abxivpg,ZTF19abxivpg_alert_5.npy,Cataclysmic
ZTF19abxivpg,ZTF19abxivpg_alert_6.npy,Cataclysmic
ZTF19abxjimu,ZTF19abxjimu_alert_14.npy,SN Ia
ZTF19abxjimu,ZTF19abxjimu_alert_15.npy,SN Ia
ZTF19abxjimu,ZTF19abxjimu_alert_17.npy,SN Ia
ZTF19abxjimu,ZTF19abxjimu_alert_18.npy,SN Ia
ZTF19abxjimu,ZTF19abxjimu_alert_20.npy,SN Ia
ZTF19abxjimu,ZTF19abxjimu_alert_21.npy,SN Ia
ZTF19abxjimu,ZTF19abxjimu_alert_23.npy,SN Ia
ZTF19abxjimu,ZTF19abxjimu_alert_24.npy,SN Ia
ZTF19abxjimu,ZTF19abxjimu_alert_26.npy,SN Ia
ZTF19abxjimu,ZTF19abxjimu_alert_27.npy,SN Ia
ZTF19abxjrge,ZTF19abxjrge_alert_4.npy,SN IIb
ZTF19abxjrge,ZTF19abxjrge_alert_5.npy,SN IIb
ZTF19abxjrge,ZTF19abxjrge_alert_6.npy,SN IIb
ZTF19abxjrge,ZTF19abxjrge_alert_7.npy,SN IIb
ZTF19abxqppy,ZTF19abxqppy_alert_1.npy,SN IIb
ZTF19abxqppy,ZTF19abxqppy_alert_2.npy,SN IIb
ZTF19abxrdlu,ZTF19abxrdlu_alert_2.npy,Cataclysmic
ZTF19abxrdlu,ZTF19abxrdlu_alert_3.npy,Cataclysmic
ZTF19abxtcio,ZTF19abxtcio_alert_10.npy,SN IIb
ZTF19abxtcio,ZTF19abxtcio_alert_5.npy,SN IIb
ZTF19abxtcio,ZTF19abxtcio_alert_6.npy,SN IIb
ZTF19abxtcio,ZTF19abxtcio_alert_7.npy,SN IIb
ZTF19abxtcio,ZTF19abxtcio_alert_8.npy,SN IIb
ZTF19abxtcio,ZTF19abxtcio_alert_9.npy,SN IIb
ZTF19abxvksn,ZTF19abxvksn_alert_10.npy,Cataclysmic
ZTF19abxvksn,ZTF19abxvksn_alert_5.npy,Cataclysmic
ZTF19abxvksn,ZTF19abxvksn_alert_6.npy,Cataclysmic
ZTF19abxvksn,ZTF19abxvksn_alert_7.npy,Cataclysmic
ZTF19abxvksn,ZTF19abxvksn_alert_8.npy,Cataclysmic
ZTF19abxvksn,ZTF19abxvksn_alert_9.npy,Cataclysmic
ZTF19abxvkvc,ZTF19abxvkvc_alert_4.npy,Cataclysmic
ZTF19abxvkvc,ZTF19abxvkvc_alert_5.npy,Cataclysmic
ZTF19abxvkvc,ZTF19abxvkvc_alert_6.npy,Cataclysmic
ZTF19abxvkvc,ZTF19abxvkvc_alert_7.npy,Cataclysmic
ZTF19abxvtmn,ZTF19abxvtmn_alert_3.npy,SN IIP
ZTF19abxvtmn,ZTF19abxvtmn_alert_4.npy,SN IIP
ZTF19abxvtmn,ZTF19abxvtmn_alert_5.npy,SN IIP
ZTF19abyfazm,ZTF19abyfazm_alert_10.npy,Cataclysmic
ZTF19abyfazm,ZTF19abyfazm_alert_11.npy,Cataclysmic
ZTF19abyfazm,ZTF19abyfazm_alert_12.npy,Cataclysmic
ZTF19abyfazm,ZTF19abyfazm_alert_13.npy,Cataclysmic
ZTF19abyfazm,ZTF19abyfazm_alert_14.npy,Cataclysmic
ZTF19abyfazm,ZTF19abyfazm_alert_7.npy,Cataclysmic
ZTF19abyfazm,ZTF19abyfazm_alert_8.npy,Cataclysmic
ZTF19abyfazm,ZTF19abyfazm_alert_9.npy,Cataclysmic
ZTF19abykjhn,ZTF19abykjhn_alert_32.npy,Cataclysmic
ZTF19abykjhn,ZTF19abykjhn_alert_35.npy,Cataclysmic
ZTF19abykjhn,ZTF19abykjhn_alert_39.npy,Cataclysmic
ZTF19abykjhn,ZTF19abykjhn_alert_42.npy,Cataclysmic
ZTF19abykjhn,ZTF19abykjhn_alert_46.npy,Cataclysmic
ZTF19abykjhn,ZTF19abykjhn_alert_49.npy,Cataclysmic
ZTF19abykjhn,ZTF19abykjhn_alert_53.npy,Cataclysmic
ZTF19abykjhn,ZTF19abykjhn_alert_56.npy,Cataclysmic
ZTF19abykjhn,ZTF19abykjhn_alert_60.npy,Cataclysmic
ZTF19abykjhn,ZTF19abykjhn_alert_63.npy,Cataclysmic
ZTF19abylcik,ZTF19abylcik_alert_49.npy,Cataclysmic
ZTF19abylcik,ZTF19abylcik_alert_54.npy,Cataclysmic
ZTF19abylcik,ZTF19abylcik_alert_60.npy,Cataclysmic
ZTF19abylcik,ZTF19abylcik_alert_65.npy,Cataclysmic
ZTF19abylcik,ZTF19abylcik_alert_71.npy,Cataclysmic
ZTF19abylcik,ZTF19abylcik_alert_76.npy,Cataclysmic
ZTF19abylcik,ZTF19abylcik_alert_82.npy,Cataclysmic
ZTF19abylcik,ZTF19abylcik_alert_87.npy,Cataclysmic
ZTF19abylcik,ZTF19abylcik_alert_93.npy,Cataclysmic
ZTF19abylcik,ZTF19abylcik_alert_98.npy,Cataclysmic
ZTF19abymhad,ZTF19abymhad_alert_1.npy,SN Ia
ZTF19abymukc,ZTF19abymukc_alert_1.npy,SN IIP
ZTF19abzgdfu,ZTF19abzgdfu_alert_3.npy,SN IIP
ZTF19abzgdfu,ZTF19abzgdfu_alert_4.npy,SN IIP
ZTF19abzgdfu,ZTF19abzgdfu_alert_5.npy,SN IIP
ZTF19abzipjc,ZTF19abzipjc_alert_27.npy,Cataclysmic
ZTF19abzipjc,ZTF19abzipjc_alert_30.npy,Cataclysmic
ZTF19abzipjc,ZTF19abzipjc_alert_33.npy,Cataclysmic
ZTF19abzipjc,ZTF19abzipjc_alert_36.npy,Cataclysmic
ZTF19abzipjc,ZTF19abzipjc_alert_39.npy,Cataclysmic
ZTF19abzipjc,ZTF19abzipjc_alert_41.npy,Cataclysmic
ZTF19abzipjc,ZTF19abzipjc_alert_44.npy,Cataclysmic
ZTF19abzipjc,ZTF19abzipjc_alert_47.npy,Cataclysmic
ZTF19abzipjc,ZTF19abzipjc_alert_50.npy,Cataclysmic
ZTF19abzipjc,ZTF19abzipjc_alert_53.npy,Cataclysmic
ZTF19abzkdeo,ZTF19abzkdeo_alert_3.npy,Cataclysmic
ZTF19abzkdeo,ZTF19abzkdeo_alert_4.npy,Cataclysmic
ZTF19abzkdeo,ZTF19abzkdeo_alert_5.npy,Cataclysmic
ZTF19abzkdeo,ZTF19abzkdeo_alert_6.npy,Cataclysmic
ZTF19abzpkss,ZTF19abzpkss_alert_10.npy,Cataclysmic
ZTF19abzpkss,ZTF19abzpkss_alert_5.npy,Cataclysmic
ZTF19abzpkss,ZTF19abzpkss_alert_6.npy,Cataclysmic
ZTF19abzpkss,ZTF19abzpkss_alert_7.npy,Cataclysmic
ZTF19abzpkss,ZTF19abzpkss_alert_8.npy,Cataclysmic
ZTF19abzpkss,ZTF19abzpkss_alert_9.npy,Cataclysmic
ZTF19abzqwpr,ZTF19abzqwpr_alert_16.npy,SN IIP
ZTF19abzqwpr,ZTF19abzqwpr_alert_18.npy,SN IIP
ZTF19abzqwpr,ZTF19abzqwpr_alert_19.npy,SN IIP
ZTF19abzqwpr,ZTF19abzqwpr_alert_21.npy,SN IIP
ZTF19abzqwpr,ZTF19abzqwpr_alert_23.npy,SN IIP
ZTF19abzqwpr,ZTF19abzqwpr_alert_24.npy,SN IIP
ZTF19abzqwpr,ZTF19abzqwpr_alert_26.npy,SN IIP
ZTF19abzqwpr,ZTF19abzqwpr_alert_28.npy,SN IIP
ZTF19abzqwpr,ZTF19abzqwpr_alert_29.npy,SN IIP
ZTF19abzqwpr,ZTF19abzqwpr_alert_31.npy,SN IIP
ZTF19abzrhgq,ZTF19abzrhgq_alert_3.npy,Tidal Disruption Event
ZTF19abzrhgq,ZTF19abzrhgq_alert_4.npy,Tidal Disruption Event
ZTF19abzrhgq,ZTF19abzrhgq_alert_5.npy,Tidal Disruption Event
ZTF19abzrhgq,ZTF19abzrhgq_alert_6.npy,Tidal Disruption Event
ZTF19abzrjrg,ZTF19abzrjrg_alert_1.npy,SN Ia
ZTF19abzsitm,ZTF19abzsitm_alert_2.npy,SN Ia
ZTF19abzsitm,ZTF19abzsitm_alert_3.npy,SN Ia
ZTF19abzsitm,ZTF19abzsitm_alert_4.npy,SN Ia
ZTF19abztknu,ZTF19abztknu_alert_10.npy,SN Ib
ZTF19abztknu,ZTF19abztknu_alert_11.npy,SN Ib
ZTF19abztknu,ZTF19abztknu_alert_12.npy,SN Ib
ZTF19abztknu,ZTF19abztknu_alert_13.npy,SN Ib
ZTF19abztknu,ZTF19abztknu_alert_7.npy,SN Ib
ZTF19abztknu,ZTF19abztknu_alert_8.npy,SN Ib
ZTF19abztknu,ZTF19abztknu_alert_9.npy,SN Ib
ZTF19abzyxgz,ZTF19abzyxgz_alert_10.npy,Cataclysmic
ZTF19abzyxgz,ZTF19abzyxgz_alert_11.npy,Cataclysmic
ZTF19abzyxgz,ZTF19abzyxgz_alert_12.npy,Cataclysmic
ZTF19abzyxgz,ZTF19abzyxgz_alert_13.npy,Cataclysmic
ZTF19abzyxgz,ZTF19abzyxgz_alert_7.npy,Cataclysmic
ZTF19abzyxgz,ZTF19abzyxgz_alert_8.npy,Cataclysmic
ZTF19abzyxgz,ZTF19abzyxgz_alert_9.npy,Cataclysmic
ZTF19acaiora,ZTF19acaiora_alert_3.npy,Cataclysmic
ZTF19acaiora,ZTF19acaiora_alert_4.npy,Cataclysmic
ZTF19acaiora,ZTF19acaiora_alert_5.npy,Cataclysmic
ZTF19acaiora,ZTF19acaiora_alert_6.npy,Cataclysmic
ZTF19acanzwg,ZTF19acanzwg_alert_10.npy,SN IIP
ZTF19acanzwg,ZTF19acanzwg_alert_11.npy,SN IIP
ZTF19acanzwg,ZTF19acanzwg_alert_6.npy,SN IIP
ZTF19acanzwg,ZTF19acanzwg_alert_7.npy,SN IIP
ZTF19acanzwg,ZTF19acanzwg_alert_8.npy,SN IIP
ZTF19acanzwg,ZTF19acanzwg_alert_9.npy,SN IIP
ZTF19acapech,ZTF19acapech_alert_10.npy,SN IIn
ZTF19acapech,ZTF19acapech_alert_5.npy,SN IIn
ZTF19acapech,ZTF19acapech_alert_6.npy,SN IIn
ZTF19acapech,ZTF19acapech_alert_7.npy,SN IIn
ZTF19acapech,ZTF19acapech_alert_8.npy,SN IIn
ZTF19acapech,ZTF19acapech_alert_9.npy,SN IIn
ZTF19acapeun,ZTF19acapeun_alert_10.npy,SN Ia
ZTF19acapeun,ZTF19acapeun_alert_11.npy,SN Ia
ZTF19acapeun,ZTF19acapeun_alert_6.npy,SN Ia
ZTF19acapeun,ZTF19acapeun_alert_7.npy,SN Ia
ZTF19acapeun,ZTF19acapeun_alert_8.npy,SN Ia
ZTF19acapeun,ZTF19acapeun_alert_9.npy,SN Ia
ZTF19acaqoef,ZTF19acaqoef_alert_1.npy,SN Ic
ZTF19acaqoef,ZTF19acaqoef_alert_2.npy,SN Ic
ZTF19acaqqke,ZTF19acaqqke_alert_5.npy,SN IIP
ZTF19acaqqke,ZTF19acaqqke_alert_6.npy,SN IIP
ZTF19acaqqke,ZTF19acaqqke_alert_7.npy,SN IIP
ZTF19acaqqke,ZTF19acaqqke_alert_8.npy,SN IIP
ZTF19acaqqke,ZTF19acaqqke_alert_9.npy,SN IIP
ZTF19acawgrs,ZTF19acawgrs_alert_11.npy,Cataclysmic
ZTF19acawgrs,ZTF19acawgrs_alert_12.npy,Cataclysmic
ZTF19acawgrs,ZTF19acawgrs_alert_13.npy,Cataclysmic
ZTF19acawgrs,ZTF19acawgrs_alert_14.npy,Cataclysmic
ZTF19acawgrs,ZTF19acawgrs_alert_15.npy,Cataclysmic
ZTF19acawgrs,ZTF19acawgrs_alert_17.npy,Cataclysmic
ZTF19acawgrs,ZTF19acawgrs_alert_18.npy,Cataclysmic
ZTF19acawgrs,ZTF19acawgrs_alert_19.npy,Cataclysmic
ZTF19acawgrs,ZTF19acawgrs_alert_20.npy,Cataclysmic
ZTF19acawgrs,ZTF19acawgrs_alert_21.npy,Cataclysmic
ZTF19acblhxc,ZTF19acblhxc_alert_2.npy,SN IIP
ZTF19acblhxc,ZTF19acblhxc_alert_3.npy,SN IIP
ZTF19acbmilc,ZTF19acbmilc_alert_3.npy,Cataclysmic
ZTF19acbmilc,ZTF19acbmilc_alert_4.npy,Cataclysmic
ZTF19acbmilc,ZTF19acbmilc_alert_5.npy,Cataclysmic
ZTF19acbmilc,ZTF19acbmilc_alert_6.npy,Cataclysmic
ZTF19acbmwtc,ZTF19acbmwtc_alert_10.npy,SN Ia
ZTF19acbmwtc,ZTF19acbmwtc_alert_11.npy,SN Ia
ZTF19acbmwtc,ZTF19acbmwtc_alert_6.npy,SN Ia
ZTF19acbmwtc,ZTF19acbmwtc_alert_7.npy,SN Ia
ZTF19acbmwtc,ZTF19acbmwtc_alert_8.npy,SN Ia
ZTF19acbmwtc,ZTF19acbmwtc_alert_9.npy,SN Ia
ZTF19acbmxky,ZTF19acbmxky_alert_5.npy,SN IIP
ZTF19acbmxky,ZTF19acbmxky_alert_6.npy,SN IIP
ZTF19acbmxky,ZTF19acbmxky_alert_7.npy,SN IIP
ZTF19acbmxky,ZTF19acbmxky_alert_8.npy,SN IIP
ZTF19acbmxky,ZTF19acbmxky_alert_9.npy,SN IIP
ZTF19acbpnii,ZTF19acbpnii_alert_1.npy,SN Ia
ZTF19acbqzvu,ZTF19acbqzvu_alert_14.npy,SN Ia
ZTF19acbqzvu,ZTF19acbqzvu_alert_16.npy,SN Ia
ZTF19acbqzvu,ZTF19acbqzvu_alert_17.npy,SN Ia
ZTF19acbqzvu,ZTF19acbqzvu_alert_19.npy,SN Ia
ZTF19acbqzvu,ZTF19acbqzvu_alert_20.npy,SN Ia
ZTF19acbqzvu,ZTF19acbqzvu_alert_22.npy,SN Ia
ZTF19acbqzvu,ZTF19acbqzvu_alert_23.npy,SN Ia
ZTF19acbqzvu,ZTF19acbqzvu_alert_25.npy,SN Ia
ZTF19acbqzvu,ZTF19acbqzvu_alert_26.npy,SN Ia
ZTF19acbqzvu,ZTF19acbqzvu_alert_28.npy,SN Ia
ZTF19acbrzzr,ZTF19acbrzzr_alert_2.npy,SN IIP
ZTF19acbrzzr,ZTF19acbrzzr_alert_3.npy,SN IIP
ZTF19acbrzzr,ZTF19acbrzzr_alert_4.npy,SN IIP
ZTF19acbvisk,ZTF19acbvisk_alert_4.npy,SN IIP
ZTF19acbvisk,ZTF19acbvisk_alert_5.npy,SN IIP
ZTF19acbvisk,ZTF19acbvisk_alert_6.npy,SN IIP
ZTF19acbvisk,ZTF19acbvisk_alert_7.npy,SN IIP
ZTF19acbvisk,ZTF19acbvisk_alert_8.npy,SN IIP
ZTF19acbvnaw,ZTF19acbvnaw_alert_2.npy,SN Ia
ZTF19acbvnaw,ZTF19acbvnaw_alert_3.npy,SN Ia
ZTF19acbvrhb,ZTF19acbvrhb_alert_2.npy,SN Ia
ZTF19acbvrhb,ZTF19acbvrhb_alert_3.npy,SN Ia
ZTF19acbvrhb,ZTF19acbvrhb_alert_4.npy,SN Ia
ZTF19acbwccr,ZTF19acbwccr_alert_1.npy,SN IIP
ZTF19acbwccr,ZTF19acbwccr_alert_2.npy,SN IIP
ZTF19acbwejj,ZTF19acbwejj_alert_10.npy,SN IIP
ZTF19acbwejj,ZTF19acbwejj_alert_11.npy,SN IIP
ZTF19acbwejj,ZTF19acbwejj_alert_6.npy,SN IIP
ZTF19acbwejj,ZTF19acbwejj_alert_7.npy,SN IIP
ZTF19acbwejj,ZTF19acbwejj_alert_8.npy,SN IIP
ZTF19acbwejj,ZTF19acbwejj_alert_9.npy,SN IIP
ZTF19acbwilc,ZTF19acbwilc_alert_2.npy,SN IIP
ZTF19acbwilc,ZTF19acbwilc_alert_3.npy,SN IIP
ZTF19acbwmqd,ZTF19acbwmqd_alert_2.npy,SN IIP
ZTF19acbwmqd,ZTF19acbwmqd_alert_3.npy,SN IIP
ZTF19acbwrsu,ZTF19acbwrsu_alert_18.npy,Cataclysmic
ZTF19acbwrsu,ZTF19acbwrsu_alert_20.npy,Cataclysmic
ZTF19acbwrsu,ZTF19acbwrsu_alert_22.npy,Cataclysmic
ZTF19acbwrsu,ZTF19acbwrsu_alert_24.npy,Cataclysmic
ZTF19acbwrsu,ZTF19acbwrsu_alert_26.npy,Cataclysmic
ZTF19acbwrsu,ZTF19acbwrsu_alert_28.npy,Cataclysmic
ZTF19acbwrsu,ZTF19acbwrsu_alert_30.npy,Cataclysmic
ZTF19acbwrsu,ZTF19acbwrsu_alert_32.npy,Cataclysmic
ZTF19acbwrsu,ZTF19acbwrsu_alert_34.npy,Cataclysmic
ZTF19acbwrsu,ZTF19acbwrsu_alert_36.npy,Cataclysmic
ZTF19accbeju,ZTF19accbeju_alert_13.npy,SN IIP
ZTF19accbeju,ZTF19accbeju_alert_14.npy,SN IIP
ZTF19accbeju,ZTF19accbeju_alert_16.npy,SN IIP
ZTF19accbeju,ZTF19accbeju_alert_17.npy,SN IIP
ZTF19accbeju,ZTF19accbeju_alert_18.npy,SN IIP
ZTF19accbeju,ZTF19accbeju_alert_20.npy,SN IIP
ZTF19accbeju,ZTF19accbeju_alert_21.npy,SN IIP
ZTF19accbeju,ZTF19accbeju_alert_22.npy,SN IIP
ZTF19accbeju,ZTF19accbeju_alert_24.npy,SN IIP
ZTF19accbeju,ZTF19accbeju_alert_25.npy,SN IIP
ZTF19acccyxx,ZTF19acccyxx_alert_2.npy,SN IIP
ZTF19acccyxx,ZTF19acccyxx_alert_3.npy,SN IIP
ZTF19acccyxx,ZTF19acccyxx_alert_4.npy,SN IIP
ZTF19accczvs,ZTF19accczvs_alert_2.npy,Cataclysmic
ZTF19accczvs,ZTF19accczvs_alert_3.npy,Cataclysmic
ZTF19acchaza,ZTF19acchaza_alert_10.npy,SN IIP
ZTF19acchaza,ZTF19acchaza_alert_11.npy,SN IIP
ZTF19acchaza,ZTF19acchaza_alert_12.npy,SN IIP
ZTF19acchaza,ZTF19acchaza_alert_6.npy,SN IIP
ZTF19acchaza,ZTF19acchaza_alert_7.npy,SN IIP
ZTF19acchaza,ZTF19acchaza_alert_8.npy,SN IIP
ZTF19acchaza,ZTF19acchaza_alert_9.npy,SN IIP
ZTF19acclxtn,ZTF19acclxtn_alert_1.npy,Cataclysmic
ZTF19acclxtn,ZTF19acclxtn_alert_2.npy,Cataclysmic
ZTF19accobqx,ZTF19accobqx_alert_3.npy,SN Ia
ZTF19accobqx,ZTF19accobqx_alert_4.npy,SN Ia
ZTF19accobqx,ZTF19accobqx_alert_5.npy,SN Ia
ZTF19acctjxg,ZTF19acctjxg_alert_2.npy,Cataclysmic
ZTF19acctjxg,ZTF19acctjxg_alert_3.npy,Cataclysmic
ZTF19acctlps,ZTF19acctlps_alert_1.npy,SN IIP
ZTF19acctlps,ZTF19acctlps_alert_2.npy,SN IIP
ZTF19acctwpz,ZTF19acctwpz_alert_13.npy,SN IIP
ZTF19acctwpz,ZTF19acctwpz_alert_14.npy,SN IIP
ZTF19acctwpz,ZTF19acctwpz_alert_16.npy,SN IIP
ZTF19acctwpz,ZTF19acctwpz_alert_17.npy,SN IIP
ZTF19acctwpz,ZTF19acctwpz_alert_18.npy,SN IIP
ZTF19acctwpz,ZTF19acctwpz_alert_20.npy,SN IIP
ZTF19acctwpz,ZTF19acctwpz_alert_21.npy,SN IIP
ZTF19acctwpz,ZTF19acctwpz_alert_22.npy,SN IIP
ZTF19acctwpz,ZTF19acctwpz_alert_24.npy,SN IIP
ZTF19acctwpz,ZTF19acctwpz_alert_25.npy,SN IIP
ZTF19acdabep,ZTF19acdabep_alert_1.npy,SN Ib
ZTF19acdabep,ZTF19acdabep_alert_2.npy,SN Ib
ZTF19acdacji,ZTF19acdacji_alert_1.npy,Cataclysmic
ZTF19acdacji,ZTF19acdacji_alert_2.npy,Cataclysmic
ZTF19acdkzxk,ZTF19acdkzxk_alert_10.npy,SN IIP
ZTF19acdkzxk,ZTF19acdkzxk_alert_11.npy,SN IIP
ZTF19acdkzxk,ZTF19acdkzxk_alert_12.npy,SN IIP
ZTF19acdkzxk,ZTF19acdkzxk_alert_13.npy,SN IIP
ZTF19acdkzxk,ZTF19acdkzxk_alert_7.npy,SN IIP
ZTF19acdkzxk,ZTF19acdkzxk_alert_8.npy,SN IIP
ZTF19acdkzxk,ZTF19acdkzxk_alert_9.npy,SN IIP
ZTF19acduloz,ZTF19acduloz_alert_2.npy,SN IIP
ZTF19acduloz,ZTF19acduloz_alert_3.npy,SN IIP
ZTF19acduloz,ZTF19acduloz_alert_4.npy,SN IIP
ZTF19acdytef,ZTF19acdytef_alert_21.npy,Cataclysmic
ZTF19acdytef,ZTF19acdytef_alert_23.npy,Cataclysmic
ZTF19acdytef,ZTF19acdytef_alert_25.npy,Cataclysmic
ZTF19acdytef,ZTF19acdytef_alert_28.npy,Cataclysmic
ZTF19acdytef,ZTF19acdytef_alert_30.npy,Cataclysmic
ZTF19acdytef,ZTF19acdytef_alert_32.npy,Cataclysmic
ZTF19acdytef,ZTF19acdytef_alert_34.npy,Cataclysmic
ZTF19acdytef,ZTF19acdytef_alert_37.npy,Cataclysmic
ZTF19acdytef,ZTF19acdytef_alert_39.npy,Cataclysmic
ZTF19acdytef,ZTF19acdytef_alert_41.npy,Cataclysmic
ZTF19aceckdq,ZTF19aceckdq_alert_2.npy,SN IIP
ZTF19aceckdq,ZTF19aceckdq_alert_3.npy,SN IIP
ZTF19aceckdq,ZTF19aceckdq_alert_4.npy,SN IIP
ZTF19acecluy,ZTF19acecluy_alert_10.npy,SN IIP
ZTF19acecluy,ZTF19acecluy_alert_11.npy,SN IIP
ZTF19acecluy,ZTF19acecluy_alert_12.npy,SN IIP
ZTF19acecluy,ZTF19acecluy_alert_13.npy,SN IIP
ZTF19acecluy,ZTF19acecluy_alert_14.npy,SN IIP
ZTF19acecluy,ZTF19acecluy_alert_15.npy,SN IIP
ZTF19acecluy,ZTF19acecluy_alert_8.npy,SN IIP
ZTF19acecluy,ZTF19acecluy_alert_9.npy,SN IIP
ZTF19acecvsm,ZTF19acecvsm_alert_2.npy,Cataclysmic
ZTF19acecvsm,ZTF19acecvsm_alert_3.npy,Cataclysmic
ZTF19acecvsm,ZTF19acecvsm_alert_4.npy,Cataclysmic
ZTF19aceifef,ZTF19aceifef_alert_10.npy,Cataclysmic
ZTF19aceifef,ZTF19aceifef_alert_11.npy,Cataclysmic
ZTF19aceifef,ZTF19aceifef_alert_6.npy,Cataclysmic
ZTF19aceifef,ZTF19aceifef_alert_7.npy,Cataclysmic
ZTF19aceifef,ZTF19aceifef_alert_8.npy,Cataclysmic
ZTF19aceifef,ZTF19aceifef_alert_9.npy,Cataclysmic
ZTF19aceilrk,ZTF19aceilrk_alert_1.npy,AGN
ZTF19acekkts,ZTF19acekkts_alert_1.npy,SN Ia
ZTF19acekkts,ZTF19acekkts_alert_2.npy,SN Ia
ZTF19acendsf,ZTF19acendsf_alert_3.npy,Cataclysmic
ZTF19acendsf,ZTF19acendsf_alert_4.npy,Cataclysmic
ZTF19acendsf,ZTF19acendsf_alert_5.npy,Cataclysmic
ZTF19acenkuz,ZTF19acenkuz_alert_18.npy,Cataclysmic
ZTF19acenkuz,ZTF19acenkuz_alert_20.npy,Cataclysmic
ZTF19acenkuz,ZTF19acenkuz_alert_22.npy,Cataclysmic
ZTF19acenkuz,ZTF19acenkuz_alert_24.npy,Cataclysmic
ZTF19acenkuz,ZTF19acenkuz_alert_26.npy,Cataclysmic
ZTF19acenkuz,ZTF19acenkuz_alert_27.npy,Cataclysmic
ZTF19acenkuz,ZTF19acenkuz_alert_29.npy,Cataclysmic
ZTF19acenkuz,ZTF19acenkuz_alert_31.npy,Cataclysmic
ZTF19acenkuz,ZTF19acenkuz_alert_33.npy,Cataclysmic
ZTF19acenkuz,ZTF19acenkuz_alert_35.npy,Cataclysmic
ZTF19acenylz,ZTF19acenylz_alert_2.npy,Cataclysmic
ZTF19aceqlxc,ZTF19aceqlxc_alert_2.npy,SN IIn
ZTF19aceqlxc,ZTF19aceqlxc_alert_3.npy,SN IIn
ZTF19aceshib,ZTF19aceshib_alert_3.npy,SN IIP
ZTF19aceshib,ZTF19aceshib_alert_4.npy,SN IIP
ZTF19aceshib,ZTF19aceshib_alert_5.npy,SN IIP
ZTF19aceshib,ZTF19aceshib_alert_6.npy,SN IIP
ZTF19acewuwn,ZTF19acewuwn_alert_2.npy,SN IIP
ZTF19acewuwn,ZTF19acewuwn_alert_3.npy,SN IIP
ZTF19acexijn,ZTF19acexijn_alert_2.npy,SN Ia
ZTF19acexijn,ZTF19acexijn_alert_3.npy,SN Ia
ZTF19acexijn,ZTF19acexijn_alert_4.npy,SN Ia
ZTF19acfrhnq,ZTF19acfrhnq_alert_2.npy,Cataclysmic
ZTF19acfrhnq,ZTF19acfrhnq_alert_3.npy,Cataclysmic
ZTF19acfsbpa,ZTF19acfsbpa_alert_3.npy,SN IIP
ZTF19acfsbpa,ZTF19acfsbpa_alert_4.npy,SN IIP
ZTF19acfsbpa,ZTF19acfsbpa_alert_5.npy,SN IIP
ZTF19acftfav,ZTF19acftfav_alert_10.npy,SN IIP
ZTF19acftfav,ZTF19acftfav_alert_11.npy,SN IIP
ZTF19acftfav,ZTF19acftfav_alert_12.npy,SN IIP
ZTF19acftfav,ZTF19acftfav_alert_13.npy,SN IIP
ZTF19acftfav,ZTF19acftfav_alert_14.npy,SN IIP
ZTF19acftfav,ZTF19acftfav_alert_15.npy,SN IIP
ZTF19acftfav,ZTF19acftfav_alert_8.npy,SN IIP
ZTF19acftfav,ZTF19acftfav_alert_9.npy,SN IIP
ZTF19acfthre,ZTF19acfthre_alert_10.npy,SN Ia
ZTF19acfthre,ZTF19acfthre_alert_11.npy,SN Ia
ZTF19acfthre,ZTF19acfthre_alert_12.npy,SN Ia
ZTF19acfthre,ZTF19acfthre_alert_6.npy,SN Ia
ZTF19acfthre,ZTF19acfthre_alert_7.npy,SN Ia
ZTF19acfthre,ZTF19acfthre_alert_8.npy,SN Ia
ZTF19acfthre,ZTF19acfthre_alert_9.npy,SN Ia
ZTF19acftude,ZTF19acftude_alert_10.npy,SN IIn
ZTF19acftude,ZTF19acftude_alert_5.npy,SN IIn
ZTF19acftude,ZTF19acftude_alert_6.npy,SN IIn
ZTF19acftude,ZTF19acftude_alert_7.npy,SN IIn
ZTF19acftude,ZTF19acftude_alert_8.npy,SN IIn
ZTF19acftude,ZTF19acftude_alert_9.npy,SN IIn
ZTF19acfvzmr,ZTF19acfvzmr_alert_106.npy,Cataclysmic
ZTF19acfvzmr,ZTF19acfvzmr_alert_116.npy,Cataclysmic
ZTF19acfvzmr,ZTF19acfvzmr_alert_126.npy,Cataclysmic
ZTF19acfvzmr,ZTF19acfvzmr_alert_135.npy,Cataclysmic
ZTF19acfvzmr,ZTF19acfvzmr_alert_145.npy,Cataclysmic
ZTF19acfvzmr,ZTF19acfvzmr_alert_155.npy,Cataclysmic
ZTF19acfvzmr,ZTF19acfvzmr_alert_164.npy,Cataclysmic
ZTF19acfvzmr,ZTF19acfvzmr_alert_174.npy,Cataclysmic
ZTF19acfvzmr,ZTF19acfvzmr_alert_87.npy,Cataclysmic
ZTF19acfvzmr,ZTF19acfvzmr_alert_97.npy,Cataclysmic
ZTF19acgbzam,ZTF19acgbzam_alert_105.npy,SN Ia
ZTF19acgbzam,ZTF19acgbzam_alert_113.npy,SN Ia
ZTF19acgbzam,ZTF19acgbzam_alert_121.npy,SN Ia
ZTF19acgbzam,ZTF19acgbzam_alert_129.npy,SN Ia
ZTF19acgbzam,ZTF19acgbzam_alert_137.npy,SN Ia
ZTF19acgbzam,ZTF19acgbzam_alert_145.npy,SN Ia
ZTF19acgbzam,ZTF19acgbzam_alert_73.npy,SN Ia
ZTF19acgbzam,ZTF19acgbzam_alert_81.npy,SN Ia
ZTF19acgbzam,ZTF19acgbzam_alert_89.npy,SN Ia
ZTF19acgbzam,ZTF19acgbzam_alert_97.npy,SN Ia
ZTF19acgcrhb,ZTF19acgcrhb_alert_15.npy,Cataclysmic
ZTF19acgcrhb,ZTF19acgcrhb_alert_17.npy,Cataclysmic
ZTF19acgcrhb,ZTF19acgcrhb_alert_18.npy,Cataclysmic
ZTF19acgcrhb,ZTF19acgcrhb_alert_20.npy,Cataclysmic
ZTF19acgcrhb,ZTF19acgcrhb_alert_22.npy,Cataclysmic
ZTF19acgcrhb,ZTF19acgcrhb_alert_23.npy,Cataclysmic
ZTF19acgcrhb,ZTF19acgcrhb_alert_25.npy,Cataclysmic
ZTF19acgcrhb,ZTF19acgcrhb_alert_27.npy,Cataclysmic
ZTF19acgcrhb,ZTF19acgcrhb_alert_28.npy,Cataclysmic
ZTF19acgcrhb,ZTF19acgcrhb_alert_30.npy,Cataclysmic
ZTF19acgjuua,ZTF19acgjuua_alert_2.npy,SN Ia
ZTF19acgjuua,ZTF19acgjuua_alert_3.npy,SN Ia
ZTF19acgqjln,ZTF19acgqjln_alert_12.npy,SN Ia
ZTF19acgqjln,ZTF19acgqjln_alert_13.npy,SN Ia
ZTF19acgqjln,ZTF19acgqjln_alert_14.npy,SN Ia
ZTF19acgqjln,ZTF19acgqjln_alert_16.npy,SN Ia
ZTF19acgqjln,ZTF19acgqjln_alert_17.npy,SN Ia
ZTF19acgqjln,ZTF19acgqjln_alert_18.npy,SN Ia
ZTF19acgqjln,ZTF19acgqjln_alert_19.npy,SN Ia
ZTF19acgqjln,ZTF19acgqjln_alert_21.npy,SN Ia
ZTF19acgqjln,ZTF19acgqjln_alert_22.npy,SN Ia
ZTF19acgqjln,ZTF19acgqjln_alert_23.npy,SN Ia
ZTF19acgzwbm,ZTF19acgzwbm_alert_1.npy,SN IIP
ZTF19acgzwbm,ZTF19acgzwbm_alert_2.npy,SN IIP
ZTF19acgzzea,ZTF19acgzzea_alert_17.npy,SN IIP
ZTF19acgzzea,ZTF19acgzzea_alert_19.npy,SN IIP
ZTF19acgzzea,ZTF19acgzzea_alert_21.npy,SN IIP
ZTF19acgzzea,ZTF19acgzzea_alert_23.npy,SN IIP
ZTF19acgzzea,ZTF19acgzzea_alert_25.npy,SN IIP
ZTF19acgzzea,ZTF19acgzzea_alert_26.npy,SN IIP
ZTF19acgzzea,ZTF19acgzzea_alert_28.npy,SN IIP
ZTF19acgzzea,ZTF19acgzzea_alert_30.npy,SN IIP
ZTF19acgzzea,ZTF19acgzzea_alert_32.npy,SN IIP
ZTF19acgzzea,ZTF19acgzzea_alert_34.npy,SN IIP
ZTF19achcdju,ZTF19achcdju_alert_10.npy,Cataclysmic
ZTF19achcdju,ZTF19achcdju_alert_11.npy,Cataclysmic
ZTF19achcdju,ZTF19achcdju_alert_12.npy,Cataclysmic
ZTF19achcdju,ZTF19achcdju_alert_13.npy,Cataclysmic
ZTF19achcdju,ZTF19achcdju_alert_14.npy,Cataclysmic
ZTF19achcdju,ZTF19achcdju_alert_15.npy,Cataclysmic
ZTF19achcdju,ZTF19achcdju_alert_8.npy,Cataclysmic
ZTF19achcdju,ZTF19achcdju_alert_9.npy,Cataclysmic
ZTF19achjqbk,ZTF19achjqbk_alert_2.npy,SN IIP
ZTF19achjqbk,ZTF19achjqbk_alert_3.npy,SN IIP
ZTF19achjqbk,ZTF19achjqbk_alert_4.npy,SN IIP
ZTF19achtifr,ZTF19achtifr_alert_12.npy,SN IIP
ZTF19achtifr,ZTF19achtifr_alert_13.npy,SN IIP
ZTF19achtifr,ZTF19achtifr_alert_15.npy,SN IIP
ZTF19achtifr,ZTF19achtifr_alert_16.npy,SN IIP
ZTF19achtifr,ZTF19achtifr_alert_17.npy,SN IIP
ZTF19achtifr,ZTF19achtifr_alert_19.npy,SN IIP
ZTF19achtifr,ZTF19achtifr_alert_20.npy,SN IIP
ZTF19achtifr,ZTF19achtifr_alert_21.npy,SN IIP
ZTF19achtifr,ZTF19achtifr_alert_23.npy,SN IIP
ZTF19achtifr,ZTF19achtifr_alert_24.npy,SN IIP
ZTF19acifjfp,ZTF19acifjfp_alert_10.npy,Cataclysmic
ZTF19acifjfp,ZTF19acifjfp_alert_11.npy,Cataclysmic
ZTF19acifjfp,ZTF19acifjfp_alert_12.npy,Cataclysmic
ZTF19acifjfp,ZTF19acifjfp_alert_13.npy,Cataclysmic
ZTF19acifjfp,ZTF19acifjfp_alert_14.npy,Cataclysmic
ZTF19acifjfp,ZTF19acifjfp_alert_7.npy,Cataclysmic
ZTF19acifjfp,ZTF19acifjfp_alert_8.npy,Cataclysmic
ZTF19acifjfp,ZTF19acifjfp_alert_9.npy,Cataclysmic
ZTF19acignlo,ZTF19acignlo_alert_17.npy,SN IIP
ZTF19acignlo,ZTF19acignlo_alert_19.npy,SN IIP
ZTF19acignlo,ZTF19acignlo_alert_21.npy,SN IIP
ZTF19acignlo,ZTF19acignlo_alert_22.npy,SN IIP
ZTF19acignlo,ZTF19acignlo_alert_24.npy,SN IIP
ZTF19acignlo,ZTF19acignlo_alert_26.npy,SN IIP
ZTF19acignlo,ZTF19acignlo_alert_28.npy,SN IIP
ZTF19acignlo,ZTF19acignlo_alert_29.npy,SN IIP
ZTF19acignlo,ZTF19acignlo_alert_31.npy,SN IIP
ZTF19acignlo,ZTF19acignlo_alert_33.npy,SN IIP
ZTF19aciuhwi,ZTF19aciuhwi_alert_4.npy,Cataclysmic
ZTF19aciuhwi,ZTF19aciuhwi_alert_5.npy,Cataclysmic
ZTF19aciuhwi,ZTF19aciuhwi_alert_6.npy,Cataclysmic
ZTF19aciuhwi,ZTF19aciuhwi_alert_7.npy,Cataclysmic
ZTF19aciuhwi,ZTF19aciuhwi_alert_8.npy,Cataclysmic
ZTF19acjdwqv,ZTF19acjdwqv_alert_10.npy,SN Ia
ZTF19acjdwqv,ZTF19acjdwqv_alert_11.npy,SN Ia
ZTF19acjdwqv,ZTF19acjdwqv_alert_12.npy,SN Ia
ZTF19acjdwqv,ZTF19acjdwqv_alert_6.npy,SN Ia
ZTF19acjdwqv,ZTF19acjdwqv_alert_7.npy,SN Ia
ZTF19acjdwqv,ZTF19acjdwqv_alert_8.npy,SN Ia
ZTF19acjdwqv,ZTF19acjdwqv_alert_9.npy,SN Ia
ZTF19acjtpmm,ZTF19acjtpmm_alert_2.npy,SN IIP
ZTF19acjtpmm,ZTF19acjtpmm_alert_3.npy,SN IIP
ZTF19acjtpmm,ZTF19acjtpmm_alert_4.npy,SN IIP
ZTF19acjtpqd,ZTF19acjtpqd_alert_1.npy,SN Ic
ZTF19acjuomg,ZTF19acjuomg_alert_10.npy,SN Ia
ZTF19acjuomg,ZTF19acjuomg_alert_11.npy,SN Ia
ZTF19acjuomg,ZTF19acjuomg_alert_12.npy,SN Ia
ZTF19acjuomg,ZTF19acjuomg_alert_13.npy,SN Ia
ZTF19acjuomg,ZTF19acjuomg_alert_14.npy,SN Ia
ZTF19acjuomg,ZTF19acjuomg_alert_15.npy,SN Ia
ZTF19acjuomg,ZTF19acjuomg_alert_16.npy,SN Ia
ZTF19acjuomg,ZTF19acjuomg_alert_17.npy,SN Ia
ZTF19acjuomg,ZTF19acjuomg_alert_9.npy,SN Ia
ZTF19acjurot,ZTF19acjurot_alert_2.npy,SN Ia
ZTF19acjurot,ZTF19acjurot_alert_3.npy,SN Ia
ZTF19acjwdnu,ZTF19acjwdnu_alert_4.npy,SN IIP
ZTF19acjwdnu,ZTF19acjwdnu_alert_5.npy,SN IIP
ZTF19acjwdnu,ZTF19acjwdnu_alert_6.npy,SN IIP
ZTF19acjwdnu,ZTF19acjwdnu_alert_7.npy,SN IIP
ZTF19ackbclh,ZTF19ackbclh_alert_3.npy,SN IIn
ZTF19ackbclh,ZTF19ackbclh_alert_4.npy,SN IIn
ZTF19ackbclh,ZTF19ackbclh_alert_5.npy,SN IIn
ZTF19ackjjwf,ZTF19ackjjwf_alert_101.npy,SN Ib
ZTF19ackjjwf,ZTF19ackjjwf_alert_110.npy,SN Ib
ZTF19ackjjwf,ZTF19ackjjwf_alert_118.npy,SN Ib
ZTF19ackjjwf,ZTF19ackjjwf_alert_127.npy,SN Ib
ZTF19ackjjwf,ZTF19ackjjwf_alert_135.npy,SN Ib
ZTF19ackjjwf,ZTF19ackjjwf_alert_144.npy,SN Ib
ZTF19ackjjwf,ZTF19ackjjwf_alert_152.npy,SN Ib
ZTF19ackjjwf,ZTF19ackjjwf_alert_76.npy,SN Ib
ZTF19ackjjwf,ZTF19ackjjwf_alert_84.npy,SN Ib
ZTF19ackjjwf,ZTF19ackjjwf_alert_93.npy,SN Ib
ZTF19ackjlrd,ZTF19ackjlrd_alert_2.npy,SN Ia
ZTF19ackjlrd,ZTF19ackjlrd_alert_3.npy,SN Ia
ZTF19ackjsys,ZTF19ackjsys_alert_10.npy,SN Ia
ZTF19ackjsys,ZTF19ackjsys_alert_5.npy,SN Ia
ZTF19ackjsys,ZTF19ackjsys_alert_6.npy,SN Ia
ZTF19ackjsys,ZTF19ackjsys_alert_7.npy,SN Ia
ZTF19ackjsys,ZTF19ackjsys_alert_8.npy,SN Ia
ZTF19ackjsys,ZTF19ackjsys_alert_9.npy,SN Ia
ZTF19ackjvjr,ZTF19ackjvjr_alert_3.npy,SN Ia
ZTF19ackjvjr,ZTF19ackjvjr_alert_4.npy,SN Ia
ZTF19ackjvjr,ZTF19ackjvjr_alert_5.npy,SN Ia
ZTF19ackjvjr,ZTF19ackjvjr_alert_6.npy,SN Ia
ZTF19aclhohd,ZTF19aclhohd_alert_2.npy,SN Ia
ZTF19aclhohd,ZTF19aclhohd_alert_3.npy,SN Ia
ZTF19acmbekd,ZTF19acmbekd_alert_3.npy,SN Ib
ZTF19acmbekd,ZTF19acmbekd_alert_4.npy,SN Ib
ZTF19acmbekd,ZTF19acmbekd_alert_5.npy,SN Ib
ZTF19acmbekd,ZTF19acmbekd_alert_6.npy,SN Ib
ZTF19acmdxbp,ZTF19acmdxbp_alert_10.npy,Cataclysmic
ZTF19acmdxbp,ZTF19acmdxbp_alert_11.npy,Cataclysmic
ZTF19acmdxbp,ZTF19acmdxbp_alert_12.npy,Cataclysmic
ZTF19acmdxbp,ZTF19acmdxbp_alert_13.npy,Cataclysmic
ZTF19acmdxbp,ZTF19acmdxbp_alert_14.npy,Cataclysmic
ZTF19acmdxbp,ZTF19acmdxbp_alert_7.npy,Cataclysmic
ZTF19acmdxbp,ZTF19acmdxbp_alert_8.npy,Cataclysmic
ZTF19acmdxbp,ZTF19acmdxbp_alert_9.npy,Cataclysmic
ZTF19acmelor,ZTF19acmelor_alert_2.npy,SN Ib
ZTF19acmelor,ZTF19acmelor_alert_3.npy,SN Ib
ZTF19acmelor,ZTF19acmelor_alert_4.npy,SN Ib
ZTF19acmgyka,ZTF19acmgyka_alert_29.npy,SN Ia
ZTF19acmgyka,ZTF19acmgyka_alert_32.npy,SN Ia
ZTF19acmgyka,ZTF19acmgyka_alert_35.npy,SN Ia
ZTF19acmgyka,ZTF19acmgyka_alert_39.npy,SN Ia
ZTF19acmgyka,ZTF19acmgyka_alert_42.npy,SN Ia
ZTF19acmgyka,ZTF19acmgyka_alert_45.npy,SN Ia
ZTF19acmgyka,ZTF19acmgyka_alert_48.npy,SN Ia
ZTF19acmgyka,ZTF19acmgyka_alert_52.npy,SN Ia
ZTF19acmgyka,ZTF19acmgyka_alert_55.npy,SN Ia
ZTF19acmgyka,ZTF19acmgyka_alert_58.npy,SN Ia
ZTF19acmvrsw,ZTF19acmvrsw_alert_1.npy,SN Ia
ZTF19acmvrsw,ZTF19acmvrsw_alert_2.npy,SN Ia
ZTF19acmwfli,ZTF19acmwfli_alert_1.npy,SN IIP
ZTF19acmwfli,ZTF19acmwfli_alert_2.npy,SN IIP
ZTF19acmyacs,ZTF19acmyacs_alert_10.npy,SN IIP
ZTF19acmyacs,ZTF19acmyacs_alert_11.npy,SN IIP
ZTF19acmyacs,ZTF19acmyacs_alert_6.npy,SN IIP
ZTF19acmyacs,ZTF19acmyacs_alert_7.npy,SN IIP
ZTF19acmyacs,ZTF19acmyacs_alert_8.npy,SN IIP
ZTF19acmyacs,ZTF19acmyacs_alert_9.npy,SN IIP
ZTF19acmywjc,ZTF19acmywjc_alert_1.npy,SN Ia
ZTF19acnlgks,ZTF19acnlgks_alert_2.npy,Cataclysmic
ZTF19acnlgks,ZTF19acnlgks_alert_3.npy,Cataclysmic
ZTF19acnvejn,ZTF19acnvejn_alert_4.npy,Cataclysmic
ZTF19acnvejn,ZTF19acnvejn_alert_5.npy,Cataclysmic
ZTF19acnvejn,ZTF19acnvejn_alert_6.npy,Cataclysmic
ZTF19acnvejn,ZTF19acnvejn_alert_7.npy,Cataclysmic
ZTF19acopsvd,ZTF19acopsvd_alert_2.npy,Cataclysmic
ZTF19acopsvd,ZTF19acopsvd_alert_3.npy,Cataclysmic
ZTF19acqdbad,ZTF19acqdbad_alert_3.npy,Cataclysmic
ZTF19acqdbad,ZTF19acqdbad_alert_4.npy,Cataclysmic
ZTF19acqdbad,ZTF19acqdbad_alert_5.npy,Cataclysmic
ZTF19acrbzdn,ZTF19acrbzdn_alert_3.npy,Cataclysmic
ZTF19acrbzdn,ZTF19acrbzdn_alert_4.npy,Cataclysmic
ZTF19acrbzdn,ZTF19acrbzdn_alert_5.npy,Cataclysmic
ZTF19acrcupt,ZTF19acrcupt_alert_4.npy,SN Ia
ZTF19acrcupt,ZTF19acrcupt_alert_5.npy,SN Ia
ZTF19acrcupt,ZTF19acrcupt_alert_6.npy,SN Ia
ZTF19acrcupt,ZTF19acrcupt_alert_7.npy,SN Ia
ZTF19acrcupt,ZTF19acrcupt_alert_8.npy,SN Ia
ZTF19acrcxri,ZTF19acrcxri_alert_10.npy,SN IIP
ZTF19acrcxri,ZTF19acrcxri_alert_11.npy,SN IIP
ZTF19acrcxri,ZTF19acrcxri_alert_6.npy,SN IIP
ZTF19acrcxri,ZTF19acrcxri_alert_7.npy,SN IIP
ZTF19acrcxri,ZTF19acrcxri_alert_8.npy,SN IIP
ZTF19acrcxri,ZTF19acrcxri_alert_9.npy,SN IIP
ZTF19acrdtah,ZTF19acrdtah_alert_4.npy,Cataclysmic
ZTF19acrdtah,ZTF19acrdtah_alert_5.npy,Cataclysmic
ZTF19acrdtah,ZTF19acrdtah_alert_6.npy,Cataclysmic
ZTF19acrdtah,ZTF19acrdtah_alert_7.npy,Cataclysmic
ZTF19acrdtah,ZTF19acrdtah_alert_8.npy,Cataclysmic
ZTF19acrwvao,ZTF19acrwvao_alert_3.npy,SN IIP
ZTF19acrwvao,ZTF19acrwvao_alert_4.npy,SN IIP
ZTF19acrwvao,ZTF19acrwvao_alert_5.npy,SN IIP
ZTF19acrwvao,ZTF19acrwvao_alert_6.npy,SN IIP
ZTF19acsfpmi,ZTF19acsfpmi_alert_2.npy,SN Ia
ZTF19acsfpmi,ZTF19acsfpmi_alert_3.npy,SN Ia
ZTF19acsghpg,ZTF19acsghpg_alert_4.npy,Cataclysmic
ZTF19acsghpg,ZTF19acsghpg_alert_5.npy,Cataclysmic
ZTF19acsghpg,ZTF19acsghpg_alert_6.npy,Cataclysmic
ZTF19acsghpg,ZTF19acsghpg_alert_7.npy,Cataclysmic
ZTF19acszmgx,ZTF19acszmgx_alert_2.npy,SN IIP
ZTF19acszmgx,ZTF19acszmgx_alert_3.npy,SN IIP
ZTF19actaiag,ZTF19actaiag_alert_1.npy,SN Ia
ZTF19actfxcd,ZTF19actfxcd_alert_1.npy,SN IIP
ZTF19actnqne,ZTF19actnqne_alert_2.npy,Cataclysmic
ZTF19actnqne,ZTF19actnqne_alert_3.npy,Cataclysmic
ZTF19actnqne,ZTF19actnqne_alert_4.npy,Cataclysmic
ZTF19actnyae,ZTF19actnyae_alert_3.npy,SN IIP
ZTF19acwrrvg,ZTF19acwrrvg_alert_3.npy,SN IIP
ZTF19acwrrvg,ZTF19acwrrvg_alert_4.npy,SN IIP
ZTF19acwrrvg,ZTF19acwrrvg_alert_5.npy,SN IIP
ZTF19acwsajh,ZTF19acwsajh_alert_2.npy,Cataclysmic
ZTF19acwsajh,ZTF19acwsajh_alert_3.npy,Cataclysmic
ZTF19acxgwvo,ZTF19acxgwvo_alert_1.npy,SN IIP
ZTF19acxmnkc,ZTF19acxmnkc_alert_5.npy,SN IIn
ZTF19acxmnkc,ZTF19acxmnkc_alert_6.npy,SN IIn
ZTF19acxmnkc,ZTF19acxmnkc_alert_7.npy,SN IIn
ZTF19acxmnkc,ZTF19acxmnkc_alert_8.npy,SN IIn
ZTF19acxmnkc,ZTF19acxmnkc_alert_9.npy,SN IIn
ZTF19acxndtv,ZTF19acxndtv_alert_10.npy,AGN
ZTF19acxndtv,ZTF19acxndtv_alert_11.npy,AGN
ZTF19acxndtv,ZTF19acxndtv_alert_12.npy,AGN
ZTF19acxndtv,ZTF19acxndtv_alert_13.npy,AGN
ZTF19acxndtv,ZTF19acxndtv_alert_14.npy,AGN
ZTF19acxndtv,ZTF19acxndtv_alert_7.npy,AGN
ZTF19acxndtv,ZTF19acxndtv_alert_8.npy,AGN
ZTF19acxndtv,ZTF19acxndtv_alert_9.npy,AGN
ZTF19acxozhr,ZTF19acxozhr_alert_3.npy,SN Ia
ZTF19acxozhr,ZTF19acxozhr_alert_4.npy,SN Ia
ZTF19acxozhr,ZTF19acxozhr_alert_5.npy,SN Ia
ZTF19acxpuql,ZTF19acxpuql_alert_10.npy,SN Ib
ZTF19acxpuql,ZTF19acxpuql_alert_11.npy,SN Ib
ZTF19acxpuql,ZTF19acxpuql_alert_12.npy,SN Ib
ZTF19acxpuql,ZTF19acxpuql_alert_13.npy,SN Ib
ZTF19acxpuql,ZTF19acxpuql_alert_7.npy,SN Ib
ZTF19acxpuql,ZTF19acxpuql_alert_8.npy,SN Ib
ZTF19acxpuql,ZTF19acxpuql_alert_9.npy,SN Ib
ZTF19acxqaot,ZTF19acxqaot_alert_1.npy,SN IIn
ZTF19acxqaot,ZTF19acxqaot_alert_2.npy,SN IIn
ZTF19acxyfkf,ZTF19acxyfkf_alert_10.npy,SN Ia
ZTF19acxyfkf,ZTF19acxyfkf_alert_11.npy,SN Ia
ZTF19acxyfkf,ZTF19acxyfkf_alert_12.npy,SN Ia
ZTF19acxyfkf,ZTF19acxyfkf_alert_6.npy,SN Ia
ZTF19acxyfkf,ZTF19acxyfkf_alert_7.npy,SN Ia
ZTF19acxyfkf,ZTF19acxyfkf_alert_8.npy,SN Ia
ZTF19acxyfkf,ZTF19acxyfkf_alert_9.npy,SN Ia
ZTF19acxyumq,ZTF19acxyumq_alert_10.npy,SN Ia
ZTF19acxyumq,ZTF19acxyumq_alert_11.npy,SN Ia
ZTF19acxyumq,ZTF19acxyumq_alert_12.npy,SN Ia
ZTF19acxyumq,ZTF19acxyumq_alert_6.npy,SN Ia
ZTF19acxyumq,ZTF19acxyumq_alert_7.npy,SN Ia
ZTF19acxyumq,ZTF19acxyumq_alert_8.npy,SN Ia
ZTF19acxyumq,ZTF19acxyumq_alert_9.npy,SN Ia
ZTF19acxyuwb,ZTF19acxyuwb_alert_1.npy,AGN
ZTF19acyflhv,ZTF19acyflhv_alert_4.npy,SN Ia
ZTF19acyflhv,ZTF19acyflhv_alert_5.npy,SN Ia
ZTF19acyflhv,ZTF19acyflhv_alert_6.npy,SN Ia
ZTF19acyflhv,ZTF19acyflhv_alert_7.npy,SN Ia
ZTF19acyflhv,ZTF19acyflhv_alert_8.npy,SN Ia
ZTF19acygjgx,ZTF19acygjgx_alert_4.npy,SN Ia
ZTF19acygjgx,ZTF19acygjgx_alert_5.npy,SN Ia
ZTF19acygjgx,ZTF19acygjgx_alert_6.npy,SN Ia
ZTF19acygjgx,ZTF19acygjgx_alert_7.npy,SN Ia
ZTF19acygjgx,ZTF19acygjgx_alert_8.npy,SN Ia
ZTF19acyjjni,ZTF19acyjjni_alert_2.npy,SN IIP
ZTF19acyjzeo,ZTF19acyjzeo_alert_3.npy,SN Ib
ZTF19acyjzeo,ZTF19acyjzeo_alert_4.npy,SN Ib
ZTF19acyjzeo,ZTF19acyjzeo_alert_5.npy,SN Ib
ZTF19acyldun,ZTF19acyldun_alert_3.npy,SN IIn
ZTF19acyldun,ZTF19acyldun_alert_4.npy,SN IIn
ZTF19acyldun,ZTF19acyldun_alert_5.npy,SN IIn
ZTF19acylgmg,ZTF19acylgmg_alert_2.npy,Cataclysmic
ZTF19acylgmg,ZTF19acylgmg_alert_3.npy,Cataclysmic
ZTF19acylgmg,ZTF19acylgmg_alert_4.npy,Cataclysmic
ZTF19acyobbu,ZTF19acyobbu_alert_2.npy,SN IIb
ZTF19acyobbu,ZTF19acyobbu_alert_3.npy,SN IIb
ZTF19acyogvo,ZTF19acyogvo_alert_1.npy,SN Ia
ZTF19aczkjxn,ZTF19aczkjxn_alert_1.npy,SN IIP
ZTF19aczkjxn,ZTF19aczkjxn_alert_2.npy,SN IIP
ZTF19adakmbh,ZTF19adakmbh_alert_1.npy,SN IIP
ZTF19adakybi,ZTF19adakybi_alert_1.npy,Cataclysmic
ZTF19adannbl,ZTF19adannbl_alert_1.npy,SN IIn
ZTF19adbryab,ZTF19adbryab_alert_2.npy,SN IIP
ZTF19adbryab,ZTF19adbryab_alert_3.npy,SN IIP
ZTF19adbsblp,ZTF19adbsblp_alert_1.npy,SN IIP
ZTF19adbsblp,ZTF19adbsblp_alert_2.npy,SN IIP
ZTF19adccrca,ZTF19adccrca_alert_2.npy,SN IIP
ZTF19adccrca,ZTF19adccrca_alert_3.npy,SN IIP
ZTF19adgooar,ZTF19adgooar_alert_16.npy,SN II
ZTF19adgooar,ZTF19adgooar_alert_18.npy,SN II
ZTF19adgooar,ZTF19adgooar_alert_19.npy,SN II
ZTF19adgooar,ZTF19adgooar_alert_21.npy,SN II
ZTF19adgooar,ZTF19adgooar_alert_23.npy,SN II
ZTF19adgooar,ZTF19adgooar_alert_24.npy,SN II
ZTF19adgooar,ZTF19adgooar_alert_26.npy,SN II
ZTF19adgooar,ZTF19adgooar_alert_28.npy,SN II
ZTF19adgooar,ZTF19adgooar_alert_29.npy,SN II
ZTF19adgooar,ZTF19adgooar_alert_31.npy,SN II
ZTF20aaaddgy,ZTF20aaaddgy_alert_3.npy,SN IIn
ZTF20aaaddgy,ZTF20aaaddgy_alert_4.npy,SN IIn
ZTF20aaaddgy,ZTF20aaaddgy_alert_5.npy,SN IIn
ZTF20aaaddgy,ZTF20aaaddgy_alert_6.npy,SN IIn
ZTF20aaazjwc,ZTF20aaazjwc_alert_4.npy,SN IIP
ZTF20aaazjwc,ZTF20aaazjwc_alert_5.npy,SN IIP
ZTF20aaazjwc,ZTF20aaazjwc_alert_6.npy,SN IIP
ZTF20aaazjwc,ZTF20aaazjwc_alert_7.npy,SN IIP
ZTF20aabcemq,ZTF20aabcemq_alert_3.npy,SN IIn
ZTF20aabcemq,ZTF20aabcemq_alert_4.npy,SN IIn
ZTF20aabcemq,ZTF20aabcemq_alert_5.npy,SN IIn
ZTF20aabconi,ZTF20aabconi_alert_2.npy,SN IIP
ZTF20aabconi,ZTF20aabconi_alert_3.npy,SN IIP
ZTF20aabqjht,ZTF20aabqjht_alert_3.npy,SN Ia
ZTF20aabqjht,ZTF20aabqjht_alert_4.npy,SN Ia
ZTF20aabqjht,ZTF20aabqjht_alert_5.npy,SN Ia
ZTF20aabqjht,ZTF20aabqjht_alert_6.npy,SN Ia
ZTF20aabqkxs,ZTF20aabqkxs_alert_2.npy,SN Ib
ZTF20aabqkxs,ZTF20aabqkxs_alert_3.npy,SN Ib
ZTF20aabqwtz,ZTF20aabqwtz_alert_1.npy,SN IIP
ZTF20aabqwtz,ZTF20aabqwtz_alert_2.npy,SN IIP
ZTF20aacewxb,ZTF20aacewxb_alert_2.npy,SN IIP
ZTF20aacewxb,ZTF20aacewxb_alert_3.npy,SN IIP
ZTF20aacewxb,ZTF20aacewxb_alert_4.npy,SN IIP
ZTF20aacgrql,ZTF20aacgrql_alert_1.npy,SN IIP
ZTF20aacgrql,ZTF20aacgrql_alert_2.npy,SN IIP
ZTF20aadchdd,ZTF20aadchdd_alert_16.npy,SN IIP
ZTF20aadchdd,ZTF20aadchdd_alert_18.npy,SN IIP
ZTF20aadchdd,ZTF20aadchdd_alert_20.npy,SN IIP
ZTF20aadchdd,ZTF20aadchdd_alert_21.npy,SN IIP
ZTF20aadchdd,ZTF20aadchdd_alert_23.npy,SN IIP
ZTF20aadchdd,ZTF20aadchdd_alert_25.npy,SN IIP
ZTF20aadchdd,ZTF20aadchdd_alert_27.npy,SN IIP
ZTF20aadchdd,ZTF20aadchdd_alert_28.npy,SN IIP
ZTF20aadchdd,ZTF20aadchdd_alert_30.npy,SN IIP
ZTF20aadchdd,ZTF20aadchdd_alert_32.npy,SN IIP
ZTF20aadtarr,ZTF20aadtarr_alert_1.npy,SN IIn
ZTF20aadvunl,ZTF20aadvunl_alert_4.npy,SN Ia
ZTF20aadvunl,ZTF20aadvunl_alert_5.npy,SN Ia
ZTF20aadvunl,ZTF20aadvunl_alert_6.npy,SN Ia
ZTF20aadvunl,ZTF20aadvunl_alert_7.npy,SN Ia
ZTF20aadvunl,ZTF20aadvunl_alert_8.npy,SN Ia
ZTF20aadxrvb,ZTF20aadxrvb_alert_1.npy,SN IIn
ZTF20aadxrvb,ZTF20aadxrvb_alert_2.npy,SN IIn
ZTF20aaeabyu,ZTF20aaeabyu_alert_1.npy,SN IIP
ZTF20aaekkuv,ZTF20aaekkuv_alert_2.npy,SN Ic
ZTF20aaekkuv,ZTF20aaekkuv_alert_3.npy,SN Ic
ZTF20aaelulu,ZTF20aaelulu_alert_10.npy,SN Ic
ZTF20aaelulu,ZTF20aaelulu_alert_11.npy,SN Ic
ZTF20aaelulu,ZTF20aaelulu_alert_12.npy,SN Ic
ZTF20aaelulu,ZTF20aaelulu_alert_13.npy,SN Ic
ZTF20aaelulu,ZTF20aaelulu_alert_14.npy,SN Ic
ZTF20aaelulu,ZTF20aaelulu_alert_15.npy,SN Ic
ZTF20aaelulu,ZTF20aaelulu_alert_16.npy,SN Ic
ZTF20aaelulu,ZTF20aaelulu_alert_17.npy,SN Ic
ZTF20aaelulu,ZTF20aaelulu_alert_18.npy,SN Ic
ZTF20aaelulu,ZTF20aaelulu_alert_9.npy,SN Ic
ZTF20aaeoqqd,ZTF20aaeoqqd_alert_3.npy,SN IIP
ZTF20aaeoqqd,ZTF20aaeoqqd_alert_4.npy,SN IIP
ZTF20aaeoqqd,ZTF20aaeoqqd_alert_5.npy,SN IIP
ZTF20aaeoqqd,ZTF20aaeoqqd_alert_6.npy,SN IIP
ZTF20aaerxne,ZTF20aaerxne_alert_4.npy,SN Ib
ZTF20aaerxne,ZTF20aaerxne_alert_5.npy,SN Ib
ZTF20aaerxne,ZTF20aaerxne_alert_6.npy,SN Ib
ZTF20aaerxne,ZTF20aaerxne_alert_7.npy,SN Ib
ZTF20aaerxne,ZTF20aaerxne_alert_8.npy,SN Ib
ZTF20aaetrle,ZTF20aaetrle_alert_4.npy,SN IIP
ZTF20aaetrle,ZTF20aaetrle_alert_5.npy,SN IIP
ZTF20aaetrle,ZTF20aaetrle_alert_6.npy,SN IIP
ZTF20aaetrle,ZTF20aaetrle_alert_7.npy,SN IIP
ZTF20aaetrle,ZTF20aaetrle_alert_8.npy,SN IIP
ZTF20aaetvkh,ZTF20aaetvkh_alert_10.npy,SN Ia
ZTF20aaetvkh,ZTF20aaetvkh_alert_11.npy,SN Ia
ZTF20aaetvkh,ZTF20aaetvkh_alert_12.npy,SN Ia
ZTF20aaetvkh,ZTF20aaetvkh_alert_6.npy,SN Ia
ZTF20aaetvkh,ZTF20aaetvkh_alert_7.npy,SN Ia
ZTF20aaetvkh,ZTF20aaetvkh_alert_8.npy,SN Ia
ZTF20aaetvkh,ZTF20aaetvkh_alert_9.npy,SN Ia
ZTF20aafckit,ZTF20aafckit_alert_3.npy,SN IIP
ZTF20aafckit,ZTF20aafckit_alert_4.npy,SN IIP
ZTF20aafckit,ZTF20aafckit_alert_5.npy,SN IIP
ZTF20aafckit,ZTF20aafckit_alert_6.npy,SN IIP
ZTF20aafclqz,ZTF20aafclqz_alert_1.npy,SN IIP
ZTF20aafclqz,ZTF20aafclqz_alert_2.npy,SN IIP
ZTF20aafjjqj,ZTF20aafjjqj_alert_11.npy,SN Ia
ZTF20aafjjqj,ZTF20aafjjqj_alert_12.npy,SN Ia
ZTF20aafjjqj,ZTF20aafjjqj_alert_13.npy,SN Ia
ZTF20aafjjqj,ZTF20aafjjqj_alert_15.npy,SN Ia
ZTF20aafjjqj,ZTF20aafjjqj_alert_16.npy,SN Ia
ZTF20aafjjqj,ZTF20aafjjqj_alert_17.npy,SN Ia
ZTF20aafjjqj,ZTF20aafjjqj_alert_18.npy,SN Ia
ZTF20aafjjqj,ZTF20aafjjqj_alert_20.npy,SN Ia
ZTF20aafjjqj,ZTF20aafjjqj_alert_21.npy,SN Ia
ZTF20aafjjqj,ZTF20aafjjqj_alert_22.npy,SN Ia
ZTF20aagewqr,ZTF20aagewqr_alert_1.npy,SN Ic
ZTF20aagewqr,ZTF20aagewqr_alert_2.npy,SN Ic
ZTF20aagnbes,ZTF20aagnbes_alert_2.npy,SN IIP
ZTF20aagnbes,ZTF20aagnbes_alert_3.npy,SN IIP
ZTF20aagnbes,ZTF20aagnbes_alert_4.npy,SN IIP
ZTF20aagqrbx,ZTF20aagqrbx_alert_10.npy,Cataclysmic
ZTF20aagqrbx,ZTF20aagqrbx_alert_11.npy,Cataclysmic
ZTF20aagqrbx,ZTF20aagqrbx_alert_12.npy,Cataclysmic
ZTF20aagqrbx,ZTF20aagqrbx_alert_13.npy,Cataclysmic
ZTF20aagqrbx,ZTF20aagqrbx_alert_14.npy,Cataclysmic
ZTF20aagqrbx,ZTF20aagqrbx_alert_15.npy,Cataclysmic
ZTF20aagqrbx,ZTF20aagqrbx_alert_8.npy,Cataclysmic
ZTF20aagqrbx,ZTF20aagqrbx_alert_9.npy,Cataclysmic
ZTF20aahbamv,ZTF20aahbamv_alert_28.npy,SN IIP
ZTF20aahbamv,ZTF20aahbamv_alert_31.npy,SN IIP
ZTF20aahbamv,ZTF20aahbamv_alert_34.npy,SN IIP
ZTF20aahbamv,ZTF20aahbamv_alert_37.npy,SN IIP
ZTF20aahbamv,ZTF20aahbamv_alert_40.npy,SN IIP
ZTF20aahbamv,ZTF20aahbamv_alert_43.npy,SN IIP
ZTF20aahbamv,ZTF20aahbamv_alert_46.npy,SN IIP
ZTF20aahbamv,ZTF20aahbamv_alert_49.npy,SN IIP
ZTF20aahbamv,ZTF20aahbamv_alert_52.npy,SN IIP
ZTF20aahbamv,ZTF20aahbamv_alert_55.npy,SN IIP
ZTF20aahcrjn,ZTF20aahcrjn_alert_10.npy,Cataclysmic
ZTF20aahcrjn,ZTF20aahcrjn_alert_11.npy,Cataclysmic
ZTF20aahcrjn,ZTF20aahcrjn_alert_6.npy,Cataclysmic
ZTF20aahcrjn,ZTF20aahcrjn_alert_7.npy,Cataclysmic
ZTF20aahcrjn,ZTF20aahcrjn_alert_8.npy,Cataclysmic
ZTF20aahcrjn,ZTF20aahcrjn_alert_9.npy,Cataclysmic
ZTF20aahcslg,ZTF20aahcslg_alert_10.npy,Cataclysmic
ZTF20aahcslg,ZTF20aahcslg_alert_11.npy,Cataclysmic
ZTF20aahcslg,ZTF20aahcslg_alert_12.npy,Cataclysmic
ZTF20aahcslg,ZTF20aahcslg_alert_13.npy,Cataclysmic
ZTF20aahcslg,ZTF20aahcslg_alert_14.npy,Cataclysmic
ZTF20aahcslg,ZTF20aahcslg_alert_7.npy,Cataclysmic
ZTF20aahcslg,ZTF20aahcslg_alert_8.npy,Cataclysmic
ZTF20aahcslg,ZTF20aahcslg_alert_9.npy,Cataclysmic
ZTF20aahirfz,ZTF20aahirfz_alert_2.npy,SN IIP
ZTF20aahirfz,ZTF20aahirfz_alert_3.npy,SN IIP
ZTF20aahirfz,ZTF20aahirfz_alert_4.npy,SN IIP
ZTF20aahklzo,ZTF20aahklzo_alert_1.npy,Cataclysmic
ZTF20aahklzo,ZTF20aahklzo_alert_2.npy,Cataclysmic
ZTF20aahqbsr,ZTF20aahqbsr_alert_4.npy,SN IIP
ZTF20aahqbsr,ZTF20aahqbsr_alert_5.npy,SN IIP
ZTF20aahqbsr,ZTF20aahqbsr_alert_6.npy,SN IIP
ZTF20aahqbsr,ZTF20aahqbsr_alert_7.npy,SN IIP
ZTF20aahqbun,ZTF20aahqbun_alert_4.npy,SN IIP
ZTF20aahqbun,ZTF20aahqbun_alert_5.npy,SN IIP
ZTF20aahqbun,ZTF20aahqbun_alert_6.npy,SN IIP
ZTF20aahqbun,ZTF20aahqbun_alert_7.npy,SN IIP
ZTF20aahtral,ZTF20aahtral_alert_2.npy,SN Ia
ZTF20aahtral,ZTF20aahtral_alert_3.npy,SN Ia
ZTF20aahtral,ZTF20aahtral_alert_4.npy,SN Ia
ZTF20aaidnku,ZTF20aaidnku_alert_2.npy,Cataclysmic
ZTF20aaidnku,ZTF20aaidnku_alert_3.npy,Cataclysmic
ZTF20aaifkyj,ZTF20aaifkyj_alert_3.npy,SN Ia
ZTF20aaifkyj,ZTF20aaifkyj_alert_4.npy,SN Ia
ZTF20aaifkyj,ZTF20aaifkyj_alert_5.npy,SN Ia
ZTF20aaiftgi,ZTF20aaiftgi_alert_1.npy,SN Ic
ZTF20aaiftgi,ZTF20aaiftgi_alert_2.npy,SN Ic
ZTF20aaifyrs,ZTF20aaifyrs_alert_1.npy,SN Ia
ZTF20aaifyrs,ZTF20aaifyrs_alert_2.npy,SN Ia
ZTF20aaifzfk,ZTF20aaifzfk_alert_3.npy,SN IIP
ZTF20aaifzfk,ZTF20aaifzfk_alert_4.npy,SN IIP
ZTF20aaifzfk,ZTF20aaifzfk_alert_5.npy,SN IIP
ZTF20aaifzfk,ZTF20aaifzfk_alert_6.npy,SN IIP
ZTF20aaimqhh,ZTF20aaimqhh_alert_30.npy,Cataclysmic
ZTF20aaimqhh,ZTF20aaimqhh_alert_33.npy,Cataclysmic
ZTF20aaimqhh,ZTF20aaimqhh_alert_36.npy,Cataclysmic
ZTF20aaimqhh,ZTF20aaimqhh_alert_40.npy,Cataclysmic
ZTF20aaimqhh,ZTF20aaimqhh_alert_43.npy,Cataclysmic
ZTF20aaimqhh,ZTF20aaimqhh_alert_46.npy,Cataclysmic
ZTF20aaimqhh,ZTF20aaimqhh_alert_49.npy,Cataclysmic
ZTF20aaimqhh,ZTF20aaimqhh_alert_53.npy,Cataclysmic
ZTF20aaimqhh,ZTF20aaimqhh_alert_56.npy,Cataclysmic
ZTF20aaimqhh,ZTF20aaimqhh_alert_59.npy,Cataclysmic
ZTF20aaiomlf,ZTF20aaiomlf_alert_22.npy,Cataclysmic
ZTF20aaiomlf,ZTF20aaiomlf_alert_24.npy,Cataclysmic
ZTF20aaiomlf,ZTF20aaiomlf_alert_27.npy,Cataclysmic
ZTF20aaiomlf,ZTF20aaiomlf_alert_29.npy,Cataclysmic
ZTF20aaiomlf,ZTF20aaiomlf_alert_32.npy,Cataclysmic
ZTF20aaiomlf,ZTF20aaiomlf_alert_34.npy,Cataclysmic
ZTF20aaiomlf,ZTF20aaiomlf_alert_37.npy,Cataclysmic
ZTF20aaiomlf,ZTF20aaiomlf_alert_39.npy,Cataclysmic
ZTF20aaiomlf,ZTF20aaiomlf_alert_42.npy,Cataclysmic
ZTF20aaiomlf,ZTF20aaiomlf_alert_44.npy,Cataclysmic
ZTF20aajcdad,ZTF20aajcdad_alert_12.npy,SN Ib
ZTF20aajcdad,ZTF20aajcdad_alert_13.npy,SN Ib
ZTF20aajcdad,ZTF20aajcdad_alert_15.npy,SN Ib
ZTF20aajcdad,ZTF20aajcdad_alert_16.npy,SN Ib
ZTF20aajcdad,ZTF20aajcdad_alert_17.npy,SN Ib
ZTF20aajcdad,ZTF20aajcdad_alert_19.npy,SN Ib
ZTF20aajcdad,ZTF20aajcdad_alert_20.npy,SN Ib
ZTF20aajcdad,ZTF20aajcdad_alert_21.npy,SN Ib
ZTF20aajcdad,ZTF20aajcdad_alert_23.npy,SN Ib
ZTF20aajcdad,ZTF20aajcdad_alert_24.npy,SN Ib
ZTF20aakficj,ZTF20aakficj_alert_4.npy,Cataclysmic
ZTF20aakficj,ZTF20aakficj_alert_5.npy,Cataclysmic
ZTF20aakficj,ZTF20aakficj_alert_6.npy,Cataclysmic
ZTF20aakficj,ZTF20aakficj_alert_7.npy,Cataclysmic
ZTF20aakficj,ZTF20aakficj_alert_8.npy,Cataclysmic
ZTF20aakfofq,ZTF20aakfofq_alert_10.npy,SN Ia
ZTF20aakfofq,ZTF20aakfofq_alert_11.npy,SN Ia
ZTF20aakfofq,ZTF20aakfofq_alert_12.npy,SN Ia
ZTF20aakfofq,ZTF20aakfofq_alert_13.npy,SN Ia
ZTF20aakfofq,ZTF20aakfofq_alert_14.npy,SN Ia
ZTF20aakfofq,ZTF20aakfofq_alert_16.npy,SN Ia
ZTF20aakfofq,ZTF20aakfofq_alert_17.npy,SN Ia
ZTF20aakfofq,ZTF20aakfofq_alert_18.npy,SN Ia
ZTF20aakfofq,ZTF20aakfofq_alert_19.npy,SN Ia
ZTF20aakfofq,ZTF20aakfofq_alert_20.npy,SN Ia
ZTF20aakodyh,ZTF20aakodyh_alert_1.npy,SN Ib
ZTF20aakzbfh,ZTF20aakzbfh_alert_1.npy,SN IIP
ZTF20aalbtwh,ZTF20aalbtwh_alert_2.npy,SN IIP
ZTF20aalbtwh,ZTF20aalbtwh_alert_3.npy,SN IIP
ZTF20aalcyih,ZTF20aalcyih_alert_1.npy,SN Ib
ZTF20aalcyih,ZTF20aalcyih_alert_2.npy,SN Ib
ZTF20aalrptc,ZTF20aalrptc_alert_4.npy,SN Ia
ZTF20aalrptc,ZTF20aalrptc_alert_5.npy,SN Ia
ZTF20aalrptc,ZTF20aalrptc_alert_6.npy,SN Ia
ZTF20aalrptc,ZTF20aalrptc_alert_7.npy,SN Ia
ZTF20aamamnp,ZTF20aamamnp_alert_1.npy,SN IIP
ZTF20aamamnp,ZTF20aamamnp_alert_2.npy,SN IIP
ZTF20aamazzl,ZTF20aamazzl_alert_10.npy,SN IIP
ZTF20aamazzl,ZTF20aamazzl_alert_11.npy,SN IIP
ZTF20aamazzl,ZTF20aamazzl_alert_12.npy,SN IIP
ZTF20aamazzl,ZTF20aamazzl_alert_13.npy,SN IIP
ZTF20aamazzl,ZTF20aamazzl_alert_14.npy,SN IIP
ZTF20aamazzl,ZTF20aamazzl_alert_15.npy,SN IIP
ZTF20aamazzl,ZTF20aamazzl_alert_16.npy,SN IIP
ZTF20aamazzl,ZTF20aamazzl_alert_17.npy,SN IIP
ZTF20aamazzl,ZTF20aamazzl_alert_18.npy,SN IIP
ZTF20aamazzl,ZTF20aamazzl_alert_19.npy,SN IIP
ZTF20aamdyln,ZTF20aamdyln_alert_1.npy,SN Ic
ZTF20aamdyln,ZTF20aamdyln_alert_2.npy,SN Ic
ZTF20aamlmec,ZTF20aamlmec_alert_3.npy,SN IIP
ZTF20aamlmec,ZTF20aamlmec_alert_4.npy,SN IIP
ZTF20aamlmec,ZTF20aamlmec_alert_5.npy,SN IIP
ZTF20aammbrw,ZTF20aammbrw_alert_4.npy,SN Ia
ZTF20aammbrw,ZTF20aammbrw_alert_5.npy,SN Ia
ZTF20aammbrw,ZTF20aammbrw_alert_6.npy,SN Ia
ZTF20aammbrw,ZTF20aammbrw_alert_7.npy,SN Ia
ZTF20aammdfk,ZTF20aammdfk_alert_1.npy,SN IIn
ZTF20aammgop,ZTF20aammgop_alert_1.npy,SN Ia
ZTF20aammnnm,ZTF20aammnnm_alert_20.npy,SN Ia
ZTF20aammnnm,ZTF20aammnnm_alert_22.npy,SN Ia
ZTF20aammnnm,ZTF20aammnnm_alert_24.npy,SN Ia
ZTF20aammnnm,ZTF20aammnnm_alert_27.npy,SN Ia
ZTF20aammnnm,ZTF20aammnnm_alert_29.npy,SN Ia
ZTF20aammnnm,ZTF20aammnnm_alert_31.npy,SN Ia
ZTF20aammnnm,ZTF20aammnnm_alert_33.npy,SN Ia
ZTF20aammnnm,ZTF20aammnnm_alert_36.npy,SN Ia
ZTF20aammnnm,ZTF20aammnnm_alert_38.npy,SN Ia
ZTF20aammnnm,ZTF20aammnnm_alert_40.npy,SN Ia
ZTF20aamoaim,ZTF20aamoaim_alert_10.npy,SN IIP
ZTF20aamoaim,ZTF20aamoaim_alert_11.npy,SN IIP
ZTF20aamoaim,ZTF20aamoaim_alert_12.npy,SN IIP
ZTF20aamoaim,ZTF20aamoaim_alert_13.npy,SN IIP
ZTF20aamoaim,ZTF20aamoaim_alert_14.npy,SN IIP
ZTF20aamoaim,ZTF20aamoaim_alert_7.npy,SN IIP
ZTF20aamoaim,ZTF20aamoaim_alert_8.npy,SN IIP
ZTF20aamoaim,ZTF20aamoaim_alert_9.npy,SN IIP
ZTF20aamrreb,ZTF20aamrreb_alert_3.npy,SN IIn
ZTF20aamrreb,ZTF20aamrreb_alert_4.npy,SN IIn
ZTF20aamrreb,ZTF20aamrreb_alert_5.npy,SN IIn
ZTF20aamxuwl,ZTF20aamxuwl_alert_3.npy,SN IIP
ZTF20aamxuwl,ZTF20aamxuwl_alert_4.npy,SN IIP
ZTF20aamxuwl,ZTF20aamxuwl_alert_5.npy,SN IIP
ZTF20aanadof,ZTF20aanadof_alert_2.npy,SN IIP
ZTF20aanadof,ZTF20aanadof_alert_3.npy,SN IIP
ZTF20aanadof,ZTF20aanadof_alert_4.npy,SN IIP
ZTF20aanafwi,ZTF20aanafwi_alert_2.npy,SN Ia
ZTF20aanafwi,ZTF20aanafwi_alert_3.npy,SN Ia
ZTF20aanafwi,ZTF20aanafwi_alert_4.npy,SN Ia
ZTF20aanvmdt,ZTF20aanvmdt_alert_2.npy,SN Ib
ZTF20aanvmdt,ZTF20aanvmdt_alert_3.npy,SN Ib
ZTF20aanvqbi,ZTF20aanvqbi_alert_1.npy,SN IIP
ZTF20aanvqbi,ZTF20aanvqbi_alert_2.npy,SN IIP
ZTF20aanwwhy,ZTF20aanwwhy_alert_10.npy,Cataclysmic
ZTF20aanwwhy,ZTF20aanwwhy_alert_11.npy,Cataclysmic
ZTF20aanwwhy,ZTF20aanwwhy_alert_12.npy,Cataclysmic
ZTF20aanwwhy,ZTF20aanwwhy_alert_13.npy,Cataclysmic
ZTF20aanwwhy,ZTF20aanwwhy_alert_14.npy,Cataclysmic
ZTF20aanwwhy,ZTF20aanwwhy_alert_15.npy,Cataclysmic
ZTF20aanwwhy,ZTF20aanwwhy_alert_16.npy,Cataclysmic
ZTF20aanwwhy,ZTF20aanwwhy_alert_17.npy,Cataclysmic
ZTF20aanwwhy,ZTF20aanwwhy_alert_18.npy,Cataclysmic
ZTF20aanwwhy,ZTF20aanwwhy_alert_19.npy,Cataclysmic
ZTF20aaophpu,ZTF20aaophpu_alert_13.npy,SN IIP
ZTF20aaophpu,ZTF20aaophpu_alert_14.npy,SN IIP
ZTF20aaophpu,ZTF20aaophpu_alert_16.npy,SN IIP
ZTF20aaophpu,ZTF20aaophpu_alert_17.npy,SN IIP
ZTF20aaophpu,ZTF20aaophpu_alert_19.npy,SN IIP
ZTF20aaophpu,ZTF20aaophpu_alert_20.npy,SN IIP
ZTF20aaophpu,ZTF20aaophpu_alert_22.npy,SN IIP
ZTF20aaophpu,ZTF20aaophpu_alert_23.npy,SN IIP
ZTF20aaophpu,ZTF20aaophpu_alert_25.npy,SN IIP
ZTF20aaophpu,ZTF20aaophpu_alert_26.npy,SN IIP
ZTF20aapadwx,ZTF20aapadwx_alert_2.npy,SN Ia
ZTF20aapadwx,ZTF20aapadwx_alert_3.npy,SN Ia
ZTF20aapadwx,ZTF20aapadwx_alert_4.npy,SN Ia
ZTF20aapcjjo,ZTF20aapcjjo_alert_4.npy,Cataclysmic
ZTF20aapcjjo,ZTF20aapcjjo_alert_5.npy,Cataclysmic
ZTF20aapcjjo,ZTF20aapcjjo_alert_6.npy,Cataclysmic
ZTF20aapcjjo,ZTF20aapcjjo_alert_7.npy,Cataclysmic
ZTF20aapjiwl,ZTF20aapjiwl_alert_3.npy,SN IIP
ZTF20aapjiwl,ZTF20aapjiwl_alert_4.npy,SN IIP
ZTF20aapjiwl,ZTF20aapjiwl_alert_5.npy,SN IIP
ZTF20aapjiwl,ZTF20aapjiwl_alert_6.npy,SN IIP
ZTF20aapnqbw,ZTF20aapnqbw_alert_1.npy,SN Ib
ZTF20aaqtebg,ZTF20aaqtebg_alert_5.npy,SN Ia
ZTF20aaqtebg,ZTF20aaqtebg_alert_6.npy,SN Ia
ZTF20aaqtebg,ZTF20aaqtebg_alert_7.npy,SN Ia
ZTF20aaqtebg,ZTF20aaqtebg_alert_8.npy,SN Ia
ZTF20aaqtebg,ZTF20aaqtebg_alert_9.npy,SN Ia
ZTF20aaqtlwo,ZTF20aaqtlwo_alert_2.npy,SN Ic
ZTF20aaqtlwo,ZTF20aaqtlwo_alert_3.npy,SN Ic
ZTF20aaqtlwo,ZTF20aaqtlwo_alert_4.npy,SN Ic
ZTF20aarbktd,ZTF20aarbktd_alert_2.npy,SN IIP
ZTF20aarbktd,ZTF20aarbktd_alert_3.npy,SN IIP
ZTF20aarbktd,ZTF20aarbktd_alert_4.npy,SN IIP
ZTF20aarbvub,ZTF20aarbvub_alert_10.npy,SN IIP
ZTF20aarbvub,ZTF20aarbvub_alert_11.npy,SN IIP
ZTF20aarbvub,ZTF20aarbvub_alert_12.npy,SN IIP
ZTF20aarbvub,ZTF20aarbvub_alert_13.npy,SN IIP
ZTF20aarbvub,ZTF20aarbvub_alert_7.npy,SN IIP
ZTF20aarbvub,ZTF20aarbvub_alert_8.npy,SN IIP
ZTF20aarbvub,ZTF20aarbvub_alert_9.npy,SN IIP
ZTF20aarenrz,ZTF20aarenrz_alert_10.npy,SN II
ZTF20aarenrz,ZTF20aarenrz_alert_11.npy,SN II
ZTF20aarenrz,ZTF20aarenrz_alert_12.npy,SN II
ZTF20aarenrz,ZTF20aarenrz_alert_13.npy,SN II
ZTF20aarenrz,ZTF20aarenrz_alert_7.npy,SN II
ZTF20aarenrz,ZTF20aarenrz_alert_8.npy,SN II
ZTF20aarenrz,ZTF20aarenrz_alert_9.npy,SN II
ZTF20aasfhia,ZTF20aasfhia_alert_12.npy,SN IIP
ZTF20aasfhia,ZTF20aasfhia_alert_13.npy,SN IIP
ZTF20aasfhia,ZTF20aasfhia_alert_14.npy,SN IIP
ZTF20aasfhia,ZTF20aasfhia_alert_16.npy,SN IIP
ZTF20aasfhia,ZTF20aasfhia_alert_17.npy,SN IIP
ZTF20aasfhia,ZTF20aasfhia_alert_18.npy,SN IIP
ZTF20aasfhia,ZTF20aasfhia_alert_19.npy,SN IIP
ZTF20aasfhia,ZTF20aasfhia_alert_21.npy,SN IIP
ZTF20aasfhia,ZTF20aasfhia_alert_22.npy,SN IIP
ZTF20aasfhia,ZTF20aasfhia_alert_23.npy,SN IIP
ZTF20aasijew,ZTF20aasijew_alert_3.npy,SN IIP
ZTF20aasijew,ZTF20aasijew_alert_4.npy,SN IIP
ZTF20aasijew,ZTF20aasijew_alert_5.npy,SN IIP
ZTF20aasitrr,ZTF20aasitrr_alert_2.npy,SN Ia
ZTF20aasitrr,ZTF20aasitrr_alert_3.npy,SN Ia
ZTF20aasjzhg,ZTF20aasjzhg_alert_2.npy,SN II
ZTF20aasjzhg,ZTF20aasjzhg_alert_3.npy,SN II
ZTF20aaskdhj,ZTF20aaskdhj_alert_1.npy,SN Ib
ZTF20aaskdhj,ZTF20aaskdhj_alert_2.npy,SN Ib
ZTF20aatqgeo,ZTF20aatqgeo_alert_13.npy,SN IIP
ZTF20aatqgeo,ZTF20aatqgeo_alert_14.npy,SN IIP
ZTF20aatqgeo,ZTF20aatqgeo_alert_16.npy,SN IIP
ZTF20aatqgeo,ZTF20aatqgeo_alert_17.npy,SN IIP
ZTF20aatqgeo,ZTF20aatqgeo_alert_18.npy,SN IIP
ZTF20aatqgeo,ZTF20aatqgeo_alert_20.npy,SN IIP
ZTF20aatqgeo,ZTF20aatqgeo_alert_21.npy,SN IIP
ZTF20aatqgeo,ZTF20aatqgeo_alert_22.npy,SN IIP
ZTF20aatqgeo,ZTF20aatqgeo_alert_24.npy,SN IIP
ZTF20aatqgeo,ZTF20aatqgeo_alert_25.npy,SN IIP
ZTF20aatqidk,ZTF20aatqidk_alert_10.npy,SN IIP
ZTF20aatqidk,ZTF20aatqidk_alert_11.npy,SN IIP
ZTF20aatqidk,ZTF20aatqidk_alert_12.npy,SN IIP
ZTF20aatqidk,ZTF20aatqidk_alert_13.npy,SN IIP
ZTF20aatqidk,ZTF20aatqidk_alert_14.npy,SN IIP
ZTF20aatqidk,ZTF20aatqidk_alert_15.npy,SN IIP
ZTF20aatqidk,ZTF20aatqidk_alert_16.npy,SN IIP
ZTF20aatqidk,ZTF20aatqidk_alert_17.npy,SN IIP
ZTF20aatqidk,ZTF20aatqidk_alert_9.npy,SN IIP
ZTF20aatsjyu,ZTF20aatsjyu_alert_14.npy,Cataclysmic
ZTF20aatsjyu,ZTF20aatsjyu_alert_15.npy,Cataclysmic
ZTF20aatsjyu,ZTF20aatsjyu_alert_17.npy,Cataclysmic
ZTF20aatsjyu,ZTF20aatsjyu_alert_18.npy,Cataclysmic
ZTF20aatsjyu,ZTF20aatsjyu_alert_20.npy,Cataclysmic
ZTF20aatsjyu,ZTF20aatsjyu_alert_21.npy,Cataclysmic
ZTF20aatsjyu,ZTF20aatsjyu_alert_23.npy,Cataclysmic
ZTF20aatsjyu,ZTF20aatsjyu_alert_24.npy,Cataclysmic
ZTF20aatsjyu,ZTF20aatsjyu_alert_26.npy,Cataclysmic
ZTF20aatsjyu,ZTF20aatsjyu_alert_27.npy,Cataclysmic
ZTF20aattoch,ZTF20aattoch_alert_10.npy,SN IIP
ZTF20aattoch,ZTF20aattoch_alert_11.npy,SN IIP
ZTF20aattoch,ZTF20aattoch_alert_12.npy,SN IIP
ZTF20aattoch,ZTF20aattoch_alert_6.npy,SN IIP
ZTF20aattoch,ZTF20aattoch_alert_7.npy,SN IIP
ZTF20aattoch,ZTF20aattoch_alert_8.npy,SN IIP
ZTF20aattoch,ZTF20aattoch_alert_9.npy,SN IIP
ZTF20aattotq,ZTF20aattotq_alert_4.npy,SN Ia
ZTF20aattotq,ZTF20aattotq_alert_5.npy,SN Ia
ZTF20aattotq,ZTF20aattotq_alert_6.npy,SN Ia
ZTF20aattotq,ZTF20aattotq_alert_7.npy,SN Ia
ZTF20aattotq,ZTF20aattotq_alert_8.npy,SN Ia
ZTF20aattqcv,ZTF20aattqcv_alert_2.npy,SN Ia
ZTF20aattqcv,ZTF20aattqcv_alert_3.npy,SN Ia
ZTF20aattqcv,ZTF20aattqcv_alert_4.npy,SN Ia
ZTF20aatuqps,ZTF20aatuqps_alert_2.npy,SN Ia
ZTF20aatuqps,ZTF20aatuqps_alert_3.npy,SN Ia
ZTF20aatuqps,ZTF20aatuqps_alert_4.npy,SN Ia
ZTF20aatvupb,ZTF20aatvupb_alert_3.npy,SN IIP
ZTF20aatvupb,ZTF20aatvupb_alert_4.npy,SN IIP
ZTF20aatvupb,ZTF20aatvupb_alert_5.npy,SN IIP
ZTF20aatvupb,ZTF20aatvupb_alert_6.npy,SN IIP
ZTF20aatwisu,ZTF20aatwisu_alert_5.npy,SN IIP
ZTF20aatwisu,ZTF20aatwisu_alert_6.npy,SN IIP
ZTF20aatwisu,ZTF20aatwisu_alert_7.npy,SN IIP
ZTF20aatwisu,ZTF20aatwisu_alert_8.npy,SN IIP
ZTF20aatwisu,ZTF20aatwisu_alert_9.npy,SN IIP
ZTF20aaulajo,ZTF20aaulajo_alert_1.npy,SN IIP
ZTF20aaullwz,ZTF20aaullwz_alert_1.npy,SN IIP
ZTF20aaumlmu,ZTF20aaumlmu_alert_1.npy,SN IIP
ZTF20aauompx,ZTF20aauompx_alert_1.npy,SN IIP
ZTF20aauqhka,ZTF20aauqhka_alert_4.npy,SN IIP
ZTF20aauqhka,ZTF20aauqhka_alert_5.npy,SN IIP
ZTF20aauqhka,ZTF20aauqhka_alert_6.npy,SN IIP
ZTF20aauqhka,ZTF20aauqhka_alert_7.npy,SN IIP
ZTF20aauqhka,ZTF20aauqhka_alert_8.npy,SN IIP
ZTF20aauqlwv,ZTF20aauqlwv_alert_1.npy,SN IIP
ZTF20aaurfhs,ZTF20aaurfhs_alert_3.npy,SN IIP
ZTF20aaurfhs,ZTF20aaurfhs_alert_4.npy,SN IIP
ZTF20aaurfhs,ZTF20aaurfhs_alert_5.npy,SN IIP
ZTF20aaurfhs,ZTF20aaurfhs_alert_6.npy,SN IIP
ZTF20aaurfnl,ZTF20aaurfnl_alert_2.npy,SN Ic
ZTF20aaurfnl,ZTF20aaurfnl_alert_3.npy,SN Ic
ZTF20aaurfnl,ZTF20aaurfnl_alert_4.npy,SN Ic
ZTF20aaurgib,ZTF20aaurgib_alert_10.npy,SN IIP
ZTF20aaurgib,ZTF20aaurgib_alert_11.npy,SN IIP
ZTF20aaurgib,ZTF20aaurgib_alert_12.npy,SN IIP
ZTF20aaurgib,ZTF20aaurgib_alert_6.npy,SN IIP
ZTF20aaurgib,ZTF20aaurgib_alert_7.npy,SN IIP
ZTF20aaurgib,ZTF20aaurgib_alert_8.npy,SN IIP
ZTF20aaurgib,ZTF20aaurgib_alert_9.npy,SN IIP
ZTF20aaurjbj,ZTF20aaurjbj_alert_23.npy,SN IIP
ZTF20aaurjbj,ZTF20aaurjbj_alert_25.npy,SN IIP
ZTF20aaurjbj,ZTF20aaurjbj_alert_28.npy,SN IIP
ZTF20aaurjbj,ZTF20aaurjbj_alert_30.npy,SN IIP
ZTF20aaurjbj,ZTF20aaurjbj_alert_33.npy,SN IIP
ZTF20aaurjbj,ZTF20aaurjbj_alert_35.npy,SN IIP
ZTF20aaurjbj,ZTF20aaurjbj_alert_38.npy,SN IIP
ZTF20aaurjbj,ZTF20aaurjbj_alert_40.npy,SN IIP
ZTF20aaurjbj,ZTF20aaurjbj_alert_43.npy,SN IIP
ZTF20aaurjbj,ZTF20aaurjbj_alert_45.npy,SN IIP
ZTF20aausahr,ZTF20aausahr_alert_10.npy,SN IIP
ZTF20aausahr,ZTF20aausahr_alert_11.npy,SN IIP
ZTF20aausahr,ZTF20aausahr_alert_6.npy,SN IIP
ZTF20aausahr,ZTF20aausahr_alert_7.npy,SN IIP
ZTF20aausahr,ZTF20aausahr_alert_8.npy,SN IIP
ZTF20aausahr,ZTF20aausahr_alert_9.npy,SN IIP
ZTF20aauvjws,ZTF20aauvjws_alert_10.npy,SN IIP
ZTF20aauvjws,ZTF20aauvjws_alert_11.npy,SN IIP
ZTF20aauvjws,ZTF20aauvjws_alert_6.npy,SN IIP
ZTF20aauvjws,ZTF20aauvjws_alert_7.npy,SN IIP
ZTF20aauvjws,ZTF20aauvjws_alert_8.npy,SN IIP
ZTF20aauvjws,ZTF20aauvjws_alert_9.npy,SN IIP
ZTF20aauxgjf,ZTF20aauxgjf_alert_1.npy,SN Ia
ZTF20aauxgjf,ZTF20aauxgjf_alert_2.npy,SN Ia
ZTF20aauzoca,ZTF20aauzoca_alert_10.npy,SN Ia
ZTF20aauzoca,ZTF20aauzoca_alert_5.npy,SN Ia
ZTF20aauzoca,ZTF20aauzoca_alert_6.npy,SN Ia
ZTF20aauzoca,ZTF20aauzoca_alert_7.npy,SN Ia
ZTF20aauzoca,ZTF20aauzoca_alert_8.npy,SN Ia
ZTF20aauzoca,ZTF20aauzoca_alert_9.npy,SN Ia
ZTF20aavdcxo,ZTF20aavdcxo_alert_10.npy,SN IIP
ZTF20aavdcxo,ZTF20aavdcxo_alert_11.npy,SN IIP
ZTF20aavdcxo,ZTF20aavdcxo_alert_12.npy,SN IIP
ZTF20aavdcxo,ZTF20aavdcxo_alert_13.npy,SN IIP
ZTF20aavdcxo,ZTF20aavdcxo_alert_7.npy,SN IIP
ZTF20aavdcxo,ZTF20aavdcxo_alert_8.npy,SN IIP
ZTF20aavdcxo,ZTF20aavdcxo_alert_9.npy,SN IIP
ZTF20aavgcnu,ZTF20aavgcnu_alert_2.npy,SN Ic
ZTF20aavgcnu,ZTF20aavgcnu_alert_3.npy,SN Ic
ZTF20aavhixe,ZTF20aavhixe_alert_2.npy,SN IIn
ZTF20aavhixe,ZTF20aavhixe_alert_3.npy,SN IIn
ZTF20aavhixe,ZTF20aavhixe_alert_4.npy,SN IIn
ZTF20aavnnhs,ZTF20aavnnhs_alert_3.npy,Cataclysmic
ZTF20aavnnhs,ZTF20aavnnhs_alert_4.npy,Cataclysmic
ZTF20aavnnhs,ZTF20aavnnhs_alert_5.npy,Cataclysmic
ZTF20aavogex,ZTF20aavogex_alert_1.npy,SN II
ZTF20aavogex,ZTF20aavogex_alert_2.npy,SN II
ZTF20aavpyxo,ZTF20aavpyxo_alert_10.npy,SN IIP
ZTF20aavpyxo,ZTF20aavpyxo_alert_11.npy,SN IIP
ZTF20aavpyxo,ZTF20aavpyxo_alert_12.npy,SN IIP
ZTF20aavpyxo,ZTF20aavpyxo_alert_13.npy,SN IIP
ZTF20aavpyxo,ZTF20aavpyxo_alert_7.npy,SN IIP
ZTF20aavpyxo,ZTF20aavpyxo_alert_8.npy,SN IIP
ZTF20aavpyxo,ZTF20aavpyxo_alert_9.npy,SN IIP
ZTF20aavtdxj,ZTF20aavtdxj_alert_4.npy,SN Ia
ZTF20aavtdxj,ZTF20aavtdxj_alert_5.npy,SN Ia
ZTF20aavtdxj,ZTF20aavtdxj_alert_6.npy,SN Ia
ZTF20aavtdxj,ZTF20aavtdxj_alert_7.npy,SN Ia
ZTF20aavtfxl,ZTF20aavtfxl_alert_14.npy,Cataclysmic
ZTF20aavtfxl,ZTF20aavtfxl_alert_15.npy,Cataclysmic
ZTF20aavtfxl,ZTF20aavtfxl_alert_17.npy,Cataclysmic
ZTF20aavtfxl,ZTF20aavtfxl_alert_18.npy,Cataclysmic
ZTF20aavtfxl,ZTF20aavtfxl_alert_20.npy,Cataclysmic
ZTF20aavtfxl,ZTF20aavtfxl_alert_21.npy,Cataclysmic
ZTF20aavtfxl,ZTF20aavtfxl_alert_23.npy,Cataclysmic
ZTF20aavtfxl,ZTF20aavtfxl_alert_24.npy,Cataclysmic
ZTF20aavtfxl,ZTF20aavtfxl_alert_26.npy,Cataclysmic
ZTF20aavtfxl,ZTF20aavtfxl_alert_27.npy,Cataclysmic
ZTF20aawbodq,ZTF20aawbodq_alert_10.npy,Cataclysmic
ZTF20aawbodq,ZTF20aawbodq_alert_11.npy,Cataclysmic
ZTF20aawbodq,ZTF20aawbodq_alert_12.npy,Cataclysmic
ZTF20aawbodq,ZTF20aawbodq_alert_13.npy,Cataclysmic
ZTF20aawbodq,ZTF20aawbodq_alert_14.npy,Cataclysmic
ZTF20aawbodq,ZTF20aawbodq_alert_7.npy,Cataclysmic
ZTF20aawbodq,ZTF20aawbodq_alert_8.npy,Cataclysmic
ZTF20aawbodq,ZTF20aawbodq_alert_9.npy,Cataclysmic
ZTF20aawbzlo,ZTF20aawbzlo_alert_13.npy,SN II
ZTF20aawbzlo,ZTF20aawbzlo_alert_14.npy,SN II
ZTF20aawbzlo,ZTF20aawbzlo_alert_16.npy,SN II
ZTF20aawbzlo,ZTF20aawbzlo_alert_17.npy,SN II
ZTF20aawbzlo,ZTF20aawbzlo_alert_18.npy,SN II
ZTF20aawbzlo,ZTF20aawbzlo_alert_20.npy,SN II
ZTF20aawbzlo,ZTF20aawbzlo_alert_21.npy,SN II
ZTF20aawbzlo,ZTF20aawbzlo_alert_22.npy,SN II
ZTF20aawbzlo,ZTF20aawbzlo_alert_24.npy,SN II
ZTF20aawbzlo,ZTF20aawbzlo_alert_25.npy,SN II
ZTF20aawcjrx,ZTF20aawcjrx_alert_10.npy,SN Ia
ZTF20aawcjrx,ZTF20aawcjrx_alert_11.npy,SN Ia
ZTF20aawcjrx,ZTF20aawcjrx_alert_12.npy,SN Ia
ZTF20aawcjrx,ZTF20aawcjrx_alert_13.npy,SN Ia
ZTF20aawcjrx,ZTF20aawcjrx_alert_14.npy,SN Ia
ZTF20aawcjrx,ZTF20aawcjrx_alert_15.npy,SN Ia
ZTF20aawcjrx,ZTF20aawcjrx_alert_16.npy,SN Ia
ZTF20aawcjrx,ZTF20aawcjrx_alert_17.npy,SN Ia
ZTF20aawcjrx,ZTF20aawcjrx_alert_18.npy,SN Ia
ZTF20aawcjrx,ZTF20aawcjrx_alert_19.npy,SN Ia
ZTF20aawgrcu,ZTF20aawgrcu_alert_14.npy,SN IIP
ZTF20aawgrcu,ZTF20aawgrcu_alert_16.npy,SN IIP
ZTF20aawgrcu,ZTF20aawgrcu_alert_17.npy,SN IIP
ZTF20aawgrcu,ZTF20aawgrcu_alert_19.npy,SN IIP
ZTF20aawgrcu,ZTF20aawgrcu_alert_20.npy,SN IIP
ZTF20aawgrcu,ZTF20aawgrcu_alert_22.npy,SN IIP
ZTF20aawgrcu,ZTF20aawgrcu_alert_23.npy,SN IIP
ZTF20aawgrcu,ZTF20aawgrcu_alert_25.npy,SN IIP
ZTF20aawgrcu,ZTF20aawgrcu_alert_26.npy,SN IIP
ZTF20aawgrcu,ZTF20aawgrcu_alert_28.npy,SN IIP
ZTF20aawiicr,ZTF20aawiicr_alert_2.npy,SN IIP
ZTF20aawiicr,ZTF20aawiicr_alert_3.npy,SN IIP
ZTF20aawiicr,ZTF20aawiicr_alert_4.npy,SN IIP
ZTF20aawijco,ZTF20aawijco_alert_2.npy,SN IIn
ZTF20aawijco,ZTF20aawijco_alert_3.npy,SN IIn
ZTF20aawxpru,ZTF20aawxpru_alert_2.npy,SN IIP
ZTF20aawxpru,ZTF20aawxpru_alert_3.npy,SN IIP
ZTF20aaxhzhc,ZTF20aaxhzhc_alert_5.npy,SN IIb
ZTF20aaxhzhc,ZTF20aaxhzhc_alert_6.npy,SN IIb
ZTF20aaxhzhc,ZTF20aaxhzhc_alert_7.npy,SN IIb
ZTF20aaxhzhc,ZTF20aaxhzhc_alert_8.npy,SN IIb
ZTF20aaxhzhc,ZTF20aaxhzhc_alert_9.npy,SN IIb
ZTF20aaxicpu,ZTF20aaxicpu_alert_13.npy,SN Ia
ZTF20aaxicpu,ZTF20aaxicpu_alert_14.npy,SN Ia
ZTF20aaxicpu,ZTF20aaxicpu_alert_16.npy,SN Ia
ZTF20aaxicpu,ZTF20aaxicpu_alert_17.npy,SN Ia
ZTF20aaxicpu,ZTF20aaxicpu_alert_18.npy,SN Ia
ZTF20aaxicpu,ZTF20aaxicpu_alert_20.npy,SN Ia
ZTF20aaxicpu,ZTF20aaxicpu_alert_21.npy,SN Ia
ZTF20aaxicpu,ZTF20aaxicpu_alert_22.npy,SN Ia
ZTF20aaxicpu,ZTF20aaxicpu_alert_24.npy,SN Ia
ZTF20aaxicpu,ZTF20aaxicpu_alert_25.npy,SN Ia
ZTF20aaxunbm,ZTF20aaxunbm_alert_21.npy,SN IIP
ZTF20aaxunbm,ZTF20aaxunbm_alert_23.npy,SN IIP
ZTF20aaxunbm,ZTF20aaxunbm_alert_25.npy,SN IIP
ZTF20aaxunbm,ZTF20aaxunbm_alert_28.npy,SN IIP
ZTF20aaxunbm,ZTF20aaxunbm_alert_30.npy,SN IIP
ZTF20aaxunbm,ZTF20aaxunbm_alert_32.npy,SN IIP
ZTF20aaxunbm,ZTF20aaxunbm_alert_34.npy,SN IIP
ZTF20aaxunbm,ZTF20aaxunbm_alert_37.npy,SN IIP
ZTF20aaxunbm,ZTF20aaxunbm_alert_39.npy,SN IIP
ZTF20aaxunbm,ZTF20aaxunbm_alert_41.npy,SN IIP
ZTF20aaxxepr,ZTF20aaxxepr_alert_2.npy,SN Ia
ZTF20aaxxepr,ZTF20aaxxepr_alert_3.npy,SN Ia
ZTF20aaxxepr,ZTF20aaxxepr_alert_4.npy,SN Ia
ZTF20aaxxhhi,ZTF20aaxxhhi_alert_1.npy,Cataclysmic
ZTF20aayukfo,ZTF20aayukfo_alert_1.npy,Cataclysmic
ZTF20aazcnrv,ZTF20aazcnrv_alert_3.npy,SN IIP
ZTF20aazcnrv,ZTF20aazcnrv_alert_4.npy,SN IIP
ZTF20aazcnrv,ZTF20aazcnrv_alert_5.npy,SN IIP
ZTF20aazffau,ZTF20aazffau_alert_4.npy,SN IIn
ZTF20aazffau,ZTF20aazffau_alert_5.npy,SN IIn
ZTF20aazffau,ZTF20aazffau_alert_6.npy,SN IIn
ZTF20aazffau,ZTF20aazffau_alert_7.npy,SN IIn
ZTF20aazffau,ZTF20aazffau_alert_8.npy,SN IIn
ZTF20aazhtvi,ZTF20aazhtvi_alert_26.npy,SN Ia
ZTF20aazhtvi,ZTF20aazhtvi_alert_29.npy,SN Ia
ZTF20aazhtvi,ZTF20aazhtvi_alert_32.npy,SN Ia
ZTF20aazhtvi,ZTF20aazhtvi_alert_35.npy,SN Ia
ZTF20aazhtvi,ZTF20aazhtvi_alert_38.npy,SN Ia
ZTF20aazhtvi,ZTF20aazhtvi_alert_40.npy,SN Ia
ZTF20aazhtvi,ZTF20aazhtvi_alert_43.npy,SN Ia
ZTF20aazhtvi,ZTF20aazhtvi_alert_46.npy,SN Ia
ZTF20aazhtvi,ZTF20aazhtvi_alert_49.npy,SN Ia
ZTF20aazhtvi,ZTF20aazhtvi_alert_52.npy,SN Ia
ZTF20aazquhc,ZTF20aazquhc_alert_10.npy,SN Ia
ZTF20aazquhc,ZTF20aazquhc_alert_11.npy,SN Ia
ZTF20aazquhc,ZTF20aazquhc_alert_6.npy,SN Ia
ZTF20aazquhc,ZTF20aazquhc_alert_7.npy,SN Ia
ZTF20aazquhc,ZTF20aazquhc_alert_8.npy,SN Ia
ZTF20aazquhc,ZTF20aazquhc_alert_9.npy,SN Ia
ZTF20aazrxef,ZTF20aazrxef_alert_10.npy,SN IIP
ZTF20aazrxef,ZTF20aazrxef_alert_11.npy,SN IIP
ZTF20aazrxef,ZTF20aazrxef_alert_12.npy,SN IIP
ZTF20aazrxef,ZTF20aazrxef_alert_13.npy,SN IIP
ZTF20aazrxef,ZTF20aazrxef_alert_14.npy,SN IIP
ZTF20aazrxef,ZTF20aazrxef_alert_15.npy,SN IIP
ZTF20aazrxef,ZTF20aazrxef_alert_8.npy,SN IIP
ZTF20aazrxef,ZTF20aazrxef_alert_9.npy,SN IIP
ZTF20aazswwk,ZTF20aazswwk_alert_36.npy,SN IIP
ZTF20aazswwk,ZTF20aazswwk_alert_40.npy,SN IIP
ZTF20aazswwk,ZTF20aazswwk_alert_44.npy,SN IIP
ZTF20aazswwk,ZTF20aazswwk_alert_48.npy,SN IIP
ZTF20aazswwk,ZTF20aazswwk_alert_52.npy,SN IIP
ZTF20aazswwk,ZTF20aazswwk_alert_55.npy,SN IIP
ZTF20aazswwk,ZTF20aazswwk_alert_59.npy,SN IIP
ZTF20aazswwk,ZTF20aazswwk_alert_63.npy,SN IIP
ZTF20aazswwk,ZTF20aazswwk_alert_67.npy,SN IIP
ZTF20aazswwk,ZTF20aazswwk_alert_71.npy,SN IIP
ZTF20aazycgy,ZTF20aazycgy_alert_3.npy,SN IIP
ZTF20aazycgy,ZTF20aazycgy_alert_4.npy,SN IIP
ZTF20aazycgy,ZTF20aazycgy_alert_5.npy,SN IIP
ZTF20abafjtw,ZTF20abafjtw_alert_2.npy,Cataclysmic
ZTF20abafjtw,ZTF20abafjtw_alert_3.npy,Cataclysmic
ZTF20abahplv,ZTF20abahplv_alert_1.npy,SN IIP
ZTF20abahplv,ZTF20abahplv_alert_2.npy,SN IIP
ZTF20abajdvf,ZTF20abajdvf_alert_31.npy,SN Ia
ZTF20abajdvf,ZTF20abajdvf_alert_34.npy,SN Ia
ZTF20abajdvf,ZTF20abajdvf_alert_38.npy,SN Ia
ZTF20abajdvf,ZTF20abajdvf_alert_41.npy,SN Ia
ZTF20abajdvf,ZTF20abajdvf_alert_45.npy,SN Ia
ZTF20abajdvf,ZTF20abajdvf_alert_48.npy,SN Ia
ZTF20abajdvf,ZTF20abajdvf_alert_52.npy,SN Ia
ZTF20abajdvf,ZTF20abajdvf_alert_55.npy,SN Ia
ZTF20abajdvf,ZTF20abajdvf_alert_59.npy,SN Ia
ZTF20abajdvf,ZTF20abajdvf_alert_62.npy,SN Ia
ZTF20abasett,ZTF20abasett_alert_10.npy,AGN
ZTF20abasett,ZTF20abasett_alert_11.npy,AGN
ZTF20abasett,ZTF20abasett_alert_6.npy,AGN
ZTF20abasett,ZTF20abasett_alert_7.npy,AGN
ZTF20abasett,ZTF20abasett_alert_8.npy,AGN
ZTF20abasett,ZTF20abasett_alert_9.npy,AGN
ZTF20abaslyx,ZTF20abaslyx_alert_1.npy,SN IIP
ZTF20abaszgh,ZTF20abaszgh_alert_10.npy,SN Ib
ZTF20abaszgh,ZTF20abaszgh_alert_11.npy,SN Ib
ZTF20abaszgh,ZTF20abaszgh_alert_12.npy,SN Ib
ZTF20abaszgh,ZTF20abaszgh_alert_13.npy,SN Ib
ZTF20abaszgh,ZTF20abaszgh_alert_14.npy,SN Ib
ZTF20abaszgh,ZTF20abaszgh_alert_16.npy,SN Ib
ZTF20abaszgh,ZTF20abaszgh_alert_17.npy,SN Ib
ZTF20abaszgh,ZTF20abaszgh_alert_18.npy,SN Ib
ZTF20abaszgh,ZTF20abaszgh_alert_19.npy,SN Ib
ZTF20abaszgh,ZTF20abaszgh_alert_20.npy,SN Ib
ZTF20abavnaw,ZTF20abavnaw_alert_14.npy,SN Ia
ZTF20abavnaw,ZTF20abavnaw_alert_15.npy,SN Ia
ZTF20abavnaw,ZTF20abavnaw_alert_17.npy,SN Ia
ZTF20abavnaw,ZTF20abavnaw_alert_18.npy,SN Ia
ZTF20abavnaw,ZTF20abavnaw_alert_20.npy,SN Ia
ZTF20abavnaw,ZTF20abavnaw_alert_21.npy,SN Ia
ZTF20abavnaw,ZTF20abavnaw_alert_23.npy,SN Ia
ZTF20abavnaw,ZTF20abavnaw_alert_24.npy,SN Ia
ZTF20abavnaw,ZTF20abavnaw_alert_26.npy,SN Ia
ZTF20abavnaw,ZTF20abavnaw_alert_27.npy,SN Ia
ZTF20abawtpy,ZTF20abawtpy_alert_17.npy,SN Ia
ZTF20abawtpy,ZTF20abawtpy_alert_19.npy,SN Ia
ZTF20abawtpy,ZTF20abawtpy_alert_21.npy,SN Ia
ZTF20abawtpy,ZTF20abawtpy_alert_22.npy,SN Ia
ZTF20abawtpy,ZTF20abawtpy_alert_24.npy,SN Ia
ZTF20abawtpy,ZTF20abawtpy_alert_26.npy,SN Ia
ZTF20abawtpy,ZTF20abawtpy_alert_28.npy,SN Ia
ZTF20abawtpy,ZTF20abawtpy_alert_29.npy,SN Ia
ZTF20abawtpy,ZTF20abawtpy_alert_31.npy,SN Ia
ZTF20abawtpy,ZTF20abawtpy_alert_33.npy,SN Ia
ZTF20abazeye,ZTF20abazeye_alert_3.npy,Cataclysmic
ZTF20abazeye,ZTF20abazeye_alert_4.npy,Cataclysmic
ZTF20abazeye,ZTF20abazeye_alert_5.npy,Cataclysmic
ZTF20abbbumr,ZTF20abbbumr_alert_3.npy,SN Ia
ZTF20abbbumr,ZTF20abbbumr_alert_4.npy,SN Ia
ZTF20abbbumr,ZTF20abbbumr_alert_5.npy,SN Ia
ZTF20abbeyob,ZTF20abbeyob_alert_2.npy,Cataclysmic
ZTF20abbeyob,ZTF20abbeyob_alert_3.npy,Cataclysmic
ZTF20abbeyob,ZTF20abbeyob_alert_4.npy,Cataclysmic
ZTF20abbhrrt,ZTF20abbhrrt_alert_2.npy,SN Ib
ZTF20abbhrrt,ZTF20abbhrrt_alert_3.npy,SN Ib
ZTF20abbhrrt,ZTF20abbhrrt_alert_4.npy,SN Ib
ZTF20abbihor,ZTF20abbihor_alert_10.npy,SN Ia
ZTF20abbihor,ZTF20abbihor_alert_11.npy,SN Ia
ZTF20abbihor,ZTF20abbihor_alert_12.npy,SN Ia
ZTF20abbihor,ZTF20abbihor_alert_13.npy,SN Ia
ZTF20abbihor,ZTF20abbihor_alert_14.npy,SN Ia
ZTF20abbihor,ZTF20abbihor_alert_15.npy,SN Ia
ZTF20abbihor,ZTF20abbihor_alert_16.npy,SN Ia
ZTF20abbihor,ZTF20abbihor_alert_8.npy,SN Ia
ZTF20abbihor,ZTF20abbihor_alert_9.npy,SN Ia
ZTF20abbpkng,ZTF20abbpkng_alert_11.npy,SN Ib
ZTF20abbpkng,ZTF20abbpkng_alert_12.npy,SN Ib
ZTF20abbpkng,ZTF20abbpkng_alert_13.npy,SN Ib
ZTF20abbpkng,ZTF20abbpkng_alert_15.npy,SN Ib
ZTF20abbpkng,ZTF20abbpkng_alert_16.npy,SN Ib
ZTF20abbpkng,ZTF20abbpkng_alert_17.npy,SN Ib
ZTF20abbpkng,ZTF20abbpkng_alert_18.npy,SN Ib
ZTF20abbpkng,ZTF20abbpkng_alert_20.npy,SN Ib
ZTF20abbpkng,ZTF20abbpkng_alert_21.npy,SN Ib
ZTF20abbpkng,ZTF20abbpkng_alert_22.npy,SN Ib
ZTF20abbqfoi,ZTF20abbqfoi_alert_1.npy,SN IIP
ZTF20abbvnpr,ZTF20abbvnpr_alert_5.npy,Cataclysmic
ZTF20abbvnpr,ZTF20abbvnpr_alert_6.npy,Cataclysmic
ZTF20abbvnpr,ZTF20abbvnpr_alert_7.npy,Cataclysmic
ZTF20abbvnpr,ZTF20abbvnpr_alert_8.npy,Cataclysmic
ZTF20abbvnpr,ZTF20abbvnpr_alert_9.npy,Cataclysmic
ZTF20abbvqww,ZTF20abbvqww_alert_1.npy,Cataclysmic
ZTF20abccixp,ZTF20abccixp_alert_10.npy,SN IIP
ZTF20abccixp,ZTF20abccixp_alert_11.npy,SN IIP
ZTF20abccixp,ZTF20abccixp_alert_12.npy,SN IIP
ZTF20abccixp,ZTF20abccixp_alert_13.npy,SN IIP
ZTF20abccixp,ZTF20abccixp_alert_14.npy,SN IIP
ZTF20abccixp,ZTF20abccixp_alert_15.npy,SN IIP
ZTF20abccixp,ZTF20abccixp_alert_16.npy,SN IIP
ZTF20abccixp,ZTF20abccixp_alert_17.npy,SN IIP
ZTF20abccixp,ZTF20abccixp_alert_18.npy,SN IIP
ZTF20abccixp,ZTF20abccixp_alert_9.npy,SN IIP
ZTF20abcgkom,ZTF20abcgkom_alert_2.npy,SN IIP
ZTF20abcgkom,ZTF20abcgkom_alert_3.npy,SN IIP
ZTF20abcgkom,ZTF20abcgkom_alert_4.npy,SN IIP
ZTF20abdkdga,ZTF20abdkdga_alert_4.npy,SN IIP
ZTF20abdkdga,ZTF20abdkdga_alert_5.npy,SN IIP
ZTF20abdkdga,ZTF20abdkdga_alert_6.npy,SN IIP
ZTF20abdkdga,ZTF20abdkdga_alert_7.npy,SN IIP
ZTF20abdkdga,ZTF20abdkdga_alert_8.npy,SN IIP
ZTF20abdnpdo,ZTF20abdnpdo_alert_3.npy,SN Ic
ZTF20abdnpdo,ZTF20abdnpdo_alert_4.npy,SN Ic
ZTF20abdnpdo,ZTF20abdnpdo_alert_5.npy,SN Ic
ZTF20abdnpdo,ZTF20abdnpdo_alert_6.npy,SN Ic
ZTF20abdxoeu,ZTF20abdxoeu_alert_3.npy,SN IIP
ZTF20abdxoeu,ZTF20abdxoeu_alert_4.npy,SN IIP
ZTF20abdxoeu,ZTF20abdxoeu_alert_5.npy,SN IIP
ZTF20abdxzlz,ZTF20abdxzlz_alert_1.npy,Cataclysmic
ZTF20abdxzlz,ZTF20abdxzlz_alert_2.npy,Cataclysmic
ZTF20abefbnz,ZTF20abefbnz_alert_1.npy,SN Ia
ZTF20abefbpl,ZTF20abefbpl_alert_5.npy,SN Ic
ZTF20abefbpl,ZTF20abefbpl_alert_6.npy,SN Ic
ZTF20abefbpl,ZTF20abefbpl_alert_7.npy,SN Ic
ZTF20abefbpl,ZTF20abefbpl_alert_8.npy,SN Ic
ZTF20abefbpl,ZTF20abefbpl_alert_9.npy,SN Ic
ZTF20abegirf,ZTF20abegirf_alert_1.npy,SN IIP
ZTF20abegirf,ZTF20abegirf_alert_2.npy,SN IIP
ZTF20abehusj,ZTF20abehusj_alert_1.npy,Cataclysmic
ZTF20abekbzp,ZTF20abekbzp_alert_3.npy,SN IIP
ZTF20abekbzp,ZTF20abekbzp_alert_4.npy,SN IIP
ZTF20abekbzp,ZTF20abekbzp_alert_5.npy,SN IIP
ZTF20abekbzp,ZTF20abekbzp_alert_6.npy,SN IIP
ZTF20abeldyn,ZTF20abeldyn_alert_3.npy,SN Ia
ZTF20abeldyn,ZTF20abeldyn_alert_4.npy,SN Ia
ZTF20abeldyn,ZTF20abeldyn_alert_5.npy,SN Ia
ZTF20abelnha,ZTF20abelnha_alert_10.npy,SN Ia
ZTF20abelnha,ZTF20abelnha_alert_11.npy,SN Ia
ZTF20abelnha,ZTF20abelnha_alert_12.npy,SN Ia
ZTF20abelnha,ZTF20abelnha_alert_13.npy,SN Ia
ZTF20abelnha,ZTF20abelnha_alert_14.npy,SN Ia
ZTF20abelnha,ZTF20abelnha_alert_15.npy,SN Ia
ZTF20abelnha,ZTF20abelnha_alert_16.npy,SN Ia
ZTF20abelnha,ZTF20abelnha_alert_8.npy,SN Ia
ZTF20abelnha,ZTF20abelnha_alert_9.npy,SN Ia
ZTF20abepklv,ZTF20abepklv_alert_1.npy,SN IIP
ZTF20abepklv,ZTF20abepklv_alert_2.npy,SN IIP
ZTF20abfadah,ZTF20abfadah_alert_10.npy,SN Ib
ZTF20abfadah,ZTF20abfadah_alert_11.npy,SN Ib
ZTF20abfadah,ZTF20abfadah_alert_6.npy,SN Ib
ZTF20abfadah,ZTF20abfadah_alert_7.npy,SN Ib
ZTF20abfadah,ZTF20abfadah_alert_8.npy,SN Ib
ZTF20abfadah,ZTF20abfadah_alert_9.npy,SN Ib
ZTF20abfcrzj,ZTF20abfcrzj_alert_2.npy,SN IIb
ZTF20abfcrzj,ZTF20abfcrzj_alert_3.npy,SN IIb
ZTF20abfcszi,ZTF20abfcszi_alert_2.npy,Tidal Disruption Event
ZTF20abfcszi,ZTF20abfcszi_alert_3.npy,Tidal Disruption Event
ZTF20abfcszi,ZTF20abfcszi_alert_4.npy,Tidal Disruption Event
ZTF20abfehpe,ZTF20abfehpe_alert_2.npy,SN IIP
ZTF20abfehpe,ZTF20abfehpe_alert_3.npy,SN IIP
ZTF20abfklsy,ZTF20abfklsy_alert_2.npy,SN Ia
ZTF20abfklsy,ZTF20abfklsy_alert_3.npy,SN Ia
ZTF20abgbuly,ZTF20abgbuly_alert_2.npy,SN IIb
ZTF20abgbuly,ZTF20abgbuly_alert_3.npy,SN IIb
ZTF20abgbuly,ZTF20abgbuly_alert_4.npy,SN IIb
ZTF20abgbwmt,ZTF20abgbwmt_alert_1.npy,SN Ia
ZTF20abgbwmt,ZTF20abgbwmt_alert_2.npy,SN Ia
ZTF20abgbxvb,ZTF20abgbxvb_alert_2.npy,SN Ib
ZTF20abgbxvb,ZTF20abgbxvb_alert_3.npy,SN Ib
ZTF20abgbxvb,ZTF20abgbxvb_alert_4.npy,SN Ib
ZTF20abgfegv,ZTF20abgfegv_alert_10.npy,Cataclysmic
ZTF20abgfegv,ZTF20abgfegv_alert_11.npy,Cataclysmic
ZTF20abgfegv,ZTF20abgfegv_alert_12.npy,Cataclysmic
ZTF20abgfegv,ZTF20abgfegv_alert_13.npy,Cataclysmic
ZTF20abgfegv,ZTF20abgfegv_alert_14.npy,Cataclysmic
ZTF20abgfegv,ZTF20abgfegv_alert_15.npy,Cataclysmic
ZTF20abgfegv,ZTF20abgfegv_alert_16.npy,Cataclysmic
ZTF20abgfegv,ZTF20abgfegv_alert_17.npy,Cataclysmic
ZTF20abgfegv,ZTF20abgfegv_alert_9.npy,Cataclysmic
ZTF20abgoocl,ZTF20abgoocl_alert_3.npy,SN IIn
ZTF20abgoocl,ZTF20abgoocl_alert_4.npy,SN IIn
ZTF20abgoocl,ZTF20abgoocl_alert_5.npy,SN IIn
ZTF20abgoocl,ZTF20abgoocl_alert_6.npy,SN IIn
ZTF20abgrory,ZTF20abgrory_alert_10.npy,Cataclysmic
ZTF20abgrory,ZTF20abgrory_alert_11.npy,Cataclysmic
ZTF20abgrory,ZTF20abgrory_alert_12.npy,Cataclysmic
ZTF20abgrory,ZTF20abgrory_alert_13.npy,Cataclysmic
ZTF20abgrory,ZTF20abgrory_alert_7.npy,Cataclysmic
ZTF20abgrory,ZTF20abgrory_alert_8.npy,Cataclysmic
ZTF20abgrory,ZTF20abgrory_alert_9.npy,Cataclysmic
ZTF20abgxuqt,ZTF20abgxuqt_alert_10.npy,Cataclysmic
ZTF20abgxuqt,ZTF20abgxuqt_alert_11.npy,Cataclysmic
ZTF20abgxuqt,ZTF20abgxuqt_alert_12.npy,Cataclysmic
ZTF20abgxuqt,ZTF20abgxuqt_alert_13.npy,Cataclysmic
ZTF20abgxuqt,ZTF20abgxuqt_alert_14.npy,Cataclysmic
ZTF20abgxuqt,ZTF20abgxuqt_alert_15.npy,Cataclysmic
ZTF20abgxuqt,ZTF20abgxuqt_alert_16.npy,Cataclysmic
ZTF20abgxuqt,ZTF20abgxuqt_alert_17.npy,Cataclysmic
ZTF20abgxuqt,ZTF20abgxuqt_alert_18.npy,Cataclysmic
ZTF20abgxuqt,ZTF20abgxuqt_alert_9.npy,Cataclysmic
ZTF20abhjghg,ZTF20abhjghg_alert_4.npy,SN Ia
ZTF20abhjghg,ZTF20abhjghg_alert_5.npy,SN Ia
ZTF20abhjghg,ZTF20abhjghg_alert_6.npy,SN Ia
ZTF20abhjghg,ZTF20abhjghg_alert_7.npy,SN Ia
ZTF20abhjghg,ZTF20abhjghg_alert_8.npy,SN Ia
ZTF20abisysx,ZTF20abisysx_alert_2.npy,AGN
ZTF20abisysx,ZTF20abisysx_alert_3.npy,AGN
ZTF20abjaapj,ZTF20abjaapj_alert_4.npy,SN IIP
ZTF20abjaapj,ZTF20abjaapj_alert_5.npy,SN IIP
ZTF20abjaapj,ZTF20abjaapj_alert_6.npy,SN IIP
ZTF20abjaapj,ZTF20abjaapj_alert_7.npy,SN IIP
ZTF20abjatqy,ZTF20abjatqy_alert_3.npy,SN IIP
ZTF20abjatqy,ZTF20abjatqy_alert_4.npy,SN IIP
ZTF20abjatqy,ZTF20abjatqy_alert_5.npy,SN IIP
ZTF20abjirmc,ZTF20abjirmc_alert_3.npy,Cataclysmic
ZTF20abjirmc,ZTF20abjirmc_alert_4.npy,Cataclysmic
ZTF20abjirmc,ZTF20abjirmc_alert_5.npy,Cataclysmic
ZTF20abjlaim,ZTF20abjlaim_alert_4.npy,SN Ia
ZTF20abjlaim,ZTF20abjlaim_alert_5.npy,SN Ia
ZTF20abjlaim,ZTF20abjlaim_alert_6.npy,SN Ia
ZTF20abjlaim,ZTF20abjlaim_alert_7.npy,SN Ia
ZTF20abjlaim,ZTF20abjlaim_alert_8.npy,SN Ia
ZTF20abjnqcj,ZTF20abjnqcj_alert_4.npy,Cataclysmic
ZTF20abjnqcj,ZTF20abjnqcj_alert_5.npy,Cataclysmic
ZTF20abjnqcj,ZTF20abjnqcj_alert_6.npy,Cataclysmic
ZTF20abjnqcj,ZTF20abjnqcj_alert_7.npy,Cataclysmic
ZTF20abjnqcj,ZTF20abjnqcj_alert_8.npy,Cataclysmic
ZTF20abjonjs,ZTF20abjonjs_alert_4.npy,SN IIP
ZTF20abjonjs,ZTF20abjonjs_alert_5.npy,SN IIP
ZTF20abjonjs,ZTF20abjonjs_alert_6.npy,SN IIP
ZTF20abjonjs,ZTF20abjonjs_alert_7.npy,SN IIP
ZTF20abjpvce,ZTF20abjpvce_alert_29.npy,SN Ib
ZTF20abjpvce,ZTF20abjpvce_alert_32.npy,SN Ib
ZTF20abjpvce,ZTF20abjpvce_alert_35.npy,SN Ib
ZTF20abjpvce,ZTF20abjpvce_alert_39.npy,SN Ib
ZTF20abjpvce,ZTF20abjpvce_alert_42.npy,SN Ib
ZTF20abjpvce,ZTF20abjpvce_alert_45.npy,SN Ib
ZTF20abjpvce,ZTF20abjpvce_alert_48.npy,SN Ib
ZTF20abjpvce,ZTF20abjpvce_alert_52.npy,SN Ib
ZTF20abjpvce,ZTF20abjpvce_alert_55.npy,SN Ib
ZTF20abjpvce,ZTF20abjpvce_alert_58.npy,SN Ib
ZTF20abjuxoy,ZTF20abjuxoy_alert_10.npy,SN IIP
ZTF20abjuxoy,ZTF20abjuxoy_alert_11.npy,SN IIP
ZTF20abjuxoy,ZTF20abjuxoy_alert_12.npy,SN IIP
ZTF20abjuxoy,ZTF20abjuxoy_alert_6.npy,SN IIP
ZTF20abjuxoy,ZTF20abjuxoy_alert_7.npy,SN IIP
ZTF20abjuxoy,ZTF20abjuxoy_alert_8.npy,SN IIP
ZTF20abjuxoy,ZTF20abjuxoy_alert_9.npy,SN IIP
ZTF20abjwvae,ZTF20abjwvae_alert_3.npy,Tidal Disruption Event
ZTF20abjwvae,ZTF20abjwvae_alert_4.npy,Tidal Disruption Event
ZTF20abjwvae,ZTF20abjwvae_alert_5.npy,Tidal Disruption Event
ZTF20abjyoty,ZTF20abjyoty_alert_3.npy,SN IIP
ZTF20abjyoty,ZTF20abjyoty_alert_4.npy,SN IIP
ZTF20abjyoty,ZTF20abjyoty_alert_5.npy,SN IIP
ZTF20abjyoty,ZTF20abjyoty_alert_6.npy,SN IIP
ZTF20abkhtev,ZTF20abkhtev_alert_1.npy,SN Ib
ZTF20abkhtev,ZTF20abkhtev_alert_2.npy,SN Ib
ZTF20abkiarz,ZTF20abkiarz_alert_4.npy,SN Ic
ZTF20abkiarz,ZTF20abkiarz_alert_5.npy,SN Ic
ZTF20abkiarz,ZTF20abkiarz_alert_6.npy,SN Ic
ZTF20abkiarz,ZTF20abkiarz_alert_7.npy,SN Ic
ZTF20abkkuhh,ZTF20abkkuhh_alert_5.npy,SN IIP
ZTF20abkkuhh,ZTF20abkkuhh_alert_6.npy,SN IIP
ZTF20abkkuhh,ZTF20abkkuhh_alert_7.npy,SN IIP
ZTF20abkkuhh,ZTF20abkkuhh_alert_8.npy,SN IIP
ZTF20abkkuhh,ZTF20abkkuhh_alert_9.npy,SN IIP
ZTF20abkloyg,ZTF20abkloyg_alert_10.npy,SN Ia
ZTF20abkloyg,ZTF20abkloyg_alert_11.npy,SN Ia
ZTF20abkloyg,ZTF20abkloyg_alert_12.npy,SN Ia
ZTF20abkloyg,ZTF20abkloyg_alert_6.npy,SN Ia
ZTF20abkloyg,ZTF20abkloyg_alert_7.npy,SN Ia
ZTF20abkloyg,ZTF20abkloyg_alert_8.npy,SN Ia
ZTF20abkloyg,ZTF20abkloyg_alert_9.npy,SN Ia
ZTF20abliiex,ZTF20abliiex_alert_3.npy,SN IIP
ZTF20abliiex,ZTF20abliiex_alert_4.npy,SN IIP
ZTF20abliiex,ZTF20abliiex_alert_5.npy,SN IIP
ZTF20ablimei,ZTF20ablimei_alert_1.npy,Cataclysmic
ZTF20ablimei,ZTF20ablimei_alert_2.npy,Cataclysmic
ZTF20ablklei,ZTF20ablklei_alert_11.npy,SN IIP
ZTF20ablklei,ZTF20ablklei_alert_12.npy,SN IIP
ZTF20ablklei,ZTF20ablklei_alert_13.npy,SN IIP
ZTF20ablklei,ZTF20ablklei_alert_14.npy,SN IIP
ZTF20ablklei,ZTF20ablklei_alert_15.npy,SN IIP
ZTF20ablklei,ZTF20ablklei_alert_17.npy,SN IIP
ZTF20ablklei,ZTF20ablklei_alert_18.npy,SN IIP
ZTF20ablklei,ZTF20ablklei_alert_19.npy,SN IIP
ZTF20ablklei,ZTF20ablklei_alert_20.npy,SN IIP
ZTF20ablklei,ZTF20ablklei_alert_21.npy,SN IIP
ZTF20ablkswc,ZTF20ablkswc_alert_4.npy,SN Ia
ZTF20ablkswc,ZTF20ablkswc_alert_5.npy,SN Ia
ZTF20ablkswc,ZTF20ablkswc_alert_6.npy,SN Ia
ZTF20ablkswc,ZTF20ablkswc_alert_7.npy,SN Ia
ZTF20ablkswc,ZTF20ablkswc_alert_8.npy,SN Ia
ZTF20ablnqzc,ZTF20ablnqzc_alert_3.npy,SN IIP
ZTF20ablnqzc,ZTF20ablnqzc_alert_4.npy,SN IIP
ZTF20ablnqzc,ZTF20ablnqzc_alert_5.npy,SN IIP
ZTF20abmcxaf,ZTF20abmcxaf_alert_2.npy,SN IIP
ZTF20abmcxaf,ZTF20abmcxaf_alert_3.npy,SN IIP
ZTF20abmcxaf,ZTF20abmcxaf_alert_4.npy,SN IIP
ZTF20abmihnc,ZTF20abmihnc_alert_3.npy,SN IIP
ZTF20abmihnc,ZTF20abmihnc_alert_4.npy,SN IIP
ZTF20abmihnc,ZTF20abmihnc_alert_5.npy,SN IIP
ZTF20abmihnc,ZTF20abmihnc_alert_6.npy,SN IIP
ZTF20abmoakx,ZTF20abmoakx_alert_10.npy,SN IIP
ZTF20abmoakx,ZTF20abmoakx_alert_11.npy,SN IIP
ZTF20abmoakx,ZTF20abmoakx_alert_12.npy,SN IIP
ZTF20abmoakx,ZTF20abmoakx_alert_13.npy,SN IIP
ZTF20abmoakx,ZTF20abmoakx_alert_14.npy,SN IIP
ZTF20abmoakx,ZTF20abmoakx_alert_15.npy,SN IIP
ZTF20abmoakx,ZTF20abmoakx_alert_16.npy,SN IIP
ZTF20abmoakx,ZTF20abmoakx_alert_17.npy,SN IIP
ZTF20abmoakx,ZTF20abmoakx_alert_18.npy,SN IIP
ZTF20abmoakx,ZTF20abmoakx_alert_19.npy,SN IIP
ZTF20abmtaya,ZTF20abmtaya_alert_10.npy,SN IIP
ZTF20abmtaya,ZTF20abmtaya_alert_11.npy,SN IIP
ZTF20abmtaya,ZTF20abmtaya_alert_12.npy,SN IIP
ZTF20abmtaya,ZTF20abmtaya_alert_13.npy,SN IIP
ZTF20abmtaya,ZTF20abmtaya_alert_7.npy,SN IIP
ZTF20abmtaya,ZTF20abmtaya_alert_8.npy,SN IIP
ZTF20abmtaya,ZTF20abmtaya_alert_9.npy,SN IIP
ZTF20abmubmh,ZTF20abmubmh_alert_1.npy,SN Ia
ZTF20abmubmh,ZTF20abmubmh_alert_2.npy,SN Ia
ZTF20abmxovj,ZTF20abmxovj_alert_12.npy,SN Ia
ZTF20abmxovj,ZTF20abmxovj_alert_13.npy,SN Ia
ZTF20abmxovj,ZTF20abmxovj_alert_14.npy,SN Ia
ZTF20abmxovj,ZTF20abmxovj_alert_16.npy,SN Ia
ZTF20abmxovj,ZTF20abmxovj_alert_17.npy,SN Ia
ZTF20abmxovj,ZTF20abmxovj_alert_18.npy,SN Ia
ZTF20abmxovj,ZTF20abmxovj_alert_19.npy,SN Ia
ZTF20abmxovj,ZTF20abmxovj_alert_21.npy,SN Ia
ZTF20abmxovj,ZTF20abmxovj_alert_22.npy,SN Ia
ZTF20abmxovj,ZTF20abmxovj_alert_23.npy,SN Ia
ZTF20abmxstg,ZTF20abmxstg_alert_10.npy,SN Ia
ZTF20abmxstg,ZTF20abmxstg_alert_11.npy,SN Ia
ZTF20abmxstg,ZTF20abmxstg_alert_12.npy,SN Ia
ZTF20abmxstg,ZTF20abmxstg_alert_13.npy,SN Ia
ZTF20abmxstg,ZTF20abmxstg_alert_14.npy,SN Ia
ZTF20abmxstg,ZTF20abmxstg_alert_15.npy,SN Ia
ZTF20abmxstg,ZTF20abmxstg_alert_16.npy,SN Ia
ZTF20abmxstg,ZTF20abmxstg_alert_8.npy,SN Ia
ZTF20abmxstg,ZTF20abmxstg_alert_9.npy,SN Ia
ZTF20abnlsww,ZTF20abnlsww_alert_4.npy,SN Ia
ZTF20abnlsww,ZTF20abnlsww_alert_5.npy,SN Ia
ZTF20abnlsww,ZTF20abnlsww_alert_6.npy,SN Ia
ZTF20abnlsww,ZTF20abnlsww_alert_7.npy,SN Ia
ZTF20abnlsww,ZTF20abnlsww_alert_8.npy,SN Ia
ZTF20abnnfpv,ZTF20abnnfpv_alert_10.npy,SN IIP
ZTF20abnnfpv,ZTF20abnnfpv_alert_11.npy,SN IIP
ZTF20abnnfpv,ZTF20abnnfpv_alert_12.npy,SN IIP
ZTF20abnnfpv,ZTF20abnnfpv_alert_13.npy,SN IIP
ZTF20abnnfpv,ZTF20abnnfpv_alert_14.npy,SN IIP
ZTF20abnnfpv,ZTF20abnnfpv_alert_15.npy,SN IIP
ZTF20abnnfpv,ZTF20abnnfpv_alert_16.npy,SN IIP
ZTF20abnnfpv,ZTF20abnnfpv_alert_17.npy,SN IIP
ZTF20abnnfpv,ZTF20abnnfpv_alert_9.npy,SN IIP
ZTF20abnofwd,ZTF20abnofwd_alert_10.npy,SN Ia
ZTF20abnofwd,ZTF20abnofwd_alert_11.npy,SN Ia
ZTF20abnofwd,ZTF20abnofwd_alert_12.npy,SN Ia
ZTF20abnofwd,ZTF20abnofwd_alert_13.npy,SN Ia
ZTF20abnofwd,ZTF20abnofwd_alert_14.npy,SN Ia
ZTF20abnofwd,ZTF20abnofwd_alert_15.npy,SN Ia
ZTF20abnofwd,ZTF20abnofwd_alert_16.npy,SN Ia
ZTF20abnofwd,ZTF20abnofwd_alert_17.npy,SN Ia
ZTF20abnofwd,ZTF20abnofwd_alert_18.npy,SN Ia
ZTF20abnofwd,ZTF20abnofwd_alert_9.npy,SN Ia
ZTF20abnowvm,ZTF20abnowvm_alert_21.npy,Cataclysmic
ZTF20abnowvm,ZTF20abnowvm_alert_23.npy,Cataclysmic
ZTF20abnowvm,ZTF20abnowvm_alert_26.npy,Cataclysmic
ZTF20abnowvm,ZTF20abnowvm_alert_28.npy,Cataclysmic
ZTF20abnowvm,ZTF20abnowvm_alert_30.npy,Cataclysmic
ZTF20abnowvm,ZTF20abnowvm_alert_33.npy,Cataclysmic
ZTF20abnowvm,ZTF20abnowvm_alert_35.npy,Cataclysmic
ZTF20abnowvm,ZTF20abnowvm_alert_37.npy,Cataclysmic
ZTF20abnowvm,ZTF20abnowvm_alert_40.npy,Cataclysmic
ZTF20abnowvm,ZTF20abnowvm_alert_42.npy,Cataclysmic
ZTF20abojvde,ZTF20abojvde_alert_4.npy,Cataclysmic
ZTF20abojvde,ZTF20abojvde_alert_5.npy,Cataclysmic
ZTF20abojvde,ZTF20abojvde_alert_6.npy,Cataclysmic
ZTF20abojvde,ZTF20abojvde_alert_7.npy,Cataclysmic
ZTF20abozqdj,ZTF20abozqdj_alert_1.npy,SN Ic
ZTF20abozqdj,ZTF20abozqdj_alert_2.npy,SN Ic
ZTF20abpmqnr,ZTF20abpmqnr_alert_4.npy,SN IIn
ZTF20abpmqnr,ZTF20abpmqnr_alert_5.npy,SN IIn
ZTF20abpmqnr,ZTF20abpmqnr_alert_6.npy,SN IIn
ZTF20abpmqnr,ZTF20abpmqnr_alert_7.npy,SN IIn
ZTF20abpmqnr,ZTF20abpmqnr_alert_8.npy,SN IIn
ZTF20abpqbgi,ZTF20abpqbgi_alert_10.npy,Cataclysmic
ZTF20abpqbgi,ZTF20abpqbgi_alert_11.npy,Cataclysmic
ZTF20abpqbgi,ZTF20abpqbgi_alert_12.npy,Cataclysmic
ZTF20abpqbgi,ZTF20abpqbgi_alert_13.npy,Cataclysmic
ZTF20abpqbgi,ZTF20abpqbgi_alert_14.npy,Cataclysmic
ZTF20abpqbgi,ZTF20abpqbgi_alert_15.npy,Cataclysmic
ZTF20abpqbgi,ZTF20abpqbgi_alert_16.npy,Cataclysmic
ZTF20abpqbgi,ZTF20abpqbgi_alert_17.npy,Cataclysmic
ZTF20abpqbgi,ZTF20abpqbgi_alert_9.npy,Cataclysmic
ZTF20abpsbyg,ZTF20abpsbyg_alert_10.npy,SN Ia
ZTF20abpsbyg,ZTF20abpsbyg_alert_11.npy,SN Ia
ZTF20abpsbyg,ZTF20abpsbyg_alert_12.npy,SN Ia
ZTF20abpsbyg,ZTF20abpsbyg_alert_13.npy,SN Ia
ZTF20abpsbyg,ZTF20abpsbyg_alert_14.npy,SN Ia
ZTF20abpsbyg,ZTF20abpsbyg_alert_15.npy,SN Ia
ZTF20abpsbyg,ZTF20abpsbyg_alert_8.npy,SN Ia
ZTF20abpsbyg,ZTF20abpsbyg_alert_9.npy,SN Ia
ZTF20abpuxcc,ZTF20abpuxcc_alert_1.npy,SN Ic
ZTF20abpuxcc,ZTF20abpuxcc_alert_2.npy,SN Ic
ZTF20abpuxna,ZTF20abpuxna_alert_5.npy,SN IIP
ZTF20abpuxna,ZTF20abpuxna_alert_6.npy,SN IIP
ZTF20abpuxna,ZTF20abpuxna_alert_7.npy,SN IIP
ZTF20abpuxna,ZTF20abpuxna_alert_8.npy,SN IIP
ZTF20abpuxna,ZTF20abpuxna_alert_9.npy,SN IIP
ZTF20abpvhlg,ZTF20abpvhlg_alert_1.npy,SN IIP
ZTF20abpvhqv,ZTF20abpvhqv_alert_1.npy,SN Ic
ZTF20abpyplw,ZTF20abpyplw_alert_2.npy,SN Ia
ZTF20abpyplw,ZTF20abpyplw_alert_3.npy,SN Ia
ZTF20abpyplw,ZTF20abpyplw_alert_4.npy,SN Ia
ZTF20abqdkne,ZTF20abqdkne_alert_10.npy,SN Ic
ZTF20abqdkne,ZTF20abqdkne_alert_11.npy,SN Ic
ZTF20abqdkne,ZTF20abqdkne_alert_12.npy,SN Ic
ZTF20abqdkne,ZTF20abqdkne_alert_6.npy,SN Ic
ZTF20abqdkne,ZTF20abqdkne_alert_7.npy,SN Ic
ZTF20abqdkne,ZTF20abqdkne_alert_8.npy,SN Ic
ZTF20abqdkne,ZTF20abqdkne_alert_9.npy,SN Ic
ZTF20abqdqyh,ZTF20abqdqyh_alert_5.npy,SN IIP
ZTF20abqdqyh,ZTF20abqdqyh_alert_6.npy,SN IIP
ZTF20abqdqyh,ZTF20abqdqyh_alert_7.npy,SN IIP
ZTF20abqdqyh,ZTF20abqdqyh_alert_8.npy,SN IIP
ZTF20abqdqyh,ZTF20abqdqyh_alert_9.npy,SN IIP
ZTF20abqferm,ZTF20abqferm_alert_2.npy,SN IIP
ZTF20abqferm,ZTF20abqferm_alert_3.npy,SN IIP
ZTF20abqgbum,ZTF20abqgbum_alert_25.npy,SN IIn
ZTF20abqgbum,ZTF20abqgbum_alert_28.npy,SN IIn
ZTF20abqgbum,ZTF20abqgbum_alert_31.npy,SN IIn
ZTF20abqgbum,ZTF20abqgbum_alert_33.npy,SN IIn
ZTF20abqgbum,ZTF20abqgbum_alert_36.npy,SN IIn
ZTF20abqgbum,ZTF20abqgbum_alert_39.npy,SN IIn
ZTF20abqgbum,ZTF20abqgbum_alert_42.npy,SN IIn
ZTF20abqgbum,ZTF20abqgbum_alert_44.npy,SN IIn
ZTF20abqgbum,ZTF20abqgbum_alert_47.npy,SN IIn
ZTF20abqgbum,ZTF20abqgbum_alert_50.npy,SN IIn
ZTF20abqgsah,ZTF20abqgsah_alert_10.npy,Cataclysmic
ZTF20abqgsah,ZTF20abqgsah_alert_11.npy,Cataclysmic
ZTF20abqgsah,ZTF20abqgsah_alert_12.npy,Cataclysmic
ZTF20abqgsah,ZTF20abqgsah_alert_13.npy,Cataclysmic
ZTF20abqgsah,ZTF20abqgsah_alert_7.npy,Cataclysmic
ZTF20abqgsah,ZTF20abqgsah_alert_8.npy,Cataclysmic
ZTF20abqgsah,ZTF20abqgsah_alert_9.npy,Cataclysmic
ZTF20abqkdcs,ZTF20abqkdcs_alert_1.npy,Cataclysmic
ZTF20abqnztv,ZTF20abqnztv_alert_2.npy,SN Ia
ZTF20abqnztv,ZTF20abqnztv_alert_3.npy,SN Ia
ZTF20abqnztv,ZTF20abqnztv_alert_4.npy,SN Ia
ZTF20abrnvnn,ZTF20abrnvnn_alert_10.npy,SN IIP
ZTF20abrnvnn,ZTF20abrnvnn_alert_11.npy,SN IIP
ZTF20abrnvnn,ZTF20abrnvnn_alert_12.npy,SN IIP
ZTF20abrnvnn,ZTF20abrnvnn_alert_13.npy,SN IIP
ZTF20abrnvnn,ZTF20abrnvnn_alert_14.npy,SN IIP
ZTF20abrnvnn,ZTF20abrnvnn_alert_15.npy,SN IIP
ZTF20abrnvnn,ZTF20abrnvnn_alert_16.npy,SN IIP
ZTF20abrnvnn,ZTF20abrnvnn_alert_17.npy,SN IIP
ZTF20abrnvnn,ZTF20abrnvnn_alert_18.npy,SN IIP
ZTF20abrnvnn,ZTF20abrnvnn_alert_9.npy,SN IIP
ZTF20abrnvwf,ZTF20abrnvwf_alert_3.npy,SN Ia
ZTF20abrnvwf,ZTF20abrnvwf_alert_4.npy,SN Ia
ZTF20abrnvwf,ZTF20abrnvwf_alert_5.npy,SN Ia
ZTF20abrnvwf,ZTF20abrnvwf_alert_6.npy,SN Ia
ZTF20abtjjhb,ZTF20abtjjhb_alert_10.npy,SN IIn
ZTF20abtjjhb,ZTF20abtjjhb_alert_5.npy,SN IIn
ZTF20abtjjhb,ZTF20abtjjhb_alert_6.npy,SN IIn
ZTF20abtjjhb,ZTF20abtjjhb_alert_7.npy,SN IIn
ZTF20abtjjhb,ZTF20abtjjhb_alert_8.npy,SN IIn
ZTF20abtjjhb,ZTF20abtjjhb_alert_9.npy,SN IIn
ZTF20abtkjfw,ZTF20abtkjfw_alert_4.npy,SN Ic
ZTF20abtkjfw,ZTF20abtkjfw_alert_5.npy,SN Ic
ZTF20abtkjfw,ZTF20abtkjfw_alert_6.npy,SN Ic
ZTF20abtkjfw,ZTF20abtkjfw_alert_7.npy,SN Ic
ZTF20abtkjfw,ZTF20abtkjfw_alert_8.npy,SN Ic
ZTF20abtmfpq,ZTF20abtmfpq_alert_12.npy,Cataclysmic
ZTF20abtmfpq,ZTF20abtmfpq_alert_13.npy,Cataclysmic
ZTF20abtmfpq,ZTF20abtmfpq_alert_15.npy,Cataclysmic
ZTF20abtmfpq,ZTF20abtmfpq_alert_16.npy,Cataclysmic
ZTF20abtmfpq,ZTF20abtmfpq_alert_17.npy,Cataclysmic
ZTF20abtmfpq,ZTF20abtmfpq_alert_19.npy,Cataclysmic
ZTF20abtmfpq,ZTF20abtmfpq_alert_20.npy,Cataclysmic
ZTF20abtmfpq,ZTF20abtmfpq_alert_21.npy,Cataclysmic
ZTF20abtmfpq,ZTF20abtmfpq_alert_23.npy,Cataclysmic
ZTF20abtmfpq,ZTF20abtmfpq_alert_24.npy,Cataclysmic
ZTF20abtsecq,ZTF20abtsecq_alert_15.npy,SN Ia
ZTF20abtsecq,ZTF20abtsecq_alert_17.npy,SN Ia
ZTF20abtsecq,ZTF20abtsecq_alert_18.npy,SN Ia
ZTF20abtsecq,ZTF20abtsecq_alert_20.npy,SN Ia
ZTF20abtsecq,ZTF20abtsecq_alert_22.npy,SN Ia
ZTF20abtsecq,ZTF20abtsecq_alert_23.npy,SN Ia
ZTF20abtsecq,ZTF20abtsecq_alert_25.npy,SN Ia
ZTF20abtsecq,ZTF20abtsecq_alert_27.npy,SN Ia
ZTF20abtsecq,ZTF20abtsecq_alert_28.npy,SN Ia
ZTF20abtsecq,ZTF20abtsecq_alert_30.npy,SN Ia
ZTF20abupxie,ZTF20abupxie_alert_10.npy,SN IIP
ZTF20abupxie,ZTF20abupxie_alert_11.npy,SN IIP
ZTF20abupxie,ZTF20abupxie_alert_12.npy,SN IIP
ZTF20abupxie,ZTF20abupxie_alert_13.npy,SN IIP
ZTF20abupxie,ZTF20abupxie_alert_14.npy,SN IIP
ZTF20abupxie,ZTF20abupxie_alert_16.npy,SN IIP
ZTF20abupxie,ZTF20abupxie_alert_17.npy,SN IIP
ZTF20abupxie,ZTF20abupxie_alert_18.npy,SN IIP
ZTF20abupxie,ZTF20abupxie_alert_19.npy,SN IIP
ZTF20abupxie,ZTF20abupxie_alert_20.npy,SN IIP
ZTF20abuqali,ZTF20abuqali_alert_2.npy,SN IIP
ZTF20abuqali,ZTF20abuqali_alert_3.npy,SN IIP
ZTF20abusrwm,ZTF20abusrwm_alert_12.npy,SN Ic
ZTF20abusrwm,ZTF20abusrwm_alert_13.npy,SN Ic
ZTF20abusrwm,ZTF20abusrwm_alert_15.npy,SN Ic
ZTF20abusrwm,ZTF20abusrwm_alert_16.npy,SN Ic
ZTF20abusrwm,ZTF20abusrwm_alert_17.npy,SN Ic
ZTF20abusrwm,ZTF20abusrwm_alert_19.npy,SN Ic
ZTF20abusrwm,ZTF20abusrwm_alert_20.npy,SN Ic
ZTF20abusrwm,ZTF20abusrwm_alert_21.npy,SN Ic
ZTF20abusrwm,ZTF20abusrwm_alert_23.npy,SN Ic
ZTF20abusrwm,ZTF20abusrwm_alert_24.npy,SN Ic
ZTF20abvquuo,ZTF20abvquuo_alert_4.npy,SN Ib
ZTF20abvquuo,ZTF20abvquuo_alert_5.npy,SN Ib
ZTF20abvquuo,ZTF20abvquuo_alert_6.npy,SN Ib
ZTF20abvquuo,ZTF20abvquuo_alert_7.npy,SN Ib
ZTF20abvycvf,ZTF20abvycvf_alert_10.npy,SN Ia
ZTF20abvycvf,ZTF20abvycvf_alert_11.npy,SN Ia
ZTF20abvycvf,ZTF20abvycvf_alert_6.npy,SN Ia
ZTF20abvycvf,ZTF20abvycvf_alert_7.npy,SN Ia
ZTF20abvycvf,ZTF20abvycvf_alert_8.npy,SN Ia
ZTF20abvycvf,ZTF20abvycvf_alert_9.npy,SN Ia
ZTF20abwdaeo,ZTF20abwdaeo_alert_10.npy,SN IIP
ZTF20abwdaeo,ZTF20abwdaeo_alert_11.npy,SN IIP
ZTF20abwdaeo,ZTF20abwdaeo_alert_12.npy,SN IIP
ZTF20abwdaeo,ZTF20abwdaeo_alert_6.npy,SN IIP
ZTF20abwdaeo,ZTF20abwdaeo_alert_7.npy,SN IIP
ZTF20abwdaeo,ZTF20abwdaeo_alert_8.npy,SN IIP
ZTF20abwdaeo,ZTF20abwdaeo_alert_9.npy,SN IIP
ZTF20abwxywy,ZTF20abwxywy_alert_10.npy,SN Ic
ZTF20abwxywy,ZTF20abwxywy_alert_11.npy,SN Ic
ZTF20abwxywy,ZTF20abwxywy_alert_6.npy,SN Ic
ZTF20abwxywy,ZTF20abwxywy_alert_7.npy,SN Ic
ZTF20abwxywy,ZTF20abwxywy_alert_8.npy,SN Ic
ZTF20abwxywy,ZTF20abwxywy_alert_9.npy,SN Ic
ZTF20abxpoxd,ZTF20abxpoxd_alert_10.npy,SN Ic
ZTF20abxpoxd,ZTF20abxpoxd_alert_11.npy,SN Ic
ZTF20abxpoxd,ZTF20abxpoxd_alert_6.npy,SN Ic
ZTF20abxpoxd,ZTF20abxpoxd_alert_7.npy,SN Ic
ZTF20abxpoxd,ZTF20abxpoxd_alert_8.npy,SN Ic
ZTF20abxpoxd,ZTF20abxpoxd_alert_9.npy,SN Ic
ZTF20abxyaje,ZTF20abxyaje_alert_1.npy,SN IIP
ZTF20abxyauq,ZTF20abxyauq_alert_4.npy,SN IIP
ZTF20abxyauq,ZTF20abxyauq_alert_5.npy,SN IIP
ZTF20abxyauq,ZTF20abxyauq_alert_6.npy,SN IIP
ZTF20abxyauq,ZTF20abxyauq_alert_7.npy,SN IIP
ZTF20abxyauq,ZTF20abxyauq_alert_8.npy,SN IIP
ZTF20abxyifx,ZTF20abxyifx_alert_1.npy,SN IIP
ZTF20abxyiqi,ZTF20abxyiqi_alert_1.npy,SN IIP
ZTF20abxyiqi,ZTF20abxyiqi_alert_2.npy,SN IIP
ZTF20abybeex,ZTF20abybeex_alert_17.npy,SN IIP
ZTF20abybeex,ZTF20abybeex_alert_19.npy,SN IIP
ZTF20abybeex,ZTF20abybeex_alert_21.npy,SN IIP
ZTF20abybeex,ZTF20abybeex_alert_23.npy,SN IIP
ZTF20abybeex,ZTF20abybeex_alert_25.npy,SN IIP
ZTF20abybeex,ZTF20abybeex_alert_26.npy,SN IIP
ZTF20abybeex,ZTF20abybeex_alert_28.npy,SN IIP
ZTF20abybeex,ZTF20abybeex_alert_30.npy,SN IIP
ZTF20abybeex,ZTF20abybeex_alert_32.npy,SN IIP
ZTF20abybeex,ZTF20abybeex_alert_34.npy,SN IIP
ZTF20abychpb,ZTF20abychpb_alert_10.npy,Cataclysmic
ZTF20abychpb,ZTF20abychpb_alert_11.npy,Cataclysmic
ZTF20abychpb,ZTF20abychpb_alert_12.npy,Cataclysmic
ZTF20abychpb,ZTF20abychpb_alert_6.npy,Cataclysmic
ZTF20abychpb,ZTF20abychpb_alert_7.npy,Cataclysmic
ZTF20abychpb,ZTF20abychpb_alert_8.npy,Cataclysmic
ZTF20abychpb,ZTF20abychpb_alert_9.npy,Cataclysmic
ZTF20abykfsr,ZTF20abykfsr_alert_2.npy,SN IIP
ZTF20abykfsr,ZTF20abykfsr_alert_3.npy,SN IIP
ZTF20abykfsr,ZTF20abykfsr_alert_4.npy,SN IIP
ZTF20abywsut,ZTF20abywsut_alert_10.npy,SN Ic
ZTF20abywsut,ZTF20abywsut_alert_11.npy,SN Ic
ZTF20abywsut,ZTF20abywsut_alert_12.npy,SN Ic
ZTF20abywsut,ZTF20abywsut_alert_6.npy,SN Ic
ZTF20abywsut,ZTF20abywsut_alert_7.npy,SN Ic
ZTF20abywsut,ZTF20abywsut_alert_8.npy,SN Ic
ZTF20abywsut,ZTF20abywsut_alert_9.npy,SN Ic
ZTF20abywydb,ZTF20abywydb_alert_10.npy,SN IIP
ZTF20abywydb,ZTF20abywydb_alert_5.npy,SN IIP
ZTF20abywydb,ZTF20abywydb_alert_6.npy,SN IIP
ZTF20abywydb,ZTF20abywydb_alert_7.npy,SN IIP
ZTF20abywydb,ZTF20abywydb_alert_8.npy,SN IIP
ZTF20abywydb,ZTF20abywydb_alert_9.npy,SN IIP
ZTF20abyxjvm,ZTF20abyxjvm_alert_10.npy,SN IIn
ZTF20abyxjvm,ZTF20abyxjvm_alert_11.npy,SN IIn
ZTF20abyxjvm,ZTF20abyxjvm_alert_12.npy,SN IIn
ZTF20abyxjvm,ZTF20abyxjvm_alert_13.npy,SN IIn
ZTF20abyxjvm,ZTF20abyxjvm_alert_14.npy,SN IIn
ZTF20abyxjvm,ZTF20abyxjvm_alert_15.npy,SN IIn
ZTF20abyxjvm,ZTF20abyxjvm_alert_8.npy,SN IIn
ZTF20abyxjvm,ZTF20abyxjvm_alert_9.npy,SN IIn
ZTF20abyznqs,ZTF20abyznqs_alert_10.npy,SN Ib
ZTF20abyznqs,ZTF20abyznqs_alert_11.npy,SN Ib
ZTF20abyznqs,ZTF20abyznqs_alert_12.npy,SN Ib
ZTF20abyznqs,ZTF20abyznqs_alert_13.npy,SN Ib
ZTF20abyznqs,ZTF20abyznqs_alert_14.npy,SN Ib
ZTF20abyznqs,ZTF20abyznqs_alert_16.npy,SN Ib
ZTF20abyznqs,ZTF20abyznqs_alert_17.npy,SN Ib
ZTF20abyznqs,ZTF20abyznqs_alert_18.npy,SN Ib
ZTF20abyznqs,ZTF20abyznqs_alert_19.npy,SN Ib
ZTF20abyznqs,ZTF20abyznqs_alert_20.npy,SN Ib
ZTF20abyzomt,ZTF20abyzomt_alert_11.npy,SN IIP
ZTF20abyzomt,ZTF20abyzomt_alert_12.npy,SN IIP
ZTF20abyzomt,ZTF20abyzomt_alert_13.npy,SN IIP
ZTF20abyzomt,ZTF20abyzomt_alert_15.npy,SN IIP
ZTF20abyzomt,ZTF20abyzomt_alert_16.npy,SN IIP
ZTF20abyzomt,ZTF20abyzomt_alert_17.npy,SN IIP
ZTF20abyzomt,ZTF20abyzomt_alert_18.npy,SN IIP
ZTF20abyzomt,ZTF20abyzomt_alert_20.npy,SN IIP
ZTF20abyzomt,ZTF20abyzomt_alert_21.npy,SN IIP
ZTF20abyzomt,ZTF20abyzomt_alert_22.npy,SN IIP
ZTF20abyzprl,ZTF20abyzprl_alert_25.npy,SN IIP
ZTF20abyzprl,ZTF20abyzprl_alert_28.npy,SN IIP
ZTF20abyzprl,ZTF20abyzprl_alert_31.npy,SN IIP
ZTF20abyzprl,ZTF20abyzprl_alert_33.npy,SN IIP
ZTF20abyzprl,ZTF20abyzprl_alert_36.npy,SN IIP
ZTF20abyzprl,ZTF20abyzprl_alert_39.npy,SN IIP
ZTF20abyzprl,ZTF20abyzprl_alert_42.npy,SN IIP
ZTF20abyzprl,ZTF20abyzprl_alert_44.npy,SN IIP
ZTF20abyzprl,ZTF20abyzprl_alert_47.npy,SN IIP
ZTF20abyzprl,ZTF20abyzprl_alert_50.npy,SN IIP
ZTF20abzcokk,ZTF20abzcokk_alert_10.npy,Cataclysmic
ZTF20abzcokk,ZTF20abzcokk_alert_11.npy,Cataclysmic
ZTF20abzcokk,ZTF20abzcokk_alert_12.npy,Cataclysmic
ZTF20abzcokk,ZTF20abzcokk_alert_13.npy,Cataclysmic
ZTF20abzcokk,ZTF20abzcokk_alert_14.npy,Cataclysmic
ZTF20abzcokk,ZTF20abzcokk_alert_15.npy,Cataclysmic
ZTF20abzcokk,ZTF20abzcokk_alert_16.npy,Cataclysmic
ZTF20abzcokk,ZTF20abzcokk_alert_17.npy,Cataclysmic
ZTF20abzcokk,ZTF20abzcokk_alert_18.npy,Cataclysmic
ZTF20abzcokk,ZTF20abzcokk_alert_9.npy,Cataclysmic
ZTF20abzetdf,ZTF20abzetdf_alert_10.npy,SN Ia
ZTF20abzetdf,ZTF20abzetdf_alert_5.npy,SN Ia
ZTF20abzetdf,ZTF20abzetdf_alert_6.npy,SN Ia
ZTF20abzetdf,ZTF20abzetdf_alert_7.npy,SN Ia
ZTF20abzetdf,ZTF20abzetdf_alert_8.npy,SN Ia
ZTF20abzetdf,ZTF20abzetdf_alert_9.npy,SN Ia
ZTF20abzgegm,ZTF20abzgegm_alert_4.npy,SN IIP
ZTF20abzgegm,ZTF20abzgegm_alert_5.npy,SN IIP
ZTF20abzgegm,ZTF20abzgegm_alert_6.npy,SN IIP
ZTF20abzgegm,ZTF20abzgegm_alert_7.npy,SN IIP
ZTF20abzgegm,ZTF20abzgegm_alert_8.npy,SN IIP
ZTF20abzjcdg,ZTF20abzjcdg_alert_4.npy,SN Ic
ZTF20abzjcdg,ZTF20abzjcdg_alert_5.npy,SN Ic
ZTF20abzjcdg,ZTF20abzjcdg_alert_6.npy,SN Ic
ZTF20abzjcdg,ZTF20abzjcdg_alert_7.npy,SN Ic
ZTF20abzjoxd,ZTF20abzjoxd_alert_10.npy,SN IIn
ZTF20abzjoxd,ZTF20abzjoxd_alert_11.npy,SN IIn
ZTF20abzjoxd,ZTF20abzjoxd_alert_12.npy,SN IIn
ZTF20abzjoxd,ZTF20abzjoxd_alert_13.npy,SN IIn
ZTF20abzjoxd,ZTF20abzjoxd_alert_14.npy,SN IIn
ZTF20abzjoxd,ZTF20abzjoxd_alert_15.npy,SN IIn
ZTF20abzjoxd,ZTF20abzjoxd_alert_16.npy,SN IIn
ZTF20abzjoxd,ZTF20abzjoxd_alert_8.npy,SN IIn
ZTF20abzjoxd,ZTF20abzjoxd_alert_9.npy,SN IIn
ZTF20acbcfaa,ZTF20acbcfaa_alert_3.npy,SN IIn
ZTF20acbcfaa,ZTF20acbcfaa_alert_4.npy,SN IIn
ZTF20acbcfaa,ZTF20acbcfaa_alert_5.npy,SN IIn
ZTF20acbekkx,ZTF20acbekkx_alert_10.npy,SN IIn
ZTF20acbekkx,ZTF20acbekkx_alert_11.npy,SN IIn
ZTF20acbekkx,ZTF20acbekkx_alert_12.npy,SN IIn
ZTF20acbekkx,ZTF20acbekkx_alert_13.npy,SN IIn
ZTF20acbekkx,ZTF20acbekkx_alert_14.npy,SN IIn
ZTF20acbekkx,ZTF20acbekkx_alert_7.npy,SN IIn
ZTF20acbekkx,ZTF20acbekkx_alert_8.npy,SN IIn
ZTF20acbekkx,ZTF20acbekkx_alert_9.npy,SN IIn
ZTF20acbttnt,ZTF20acbttnt_alert_10.npy,SN Ia
ZTF20acbttnt,ZTF20acbttnt_alert_11.npy,SN Ia
ZTF20acbttnt,ZTF20acbttnt_alert_6.npy,SN Ia
ZTF20acbttnt,ZTF20acbttnt_alert_7.npy,SN Ia
ZTF20acbttnt,ZTF20acbttnt_alert_8.npy,SN Ia
ZTF20acbttnt,ZTF20acbttnt_alert_9.npy,SN Ia
ZTF20accdijx,ZTF20accdijx_alert_10.npy,SN IIP
ZTF20accdijx,ZTF20accdijx_alert_11.npy,SN IIP
ZTF20accdijx,ZTF20accdijx_alert_12.npy,SN IIP
ZTF20accdijx,ZTF20accdijx_alert_13.npy,SN IIP
ZTF20accdijx,ZTF20accdijx_alert_14.npy,SN IIP
ZTF20accdijx,ZTF20accdijx_alert_15.npy,SN IIP
ZTF20accdijx,ZTF20accdijx_alert_16.npy,SN IIP
ZTF20accdijx,ZTF20accdijx_alert_17.npy,SN IIP
ZTF20accdijx,ZTF20accdijx_alert_9.npy,SN IIP
ZTF20acectxy,ZTF20acectxy_alert_5.npy,SN II
ZTF20acectxy,ZTF20acectxy_alert_6.npy,SN II
ZTF20acectxy,ZTF20acectxy_alert_7.npy,SN II
ZTF20acectxy,ZTF20acectxy_alert_8.npy,SN II
ZTF20acectxy,ZTF20acectxy_alert_9.npy,SN II
ZTF20acehyxd,ZTF20acehyxd_alert_2.npy,SN Ia
ZTF20acehyxd,ZTF20acehyxd_alert_3.npy,SN Ia
ZTF20acehyxd,ZTF20acehyxd_alert_4.npy,SN Ia
ZTF20acfkzcg,ZTF20acfkzcg_alert_25.npy,SN IIP
ZTF20acfkzcg,ZTF20acfkzcg_alert_28.npy,SN IIP
ZTF20acfkzcg,ZTF20acfkzcg_alert_31.npy,SN IIP
ZTF20acfkzcg,ZTF20acfkzcg_alert_33.npy,SN IIP
ZTF20acfkzcg,ZTF20acfkzcg_alert_36.npy,SN IIP
ZTF20acfkzcg,ZTF20acfkzcg_alert_39.npy,SN IIP
ZTF20acfkzcg,ZTF20acfkzcg_alert_42.npy,SN IIP
ZTF20acfkzcg,ZTF20acfkzcg_alert_44.npy,SN IIP
ZTF20acfkzcg,ZTF20acfkzcg_alert_47.npy,SN IIP
ZTF20acfkzcg,ZTF20acfkzcg_alert_50.npy,SN IIP
ZTF20acfvqdz,ZTF20acfvqdz_alert_10.npy,SN IIP
ZTF20acfvqdz,ZTF20acfvqdz_alert_11.npy,SN IIP
ZTF20acfvqdz,ZTF20acfvqdz_alert_12.npy,SN IIP
ZTF20acfvqdz,ZTF20acfvqdz_alert_6.npy,SN IIP
ZTF20acfvqdz,ZTF20acfvqdz_alert_7.npy,SN IIP
ZTF20acfvqdz,ZTF20acfvqdz_alert_8.npy,SN IIP
ZTF20acfvqdz,ZTF20acfvqdz_alert_9.npy,SN IIP
ZTF20acfwrln,ZTF20acfwrln_alert_10.npy,SN IIP
ZTF20acfwrln,ZTF20acfwrln_alert_11.npy,SN IIP
ZTF20acfwrln,ZTF20acfwrln_alert_12.npy,SN IIP
ZTF20acfwrln,ZTF20acfwrln_alert_13.npy,SN IIP
ZTF20acfwrln,ZTF20acfwrln_alert_14.npy,SN IIP
ZTF20acfwrln,ZTF20acfwrln_alert_15.npy,SN IIP
ZTF20acfwrln,ZTF20acfwrln_alert_16.npy,SN IIP
ZTF20acfwrln,ZTF20acfwrln_alert_8.npy,SN IIP
ZTF20acfwrln,ZTF20acfwrln_alert_9.npy,SN IIP
ZTF20acgchsp,ZTF20acgchsp_alert_5.npy,SN II
ZTF20acgchsp,ZTF20acgchsp_alert_6.npy,SN II
ZTF20acgchsp,ZTF20acgchsp_alert_7.npy,SN II
ZTF20acgchsp,ZTF20acgchsp_alert_8.npy,SN II
ZTF20acgchsp,ZTF20acgchsp_alert_9.npy,SN II
ZTF20acggqfs,ZTF20acggqfs_alert_2.npy,SN II
ZTF20acggqfs,ZTF20acggqfs_alert_3.npy,SN II
ZTF20acggqfs,ZTF20acggqfs_alert_4.npy,SN II
ZTF20acggvnn,ZTF20acggvnn_alert_2.npy,SN II
ZTF20acggvnn,ZTF20acggvnn_alert_3.npy,SN II
ZTF20acggvnn,ZTF20acggvnn_alert_4.npy,SN II
ZTF20acghodf,ZTF20acghodf_alert_1.npy,SN IIn
ZTF20acgided,ZTF20acgided_alert_10.npy,SN IIP
ZTF20acgided,ZTF20acgided_alert_11.npy,SN IIP
ZTF20acgided,ZTF20acgided_alert_6.npy,SN IIP
ZTF20acgided,ZTF20acgided_alert_7.npy,SN IIP
ZTF20acgided,ZTF20acgided_alert_8.npy,SN IIP
ZTF20acgided,ZTF20acgided_alert_9.npy,SN IIP
ZTF20acgiglu,ZTF20acgiglu_alert_1.npy,SN IIb
ZTF20acgiglu,ZTF20acgiglu_alert_2.npy,SN IIb
ZTF20acgkbkm,ZTF20acgkbkm_alert_4.npy,SN IIb
ZTF20acgkbkm,ZTF20acgkbkm_alert_5.npy,SN IIb
ZTF20acgkbkm,ZTF20acgkbkm_alert_6.npy,SN IIb
ZTF20acgkbkm,ZTF20acgkbkm_alert_7.npy,SN IIb
ZTF20acgnelh,ZTF20acgnelh_alert_10.npy,SN II
ZTF20acgnelh,ZTF20acgnelh_alert_5.npy,SN II
ZTF20acgnelh,ZTF20acgnelh_alert_6.npy,SN II
ZTF20acgnelh,ZTF20acgnelh_alert_7.npy,SN II
ZTF20acgnelh,ZTF20acgnelh_alert_8.npy,SN II
ZTF20acgnelh,ZTF20acgnelh_alert_9.npy,SN II
ZTF20acgoxns,ZTF20acgoxns_alert_10.npy,SN II
ZTF20acgoxns,ZTF20acgoxns_alert_11.npy,SN II
ZTF20acgoxns,ZTF20acgoxns_alert_12.npy,SN II
ZTF20acgoxns,ZTF20acgoxns_alert_13.npy,SN II
ZTF20acgoxns,ZTF20acgoxns_alert_14.npy,SN II
ZTF20acgoxns,ZTF20acgoxns_alert_7.npy,SN II
ZTF20acgoxns,ZTF20acgoxns_alert_8.npy,SN II
ZTF20acgoxns,ZTF20acgoxns_alert_9.npy,SN II
ZTF20acgpqqr,ZTF20acgpqqr_alert_4.npy,SN Ia
ZTF20acgpqqr,ZTF20acgpqqr_alert_5.npy,SN Ia
ZTF20acgpqqr,ZTF20acgpqqr_alert_6.npy,SN Ia
ZTF20acgpqqr,ZTF20acgpqqr_alert_7.npy,SN Ia
ZTF20acgsvwb,ZTF20acgsvwb_alert_3.npy,SN Ia
ZTF20acgsvwb,ZTF20acgsvwb_alert_4.npy,SN Ia
ZTF20acgsvwb,ZTF20acgsvwb_alert_5.npy,SN Ia
ZTF20acgyjbh,ZTF20acgyjbh_alert_1.npy,SN II
ZTF20achawym,ZTF20achawym_alert_14.npy,SN Ia
ZTF20achawym,ZTF20achawym_alert_16.npy,SN Ia
ZTF20achawym,ZTF20achawym_alert_17.npy,SN Ia
ZTF20achawym,ZTF20achawym_alert_19.npy,SN Ia
ZTF20achawym,ZTF20achawym_alert_20.npy,SN Ia
ZTF20achawym,ZTF20achawym_alert_22.npy,SN Ia
ZTF20achawym,ZTF20achawym_alert_23.npy,SN Ia
ZTF20achawym,ZTF20achawym_alert_25.npy,SN Ia
ZTF20achawym,ZTF20achawym_alert_26.npy,SN Ia
ZTF20achawym,ZTF20achawym_alert_28.npy,SN Ia
ZTF20achbejn,ZTF20achbejn_alert_18.npy,SN IIP
ZTF20achbejn,ZTF20achbejn_alert_20.npy,SN IIP
ZTF20achbejn,ZTF20achbejn_alert_22.npy,SN IIP
ZTF20achbejn,ZTF20achbejn_alert_24.npy,SN IIP
ZTF20achbejn,ZTF20achbejn_alert_26.npy,SN IIP
ZTF20achbejn,ZTF20achbejn_alert_28.npy,SN IIP
ZTF20achbejn,ZTF20achbejn_alert_30.npy,SN IIP
ZTF20achbejn,ZTF20achbejn_alert_32.npy,SN IIP
ZTF20achbejn,ZTF20achbejn_alert_34.npy,SN IIP
ZTF20achbejn,ZTF20achbejn_alert_36.npy,SN IIP
ZTF20achmmex,ZTF20achmmex_alert_10.npy,SN II
ZTF20achmmex,ZTF20achmmex_alert_5.npy,SN II
ZTF20achmmex,ZTF20achmmex_alert_6.npy,SN II
ZTF20achmmex,ZTF20achmmex_alert_7.npy,SN II
ZTF20achmmex,ZTF20achmmex_alert_8.npy,SN II
ZTF20achmmex,ZTF20achmmex_alert_9.npy,SN II
ZTF20achncxi,ZTF20achncxi_alert_10.npy,SN Ia
ZTF20achncxi,ZTF20achncxi_alert_11.npy,SN Ia
ZTF20achncxi,ZTF20achncxi_alert_12.npy,SN Ia
ZTF20achncxi,ZTF20achncxi_alert_13.npy,SN Ia
ZTF20achncxi,ZTF20achncxi_alert_7.npy,SN Ia
ZTF20achncxi,ZTF20achncxi_alert_8.npy,SN Ia
ZTF20achncxi,ZTF20achncxi_alert_9.npy,SN Ia
ZTF20achnfaa,ZTF20achnfaa_alert_10.npy,SN IIP
ZTF20achnfaa,ZTF20achnfaa_alert_11.npy,SN IIP
ZTF20achnfaa,ZTF20achnfaa_alert_12.npy,SN IIP
ZTF20achnfaa,ZTF20achnfaa_alert_13.npy,SN IIP
ZTF20achnfaa,ZTF20achnfaa_alert_14.npy,SN IIP
ZTF20achnfaa,ZTF20achnfaa_alert_15.npy,SN IIP
ZTF20achnfaa,ZTF20achnfaa_alert_16.npy,SN IIP
ZTF20achnfaa,ZTF20achnfaa_alert_8.npy,SN IIP
ZTF20achnfaa,ZTF20achnfaa_alert_9.npy,SN IIP
ZTF20achpcvt,ZTF20achpcvt_alert_10.npy,Tidal Disruption Event
ZTF20achpcvt,ZTF20achpcvt_alert_11.npy,Tidal Disruption Event
ZTF20achpcvt,ZTF20achpcvt_alert_12.npy,Tidal Disruption Event
ZTF20achpcvt,ZTF20achpcvt_alert_13.npy,Tidal Disruption Event
ZTF20achpcvt,ZTF20achpcvt_alert_14.npy,Tidal Disruption Event
ZTF20achpcvt,ZTF20achpcvt_alert_15.npy,Tidal Disruption Event
ZTF20achpcvt,ZTF20achpcvt_alert_16.npy,Tidal Disruption Event
ZTF20achpcvt,ZTF20achpcvt_alert_8.npy,Tidal Disruption Event
ZTF20achpcvt,ZTF20achpcvt_alert_9.npy,Tidal Disruption Event
ZTF20achtpbn,ZTF20achtpbn_alert_4.npy,SN Ia
ZTF20achtpbn,ZTF20achtpbn_alert_5.npy,SN Ia
ZTF20achtpbn,ZTF20achtpbn_alert_6.npy,SN Ia
ZTF20achtpbn,ZTF20achtpbn_alert_7.npy,SN Ia
ZTF20achusux,ZTF20achusux_alert_3.npy,SN IIP
ZTF20achusux,ZTF20achusux_alert_4.npy,SN IIP
ZTF20achusux,ZTF20achusux_alert_5.npy,SN IIP
ZTF20achusux,ZTF20achusux_alert_6.npy,SN IIP
ZTF20achvdtx,ZTF20achvdtx_alert_4.npy,SN IIP
ZTF20achvdtx,ZTF20achvdtx_alert_5.npy,SN IIP
ZTF20achvdtx,ZTF20achvdtx_alert_6.npy,SN IIP
ZTF20achvdtx,ZTF20achvdtx_alert_7.npy,SN IIP
ZTF20achwpvs,ZTF20achwpvs_alert_3.npy,SN Ia
ZTF20achwpvs,ZTF20achwpvs_alert_4.npy,SN Ia
ZTF20achwpvs,ZTF20achwpvs_alert_5.npy,SN Ia
ZTF20achwpvs,ZTF20achwpvs_alert_6.npy,SN Ia
ZTF20acioekr,ZTF20acioekr_alert_4.npy,Cataclysmic
ZTF20acioekr,ZTF20acioekr_alert_5.npy,Cataclysmic
ZTF20acioekr,ZTF20acioekr_alert_6.npy,Cataclysmic
ZTF20acioekr,ZTF20acioekr_alert_7.npy,Cataclysmic
ZTF20acioekr,ZTF20acioekr_alert_8.npy,Cataclysmic
ZTF20acioiem,ZTF20acioiem_alert_5.npy,Cataclysmic
ZTF20acioiem,ZTF20acioiem_alert_6.npy,Cataclysmic
ZTF20acioiem,ZTF20acioiem_alert_7.npy,Cataclysmic
ZTF20acioiem,ZTF20acioiem_alert_8.npy,Cataclysmic
ZTF20acioiem,ZTF20acioiem_alert_9.npy,Cataclysmic
ZTF20aciouqw,ZTF20aciouqw_alert_10.npy,Cataclysmic
ZTF20aciouqw,ZTF20aciouqw_alert_11.npy,Cataclysmic
ZTF20aciouqw,ZTF20aciouqw_alert_6.npy,Cataclysmic
ZTF20aciouqw,ZTF20aciouqw_alert_7.npy,Cataclysmic
ZTF20aciouqw,ZTF20aciouqw_alert_8.npy,Cataclysmic
ZTF20aciouqw,ZTF20aciouqw_alert_9.npy,Cataclysmic
ZTF20acitoie,ZTF20acitoie_alert_10.npy,SN IIP
ZTF20acitoie,ZTF20acitoie_alert_11.npy,SN IIP
ZTF20acitoie,ZTF20acitoie_alert_12.npy,SN IIP
ZTF20acitoie,ZTF20acitoie_alert_13.npy,SN IIP
ZTF20acitoie,ZTF20acitoie_alert_7.npy,SN IIP
ZTF20acitoie,ZTF20acitoie_alert_8.npy,SN IIP
ZTF20acitoie,ZTF20acitoie_alert_9.npy,SN IIP
ZTF20aciubfx,ZTF20aciubfx_alert_4.npy,SN IIP
ZTF20aciubfx,ZTF20aciubfx_alert_5.npy,SN IIP
ZTF20aciubfx,ZTF20aciubfx_alert_6.npy,SN IIP
ZTF20aciubfx,ZTF20aciubfx_alert_7.npy,SN IIP
ZTF20aciubfx,ZTF20aciubfx_alert_8.npy,SN IIP
ZTF20aciubjh,ZTF20aciubjh_alert_10.npy,SN II
ZTF20aciubjh,ZTF20aciubjh_alert_5.npy,SN II
ZTF20aciubjh,ZTF20aciubjh_alert_6.npy,SN II
ZTF20aciubjh,ZTF20aciubjh_alert_7.npy,SN II
ZTF20aciubjh,ZTF20aciubjh_alert_8.npy,SN II
ZTF20aciubjh,ZTF20aciubjh_alert_9.npy,SN II
ZTF20acjbhhp,ZTF20acjbhhp_alert_5.npy,SN II
ZTF20acjbhhp,ZTF20acjbhhp_alert_6.npy,SN II
ZTF20acjbhhp,ZTF20acjbhhp_alert_7.npy,SN II
ZTF20acjbhhp,ZTF20acjbhhp_alert_8.npy,SN II
ZTF20acjbhhp,ZTF20acjbhhp_alert_9.npy,SN II
ZTF20acjpvyd,ZTF20acjpvyd_alert_4.npy,SN IIb
ZTF20acjpvyd,ZTF20acjpvyd_alert_5.npy,SN IIb
ZTF20acjpvyd,ZTF20acjpvyd_alert_6.npy,SN IIb
ZTF20acjpvyd,ZTF20acjpvyd_alert_7.npy,SN IIb
ZTF20acjpvyd,ZTF20acjpvyd_alert_8.npy,SN IIb
ZTF20acknpig,ZTF20acknpig_alert_2.npy,SN IIP
ZTF20acknpig,ZTF20acknpig_alert_3.npy,SN IIP
ZTF20acknpig,ZTF20acknpig_alert_4.npy,SN IIP
ZTF20aclkvjy,ZTF20aclkvjy_alert_10.npy,SN IIn
ZTF20aclkvjy,ZTF20aclkvjy_alert_11.npy,SN IIn
ZTF20aclkvjy,ZTF20aclkvjy_alert_12.npy,SN IIn
ZTF20aclkvjy,ZTF20aclkvjy_alert_13.npy,SN IIn
ZTF20aclkvjy,ZTF20aclkvjy_alert_14.npy,SN IIn
ZTF20aclkvjy,ZTF20aclkvjy_alert_15.npy,SN IIn
ZTF20aclkvjy,ZTF20aclkvjy_alert_16.npy,SN IIn
ZTF20aclkvjy,ZTF20aclkvjy_alert_17.npy,SN IIn
ZTF20aclkvjy,ZTF20aclkvjy_alert_18.npy,SN IIn
ZTF20aclkvjy,ZTF20aclkvjy_alert_9.npy,SN IIn
ZTF20aclnplo,ZTF20aclnplo_alert_3.npy,SN Ic
ZTF20aclnplo,ZTF20aclnplo_alert_4.npy,SN Ic
ZTF20aclnplo,ZTF20aclnplo_alert_5.npy,SN Ic
ZTF20aclnplo,ZTF20aclnplo_alert_6.npy,SN Ic
ZTF20aclnsts,ZTF20aclnsts_alert_2.npy,SN Ia
ZTF20aclnsts,ZTF20aclnsts_alert_3.npy,SN Ia
ZTF20aclvtnk,ZTF20aclvtnk_alert_12.npy,SN II
ZTF20aclvtnk,ZTF20aclvtnk_alert_13.npy,SN II
ZTF20aclvtnk,ZTF20aclvtnk_alert_14.npy,SN II
ZTF20aclvtnk,ZTF20aclvtnk_alert_16.npy,SN II
ZTF20aclvtnk,ZTF20aclvtnk_alert_17.npy,SN II
ZTF20aclvtnk,ZTF20aclvtnk_alert_18.npy,SN II
ZTF20aclvtnk,ZTF20aclvtnk_alert_19.npy,SN II
ZTF20aclvtnk,ZTF20aclvtnk_alert_21.npy,SN II
ZTF20aclvtnk,ZTF20aclvtnk_alert_22.npy,SN II
ZTF20aclvtnk,ZTF20aclvtnk_alert_23.npy,SN II
ZTF20acmhmzl,ZTF20acmhmzl_alert_3.npy,SN II
ZTF20acmhmzl,ZTF20acmhmzl_alert_4.npy,SN II
ZTF20acmhmzl,ZTF20acmhmzl_alert_5.npy,SN II
ZTF20acmhmzl,ZTF20acmhmzl_alert_6.npy,SN II
ZTF20acmhpvd,ZTF20acmhpvd_alert_10.npy,Cataclysmic
ZTF20acmhpvd,ZTF20acmhpvd_alert_11.npy,Cataclysmic
ZTF20acmhpvd,ZTF20acmhpvd_alert_12.npy,Cataclysmic
ZTF20acmhpvd,ZTF20acmhpvd_alert_13.npy,Cataclysmic
ZTF20acmhpvd,ZTF20acmhpvd_alert_7.npy,Cataclysmic
ZTF20acmhpvd,ZTF20acmhpvd_alert_8.npy,Cataclysmic
ZTF20acmhpvd,ZTF20acmhpvd_alert_9.npy,Cataclysmic
ZTF20acmyxdb,ZTF20acmyxdb_alert_10.npy,Cataclysmic
ZTF20acmyxdb,ZTF20acmyxdb_alert_11.npy,Cataclysmic
ZTF20acmyxdb,ZTF20acmyxdb_alert_12.npy,Cataclysmic
ZTF20acmyxdb,ZTF20acmyxdb_alert_6.npy,Cataclysmic
ZTF20acmyxdb,ZTF20acmyxdb_alert_7.npy,Cataclysmic
ZTF20acmyxdb,ZTF20acmyxdb_alert_8.npy,Cataclysmic
ZTF20acmyxdb,ZTF20acmyxdb_alert_9.npy,Cataclysmic
ZTF20acnrvfm,ZTF20acnrvfm_alert_2.npy,SN II
ZTF20acnrvfm,ZTF20acnrvfm_alert_3.npy,SN II
ZTF20acnrvfm,ZTF20acnrvfm_alert_4.npy,SN II
ZTF20acnvniw,ZTF20acnvniw_alert_12.npy,SN IIn
ZTF20acnvniw,ZTF20acnvniw_alert_13.npy,SN IIn
ZTF20acnvniw,ZTF20acnvniw_alert_14.npy,SN IIn
ZTF20acnvniw,ZTF20acnvniw_alert_16.npy,SN IIn
ZTF20acnvniw,ZTF20acnvniw_alert_17.npy,SN IIn
ZTF20acnvniw,ZTF20acnvniw_alert_18.npy,SN IIn
ZTF20acnvniw,ZTF20acnvniw_alert_19.npy,SN IIn
ZTF20acnvniw,ZTF20acnvniw_alert_21.npy,SN IIn
ZTF20acnvniw,ZTF20acnvniw_alert_22.npy,SN IIn
ZTF20acnvniw,ZTF20acnvniw_alert_23.npy,SN IIn
ZTF20acnvtxy,ZTF20acnvtxy_alert_10.npy,SN II
ZTF20acnvtxy,ZTF20acnvtxy_alert_11.npy,SN II
ZTF20acnvtxy,ZTF20acnvtxy_alert_12.npy,SN II
ZTF20acnvtxy,ZTF20acnvtxy_alert_6.npy,SN II
ZTF20acnvtxy,ZTF20acnvtxy_alert_7.npy,SN II
ZTF20acnvtxy,ZTF20acnvtxy_alert_8.npy,SN II
ZTF20acnvtxy,ZTF20acnvtxy_alert_9.npy,SN II
ZTF20acnzkxb,ZTF20acnzkxb_alert_4.npy,SN II
ZTF20acnzkxb,ZTF20acnzkxb_alert_5.npy,SN II
ZTF20acnzkxb,ZTF20acnzkxb_alert_6.npy,SN II
ZTF20acnzkxb,ZTF20acnzkxb_alert_7.npy,SN II
ZTF20acnzkxb,ZTF20acnzkxb_alert_8.npy,SN II
ZTF20acocohy,ZTF20acocohy_alert_10.npy,SN II
ZTF20acocohy,ZTF20acocohy_alert_5.npy,SN II
ZTF20acocohy,ZTF20acocohy_alert_6.npy,SN II
ZTF20acocohy,ZTF20acocohy_alert_7.npy,SN II
ZTF20acocohy,ZTF20acocohy_alert_8.npy,SN II
ZTF20acocohy,ZTF20acocohy_alert_9.npy,SN II
ZTF20acorjop,ZTF20acorjop_alert_4.npy,SN II
ZTF20acorjop,ZTF20acorjop_alert_5.npy,SN II
ZTF20acorjop,ZTF20acorjop_alert_6.npy,SN II
ZTF20acorjop,ZTF20acorjop_alert_7.npy,SN II
ZTF20acounxo,ZTF20acounxo_alert_10.npy,SN II
ZTF20acounxo,ZTF20acounxo_alert_11.npy,SN II
ZTF20acounxo,ZTF20acounxo_alert_12.npy,SN II
ZTF20acounxo,ZTF20acounxo_alert_6.npy,SN II
ZTF20acounxo,ZTF20acounxo_alert_7.npy,SN II
ZTF20acounxo,ZTF20acounxo_alert_8.npy,SN II
ZTF20acounxo,ZTF20acounxo_alert_9.npy,SN II
ZTF20acouofb,ZTF20acouofb_alert_10.npy,SN II
ZTF20acouofb,ZTF20acouofb_alert_11.npy,SN II
ZTF20acouofb,ZTF20acouofb_alert_12.npy,SN II
ZTF20acouofb,ZTF20acouofb_alert_6.npy,SN II
ZTF20acouofb,ZTF20acouofb_alert_7.npy,SN II
ZTF20acouofb,ZTF20acouofb_alert_8.npy,SN II
ZTF20acouofb,ZTF20acouofb_alert_9.npy,SN II
ZTF20acowpur,ZTF20acowpur_alert_10.npy,SN Ia
ZTF20acowpur,ZTF20acowpur_alert_11.npy,SN Ia
ZTF20acowpur,ZTF20acowpur_alert_12.npy,SN Ia
ZTF20acowpur,ZTF20acowpur_alert_6.npy,SN Ia
ZTF20acowpur,ZTF20acowpur_alert_7.npy,SN Ia
ZTF20acowpur,ZTF20acowpur_alert_8.npy,SN Ia
ZTF20acowpur,ZTF20acowpur_alert_9.npy,SN Ia
ZTF20acoyvdg,ZTF20acoyvdg_alert_2.npy,SN Ia
ZTF20acoyvdg,ZTF20acoyvdg_alert_3.npy,SN Ia
ZTF20acoyvdg,ZTF20acoyvdg_alert_4.npy,SN Ia
ZTF20acoyyly,ZTF20acoyyly_alert_5.npy,SN Ia
ZTF20acoyyly,ZTF20acoyyly_alert_6.npy,SN Ia
ZTF20acoyyly,ZTF20acoyyly_alert_7.npy,SN Ia
ZTF20acoyyly,ZTF20acoyyly_alert_8.npy,SN Ia
ZTF20acoyyly,ZTF20acoyyly_alert_9.npy,SN Ia
ZTF20acpbdvm,ZTF20acpbdvm_alert_2.npy,SN II
ZTF20acpbdvm,ZTF20acpbdvm_alert_3.npy,SN II
ZTF20acpgokr,ZTF20acpgokr_alert_3.npy,SN II
ZTF20acpgokr,ZTF20acpgokr_alert_4.npy,SN II
ZTF20acpgokr,ZTF20acpgokr_alert_5.npy,SN II
ZTF20acphdbu,ZTF20acphdbu_alert_4.npy,SN Ia
ZTF20acphdbu,ZTF20acphdbu_alert_5.npy,SN Ia
ZTF20acphdbu,ZTF20acphdbu_alert_6.npy,SN Ia
ZTF20acphdbu,ZTF20acphdbu_alert_7.npy,SN Ia
ZTF20acphdbu,ZTF20acphdbu_alert_8.npy,SN Ia
ZTF20acpkses,ZTF20acpkses_alert_3.npy,SN II
ZTF20acpkses,ZTF20acpkses_alert_4.npy,SN II
ZTF20acpkses,ZTF20acpkses_alert_5.npy,SN II
ZTF20acpkses,ZTF20acpkses_alert_6.npy,SN II
ZTF20acplhku,ZTF20acplhku_alert_5.npy,SN Ia
ZTF20acplhku,ZTF20acplhku_alert_6.npy,SN Ia
ZTF20acplhku,ZTF20acplhku_alert_7.npy,SN Ia
ZTF20acplhku,ZTF20acplhku_alert_8.npy,SN Ia
ZTF20acplhku,ZTF20acplhku_alert_9.npy,SN Ia
ZTF20acpqbfu,ZTF20acpqbfu_alert_5.npy,SN II
ZTF20acpqbfu,ZTF20acpqbfu_alert_6.npy,SN II
ZTF20acpqbfu,ZTF20acpqbfu_alert_7.npy,SN II
ZTF20acpqbfu,ZTF20acpqbfu_alert_8.npy,SN II
ZTF20acpqbfu,ZTF20acpqbfu_alert_9.npy,SN II
ZTF20acprmuv,ZTF20acprmuv_alert_2.npy,SN IIn
ZTF20acprmuv,ZTF20acprmuv_alert_3.npy,SN IIn
ZTF20acqexmr,ZTF20acqexmr_alert_4.npy,SN II
ZTF20acqexmr,ZTF20acqexmr_alert_5.npy,SN II
ZTF20acqexmr,ZTF20acqexmr_alert_6.npy,SN II
ZTF20acqexmr,ZTF20acqexmr_alert_7.npy,SN II
ZTF20acqgklx,ZTF20acqgklx_alert_3.npy,SN IIn
ZTF20acqgklx,ZTF20acqgklx_alert_4.npy,SN IIn
ZTF20acqgklx,ZTF20acqgklx_alert_5.npy,SN IIn
ZTF20acqgklx,ZTF20acqgklx_alert_6.npy,SN IIn
ZTF20acqlfwb,ZTF20acqlfwb_alert_10.npy,SN Ia
ZTF20acqlfwb,ZTF20acqlfwb_alert_5.npy,SN Ia
ZTF20acqlfwb,ZTF20acqlfwb_alert_6.npy,SN Ia
ZTF20acqlfwb,ZTF20acqlfwb_alert_7.npy,SN Ia
ZTF20acqlfwb,ZTF20acqlfwb_alert_8.npy,SN Ia
ZTF20acqlfwb,ZTF20acqlfwb_alert_9.npy,SN Ia
ZTF20acqntkr,ZTF20acqntkr_alert_10.npy,SN Ia
ZTF20acqntkr,ZTF20acqntkr_alert_11.npy,SN Ia
ZTF20acqntkr,ZTF20acqntkr_alert_12.npy,SN Ia
ZTF20acqntkr,ZTF20acqntkr_alert_13.npy,SN Ia
ZTF20acqntkr,ZTF20acqntkr_alert_14.npy,SN Ia
ZTF20acqntkr,ZTF20acqntkr_alert_15.npy,SN Ia
ZTF20acqntkr,ZTF20acqntkr_alert_8.npy,SN Ia
ZTF20acqntkr,ZTF20acqntkr_alert_9.npy,SN Ia
ZTF20acqqdkl,ZTF20acqqdkl_alert_3.npy,SN II
ZTF20acqqdkl,ZTF20acqqdkl_alert_4.npy,SN II
ZTF20acqqdkl,ZTF20acqqdkl_alert_5.npy,SN II
ZTF20acqucpz,ZTF20acqucpz_alert_3.npy,Cataclysmic
ZTF20acqucpz,ZTF20acqucpz_alert_4.npy,Cataclysmic
ZTF20acqucpz,ZTF20acqucpz_alert_5.npy,Cataclysmic
ZTF20acqvwzb,ZTF20acqvwzb_alert_3.npy,SN II
ZTF20acqvwzb,ZTF20acqvwzb_alert_4.npy,SN II
ZTF20acqvwzb,ZTF20acqvwzb_alert_5.npy,SN II
ZTF20acqvwzb,ZTF20acqvwzb_alert_6.npy,SN II
ZTF20acqvwzm,ZTF20acqvwzm_alert_2.npy,SN Ib
ZTF20acqvwzm,ZTF20acqvwzm_alert_3.npy,SN Ib
ZTF20acqvwzm,ZTF20acqvwzm_alert_4.npy,SN Ib
ZTF20acrcewc,ZTF20acrcewc_alert_10.npy,SN Ia
ZTF20acrcewc,ZTF20acrcewc_alert_11.npy,SN Ia
ZTF20acrcewc,ZTF20acrcewc_alert_12.npy,SN Ia
ZTF20acrcewc,ZTF20acrcewc_alert_13.npy,SN Ia
ZTF20acrcewc,ZTF20acrcewc_alert_14.npy,SN Ia
ZTF20acrcewc,ZTF20acrcewc_alert_15.npy,SN Ia
ZTF20acrcewc,ZTF20acrcewc_alert_16.npy,SN Ia
ZTF20acrcewc,ZTF20acrcewc_alert_17.npy,SN Ia
ZTF20acrcewc,ZTF20acrcewc_alert_18.npy,SN Ia
ZTF20acrcewc,ZTF20acrcewc_alert_19.npy,SN Ia
ZTF20acrqeje,ZTF20acrqeje_alert_2.npy,SN Ia
ZTF20acrqeje,ZTF20acrqeje_alert_3.npy,SN Ia
ZTF20acrrssy,ZTF20acrrssy_alert_2.npy,SN II
ZTF20acrrssy,ZTF20acrrssy_alert_3.npy,SN II
ZTF20actawpa,ZTF20actawpa_alert_4.npy,SN II
ZTF20actawpa,ZTF20actawpa_alert_5.npy,SN II
ZTF20actawpa,ZTF20actawpa_alert_6.npy,SN II
ZTF20actawpa,ZTF20actawpa_alert_7.npy,SN II
ZTF20actekrw,ZTF20actekrw_alert_5.npy,SN Ic
ZTF20actekrw,ZTF20actekrw_alert_6.npy,SN Ic
ZTF20actekrw,ZTF20actekrw_alert_7.npy,SN Ic
ZTF20actekrw,ZTF20actekrw_alert_8.npy,SN Ic
ZTF20actekrw,ZTF20actekrw_alert_9.npy,SN Ic
ZTF20actkulc,ZTF20actkulc_alert_1.npy,SN IIn
ZTF20actkulc,ZTF20actkulc_alert_2.npy,SN IIn
ZTF20actnuls,ZTF20actnuls_alert_10.npy,SN II
ZTF20actnuls,ZTF20actnuls_alert_11.npy,SN II
ZTF20actnuls,ZTF20actnuls_alert_6.npy,SN II
ZTF20actnuls,ZTF20actnuls_alert_7.npy,SN II
ZTF20actnuls,ZTF20actnuls_alert_8.npy,SN II
ZTF20actnuls,ZTF20actnuls_alert_9.npy,SN II
ZTF20actnzzk,ZTF20actnzzk_alert_3.npy,SN II
ZTF20actnzzk,ZTF20actnzzk_alert_4.npy,SN II
ZTF20actnzzk,ZTF20actnzzk_alert_5.npy,SN II
ZTF20actpqgc,ZTF20actpqgc_alert_10.npy,SN Ic
ZTF20actpqgc,ZTF20actpqgc_alert_11.npy,SN Ic
ZTF20actpqgc,ZTF20actpqgc_alert_12.npy,SN Ic
ZTF20actpqgc,ZTF20actpqgc_alert_13.npy,SN Ic
ZTF20actpqgc,ZTF20actpqgc_alert_14.npy,SN Ic
ZTF20actpqgc,ZTF20actpqgc_alert_15.npy,SN Ic
ZTF20actpqgc,ZTF20actpqgc_alert_8.npy,SN Ic
ZTF20actpqgc,ZTF20actpqgc_alert_9.npy,SN Ic
ZTF20actquzl,ZTF20actquzl_alert_2.npy,SN II
ZTF20actquzl,ZTF20actquzl_alert_3.npy,SN II
ZTF20actskcf,ZTF20actskcf_alert_3.npy,SN Ia
ZTF20actskcf,ZTF20actskcf_alert_4.npy,SN Ia
ZTF20actskcf,ZTF20actskcf_alert_5.npy,SN Ia
ZTF20acudkao,ZTF20acudkao_alert_1.npy,SN Ia
ZTF20acudkao,ZTF20acudkao_alert_2.npy,SN Ia
ZTF20acuhgar,ZTF20acuhgar_alert_3.npy,SN II
ZTF20acuhgar,ZTF20acuhgar_alert_4.npy,SN II
ZTF20acuhgar,ZTF20acuhgar_alert_5.npy,SN II
ZTF20acuoxrx,ZTF20acuoxrx_alert_3.npy,SN Ia
ZTF20acuoxrx,ZTF20acuoxrx_alert_4.npy,SN Ia
ZTF20acuoxrx,ZTF20acuoxrx_alert_5.npy,SN Ia
ZTF20acusylb,ZTF20acusylb_alert_13.npy,SN IIn
ZTF20acusylb,ZTF20acusylb_alert_14.npy,SN IIn
ZTF20acusylb,ZTF20acusylb_alert_16.npy,SN IIn
ZTF20acusylb,ZTF20acusylb_alert_17.npy,SN IIn
ZTF20acusylb,ZTF20acusylb_alert_18.npy,SN IIn
ZTF20acusylb,ZTF20acusylb_alert_20.npy,SN IIn
ZTF20acusylb,ZTF20acusylb_alert_21.npy,SN IIn
ZTF20acusylb,ZTF20acusylb_alert_22.npy,SN IIn
ZTF20acusylb,ZTF20acusylb_alert_24.npy,SN IIn
ZTF20acusylb,ZTF20acusylb_alert_25.npy,SN IIn
ZTF20acveadu,ZTF20acveadu_alert_3.npy,SN II
ZTF20acveadu,ZTF20acveadu_alert_4.npy,SN II
ZTF20acveadu,ZTF20acveadu_alert_5.npy,SN II
ZTF20acvebcu,ZTF20acvebcu_alert_3.npy,SN Ib
ZTF20acvebcu,ZTF20acvebcu_alert_4.npy,SN Ib
ZTF20acvebcu,ZTF20acvebcu_alert_5.npy,SN Ib
ZTF20acvejem,ZTF20acvejem_alert_3.npy,SN Ia
ZTF20acvejem,ZTF20acvejem_alert_4.npy,SN Ia
ZTF20acvejem,ZTF20acvejem_alert_5.npy,SN Ia
ZTF20acvezdt,ZTF20acvezdt_alert_1.npy,SN II
ZTF20acvjagm,ZTF20acvjagm_alert_13.npy,SN II
ZTF20acvjagm,ZTF20acvjagm_alert_14.npy,SN II
ZTF20acvjagm,ZTF20acvjagm_alert_16.npy,SN II
ZTF20acvjagm,ZTF20acvjagm_alert_17.npy,SN II
ZTF20acvjagm,ZTF20acvjagm_alert_18.npy,SN II
ZTF20acvjagm,ZTF20acvjagm_alert_20.npy,SN II
ZTF20acvjagm,ZTF20acvjagm_alert_21.npy,SN II
ZTF20acvjagm,ZTF20acvjagm_alert_22.npy,SN II
ZTF20acvjagm,ZTF20acvjagm_alert_24.npy,SN II
ZTF20acvjagm,ZTF20acvjagm_alert_25.npy,SN II
ZTF20acvjlev,ZTF20acvjlev_alert_31.npy,SN II
ZTF20acvjlev,ZTF20acvjlev_alert_34.npy,SN II
ZTF20acvjlev,ZTF20acvjlev_alert_38.npy,SN II
ZTF20acvjlev,ZTF20acvjlev_alert_41.npy,SN II
ZTF20acvjlev,ZTF20acvjlev_alert_45.npy,SN II
ZTF20acvjlev,ZTF20acvjlev_alert_48.npy,SN II
ZTF20acvjlev,ZTF20acvjlev_alert_52.npy,SN II
ZTF20acvjlev,ZTF20acvjlev_alert_55.npy,SN II
ZTF20acvjlev,ZTF20acvjlev_alert_59.npy,SN II
ZTF20acvjlev,ZTF20acvjlev_alert_62.npy,SN II
ZTF20acwgxhk,ZTF20acwgxhk_alert_12.npy,SN II
ZTF20acwgxhk,ZTF20acwgxhk_alert_13.npy,SN II
ZTF20acwgxhk,ZTF20acwgxhk_alert_14.npy,SN II
ZTF20acwgxhk,ZTF20acwgxhk_alert_16.npy,SN II
ZTF20acwgxhk,ZTF20acwgxhk_alert_17.npy,SN II
ZTF20acwgxhk,ZTF20acwgxhk_alert_18.npy,SN II
ZTF20acwgxhk,ZTF20acwgxhk_alert_19.npy,SN II
ZTF20acwgxhk,ZTF20acwgxhk_alert_21.npy,SN II
ZTF20acwgxhk,ZTF20acwgxhk_alert_22.npy,SN II
ZTF20acwgxhk,ZTF20acwgxhk_alert_23.npy,SN II
ZTF20acwofhd,ZTF20acwofhd_alert_10.npy,SN Ic
ZTF20acwofhd,ZTF20acwofhd_alert_11.npy,SN Ic
ZTF20acwofhd,ZTF20acwofhd_alert_12.npy,SN Ic
ZTF20acwofhd,ZTF20acwofhd_alert_13.npy,SN Ic
ZTF20acwofhd,ZTF20acwofhd_alert_14.npy,SN Ic
ZTF20acwofhd,ZTF20acwofhd_alert_15.npy,SN Ic
ZTF20acwofhd,ZTF20acwofhd_alert_16.npy,SN Ic
ZTF20acwofhd,ZTF20acwofhd_alert_17.npy,SN Ic
ZTF20acwofhd,ZTF20acwofhd_alert_9.npy,SN Ic
ZTF20acwpaov,ZTF20acwpaov_alert_4.npy,SN Ia
ZTF20acwpaov,ZTF20acwpaov_alert_5.npy,SN Ia
ZTF20acwpaov,ZTF20acwpaov_alert_6.npy,SN Ia
ZTF20acwpaov,ZTF20acwpaov_alert_7.npy,SN Ia
ZTF20acwpaov,ZTF20acwpaov_alert_8.npy,SN Ia
ZTF20acwphqb,ZTF20acwphqb_alert_10.npy,SN Ia
ZTF20acwphqb,ZTF20acwphqb_alert_11.npy,SN Ia
ZTF20acwphqb,ZTF20acwphqb_alert_12.npy,SN Ia
ZTF20acwphqb,ZTF20acwphqb_alert_6.npy,SN Ia
ZTF20acwphqb,ZTF20acwphqb_alert_7.npy,SN Ia
ZTF20acwphqb,ZTF20acwphqb_alert_8.npy,SN Ia
ZTF20acwphqb,ZTF20acwphqb_alert_9.npy,SN Ia
ZTF20acwqqjs,ZTF20acwqqjs_alert_3.npy,SN IIb
ZTF20acwqqjs,ZTF20acwqqjs_alert_4.npy,SN IIb
ZTF20acwqqjs,ZTF20acwqqjs_alert_5.npy,SN IIb
ZTF20acwqqjs,ZTF20acwqqjs_alert_6.npy,SN IIb
ZTF20acwyoqx,ZTF20acwyoqx_alert_3.npy,AGN
ZTF20acwyoqx,ZTF20acwyoqx_alert_4.npy,AGN
ZTF20acwyoqx,ZTF20acwyoqx_alert_5.npy,AGN
ZTF20acwytht,ZTF20acwytht_alert_10.npy,SN IIP
ZTF20acwytht,ZTF20acwytht_alert_11.npy,SN IIP
ZTF20acwytht,ZTF20acwytht_alert_12.npy,SN IIP
ZTF20acwytht,ZTF20acwytht_alert_13.npy,SN IIP
ZTF20acwytht,ZTF20acwytht_alert_14.npy,SN IIP
ZTF20acwytht,ZTF20acwytht_alert_16.npy,SN IIP
ZTF20acwytht,ZTF20acwytht_alert_17.npy,SN IIP
ZTF20acwytht,ZTF20acwytht_alert_18.npy,SN IIP
ZTF20acwytht,ZTF20acwytht_alert_19.npy,SN IIP
ZTF20acwytht,ZTF20acwytht_alert_20.npy,SN IIP
ZTF20acwytxn,ZTF20acwytxn_alert_10.npy,Tidal Disruption Event
ZTF20acwytxn,ZTF20acwytxn_alert_11.npy,Tidal Disruption Event
ZTF20acwytxn,ZTF20acwytxn_alert_12.npy,Tidal Disruption Event
ZTF20acwytxn,ZTF20acwytxn_alert_13.npy,Tidal Disruption Event
ZTF20acwytxn,ZTF20acwytxn_alert_14.npy,Tidal Disruption Event
ZTF20acwytxn,ZTF20acwytxn_alert_15.npy,Tidal Disruption Event
ZTF20acwytxn,ZTF20acwytxn_alert_8.npy,Tidal Disruption Event
ZTF20acwytxn,ZTF20acwytxn_alert_9.npy,Tidal Disruption Event
ZTF20acxbbaj,ZTF20acxbbaj_alert_10.npy,SN Ia
ZTF20acxbbaj,ZTF20acxbbaj_alert_5.npy,SN Ia
ZTF20acxbbaj,ZTF20acxbbaj_alert_6.npy,SN Ia
ZTF20acxbbaj,ZTF20acxbbaj_alert_7.npy,SN Ia
ZTF20acxbbaj,ZTF20acxbbaj_alert_8.npy,SN Ia
ZTF20acxbbaj,ZTF20acxbbaj_alert_9.npy,SN Ia
ZTF20acxkfrm,ZTF20acxkfrm_alert_2.npy,SN II
ZTF20acxkfrm,ZTF20acxkfrm_alert_3.npy,SN II
ZTF20acxmxtu,ZTF20acxmxtu_alert_1.npy,SN IIn
ZTF20acynllu,ZTF20acynllu_alert_2.npy,SN Ia
ZTF20acynllu,ZTF20acynllu_alert_3.npy,SN Ia
ZTF20acynllu,ZTF20acynllu_alert_4.npy,SN Ia
ZTF20acyqzeu,ZTF20acyqzeu_alert_3.npy,SN II
ZTF20acyqzeu,ZTF20acyqzeu_alert_4.npy,SN II
ZTF20acyqzeu,ZTF20acyqzeu_alert_5.npy,SN II
ZTF20acytgxf,ZTF20acytgxf_alert_2.npy,SN II
ZTF20acytgxf,ZTF20acytgxf_alert_3.npy,SN II
ZTF20acyvbhj,ZTF20acyvbhj_alert_10.npy,SN Ia
ZTF20acyvbhj,ZTF20acyvbhj_alert_11.npy,SN Ia
ZTF20acyvbhj,ZTF20acyvbhj_alert_12.npy,SN Ia
ZTF20acyvbhj,ZTF20acyvbhj_alert_13.npy,SN Ia
ZTF20acyvbhj,ZTF20acyvbhj_alert_14.npy,SN Ia
ZTF20acyvbhj,ZTF20acyvbhj_alert_7.npy,SN Ia
ZTF20acyvbhj,ZTF20acyvbhj_alert_8.npy,SN Ia
ZTF20acyvbhj,ZTF20acyvbhj_alert_9.npy,SN Ia
ZTF20aczgvfe,ZTF20aczgvfe_alert_5.npy,SN II
ZTF20aczgvfe,ZTF20aczgvfe_alert_6.npy,SN II
ZTF20aczgvfe,ZTF20aczgvfe_alert_7.npy,SN II
ZTF20aczgvfe,ZTF20aczgvfe_alert_8.npy,SN II
ZTF20aczgvfe,ZTF20aczgvfe_alert_9.npy,SN II
ZTF20adadlqm,ZTF20adadlqm_alert_4.npy,SN II
ZTF20adadlqm,ZTF20adadlqm_alert_5.npy,SN II
ZTF20adadlqm,ZTF20adadlqm_alert_6.npy,SN II
ZTF20adadlqm,ZTF20adadlqm_alert_7.npy,SN II
ZTF20adadlqv,ZTF20adadlqv_alert_10.npy,SN II
ZTF20adadlqv,ZTF20adadlqv_alert_11.npy,SN II
ZTF20adadlqv,ZTF20adadlqv_alert_12.npy,SN II
ZTF20adadlqv,ZTF20adadlqv_alert_13.npy,SN II
ZTF20adadlqv,ZTF20adadlqv_alert_7.npy,SN II
ZTF20adadlqv,ZTF20adadlqv_alert_8.npy,SN II
ZTF20adadlqv,ZTF20adadlqv_alert_9.npy,SN II
ZTF20adaduxg,ZTF20adaduxg_alert_14.npy,SN II
ZTF20adaduxg,ZTF20adaduxg_alert_15.npy,SN II
ZTF20adaduxg,ZTF20adaduxg_alert_17.npy,SN II
ZTF20adaduxg,ZTF20adaduxg_alert_18.npy,SN II
ZTF20adaduxg,ZTF20adaduxg_alert_20.npy,SN II
ZTF20adaduxg,ZTF20adaduxg_alert_21.npy,SN II
ZTF20adaduxg,ZTF20adaduxg_alert_23.npy,SN II
ZTF20adaduxg,ZTF20adaduxg_alert_24.npy,SN II
ZTF20adaduxg,ZTF20adaduxg_alert_26.npy,SN II
ZTF20adaduxg,ZTF20adaduxg_alert_27.npy,SN II
ZTF21aaabtyq,ZTF21aaabtyq_alert_10.npy,SN Ia
ZTF21aaabtyq,ZTF21aaabtyq_alert_11.npy,SN Ia
ZTF21aaabtyq,ZTF21aaabtyq_alert_6.npy,SN Ia
ZTF21aaabtyq,ZTF21aaabtyq_alert_7.npy,SN Ia
ZTF21aaabtyq,ZTF21aaabtyq_alert_8.npy,SN Ia
ZTF21aaabtyq,ZTF21aaabtyq_alert_9.npy,SN Ia
ZTF21aaabwfu,ZTF21aaabwfu_alert_10.npy,SN IIb
ZTF21aaabwfu,ZTF21aaabwfu_alert_11.npy,SN IIb
ZTF21aaabwfu,ZTF21aaabwfu_alert_12.npy,SN IIb
ZTF21aaabwfu,ZTF21aaabwfu_alert_13.npy,SN IIb
ZTF21aaabwfu,ZTF21aaabwfu_alert_7.npy,SN IIb
ZTF21aaabwfu,ZTF21aaabwfu_alert_8.npy,SN IIb
ZTF21aaabwfu,ZTF21aaabwfu_alert_9.npy,SN IIb
ZTF21aaabwzx,ZTF21aaabwzx_alert_10.npy,SN Ia
ZTF21aaabwzx,ZTF21aaabwzx_alert_11.npy,SN Ia
ZTF21aaabwzx,ZTF21aaabwzx_alert_12.npy,SN Ia
ZTF21aaabwzx,ZTF21aaabwzx_alert_13.npy,SN Ia
ZTF21aaabwzx,ZTF21aaabwzx_alert_14.npy,SN Ia
ZTF21aaabwzx,ZTF21aaabwzx_alert_15.npy,SN Ia
ZTF21aaabwzx,ZTF21aaabwzx_alert_8.npy,SN Ia
ZTF21aaabwzx,ZTF21aaabwzx_alert_9.npy,SN Ia
ZTF21aaabxbd,ZTF21aaabxbd_alert_10.npy,SN IIn
ZTF21aaabxbd,ZTF21aaabxbd_alert_11.npy,SN IIn
ZTF21aaabxbd,ZTF21aaabxbd_alert_12.npy,SN IIn
ZTF21aaabxbd,ZTF21aaabxbd_alert_13.npy,SN IIn
ZTF21aaabxbd,ZTF21aaabxbd_alert_7.npy,SN IIn
ZTF21aaabxbd,ZTF21aaabxbd_alert_8.npy,SN IIn
ZTF21aaabxbd,ZTF21aaabxbd_alert_9.npy,SN IIn
ZTF21aaaosoq,ZTF21aaaosoq_alert_10.npy,SN Ic
ZTF21aaaosoq,ZTF21aaaosoq_alert_11.npy,SN Ic
ZTF21aaaosoq,ZTF21aaaosoq_alert_6.npy,SN Ic
ZTF21aaaosoq,ZTF21aaaosoq_alert_7.npy,SN Ic
ZTF21aaaosoq,ZTF21aaaosoq_alert_8.npy,SN Ic
ZTF21aaaosoq,ZTF21aaaosoq_alert_9.npy,SN Ic
ZTF21aaaubig,ZTF21aaaubig_alert_4.npy,SN Ic
ZTF21aaaubig,ZTF21aaaubig_alert_5.npy,SN Ic
ZTF21aaaubig,ZTF21aaaubig_alert_6.npy,SN Ic
ZTF21aaaubig,ZTF21aaaubig_alert_7.npy,SN Ic
ZTF21aaaubig,ZTF21aaaubig_alert_8.npy,SN Ic
ZTF21aaazieb,ZTF21aaazieb_alert_4.npy,SN Ia
ZTF21aaazieb,ZTF21aaazieb_alert_5.npy,SN Ia
ZTF21aaazieb,ZTF21aaazieb_alert_6.npy,SN Ia
ZTF21aaazieb,ZTF21aaazieb_alert_7.npy,SN Ia
ZTF21aaazieb,ZTF21aaazieb_alert_8.npy,SN Ia
ZTF21aabjesm,ZTF21aabjesm_alert_10.npy,SN II
ZTF21aabjesm,ZTF21aabjesm_alert_11.npy,SN II
ZTF21aabjesm,ZTF21aabjesm_alert_6.npy,SN II
ZTF21aabjesm,ZTF21aabjesm_alert_7.npy,SN II
ZTF21aabjesm,ZTF21aabjesm_alert_8.npy,SN II
ZTF21aabjesm,ZTF21aabjesm_alert_9.npy,SN II
ZTF21aabxztv,ZTF21aabxztv_alert_5.npy,SN Ia
ZTF21aabxztv,ZTF21aabxztv_alert_6.npy,SN Ia
ZTF21aabxztv,ZTF21aabxztv_alert_7.npy,SN Ia
ZTF21aabxztv,ZTF21aabxztv_alert_8.npy,SN Ia
ZTF21aabxztv,ZTF21aabxztv_alert_9.npy,SN Ia
ZTF21aacscvb,ZTF21aacscvb_alert_10.npy,SN Ia
ZTF21aacscvb,ZTF21aacscvb_alert_11.npy,SN Ia
ZTF21aacscvb,ZTF21aacscvb_alert_12.npy,SN Ia
ZTF21aacscvb,ZTF21aacscvb_alert_13.npy,SN Ia
ZTF21aacscvb,ZTF21aacscvb_alert_14.npy,SN Ia
ZTF21aacscvb,ZTF21aacscvb_alert_15.npy,SN Ia
ZTF21aacscvb,ZTF21aacscvb_alert_16.npy,SN Ia
ZTF21aacscvb,ZTF21aacscvb_alert_17.npy,SN Ia
ZTF21aacscvb,ZTF21aacscvb_alert_18.npy,SN Ia
ZTF21aacscvb,ZTF21aacscvb_alert_9.npy,SN Ia
ZTF21aacwleg,ZTF21aacwleg_alert_10.npy,SN II
ZTF21aacwleg,ZTF21aacwleg_alert_11.npy,SN II
ZTF21aacwleg,ZTF21aacwleg_alert_12.npy,SN II
ZTF21aacwleg,ZTF21aacwleg_alert_13.npy,SN II
ZTF21aacwleg,ZTF21aacwleg_alert_14.npy,SN II
ZTF21aacwleg,ZTF21aacwleg_alert_16.npy,SN II
ZTF21aacwleg,ZTF21aacwleg_alert_17.npy,SN II
ZTF21aacwleg,ZTF21aacwleg_alert_18.npy,SN II
ZTF21aacwleg,ZTF21aacwleg_alert_19.npy,SN II
ZTF21aacwleg,ZTF21aacwleg_alert_20.npy,SN II
ZTF21aadoizf,ZTF21aadoizf_alert_4.npy,SN II
ZTF21aadoizf,ZTF21aadoizf_alert_5.npy,SN II
ZTF21aadoizf,ZTF21aadoizf_alert_6.npy,SN II
ZTF21aadoizf,ZTF21aadoizf_alert_7.npy,SN II
ZTF21aadoizf,ZTF21aadoizf_alert_8.npy,SN II
ZTF21aaeeuqz,ZTF21aaeeuqz_alert_10.npy,Cataclysmic
ZTF21aaeeuqz,ZTF21aaeeuqz_alert_11.npy,Cataclysmic
ZTF21aaeeuqz,ZTF21aaeeuqz_alert_12.npy,Cataclysmic
ZTF21aaeeuqz,ZTF21aaeeuqz_alert_13.npy,Cataclysmic
ZTF21aaeeuqz,ZTF21aaeeuqz_alert_14.npy,Cataclysmic
ZTF21aaeeuqz,ZTF21aaeeuqz_alert_15.npy,Cataclysmic
ZTF21aaeeuqz,ZTF21aaeeuqz_alert_16.npy,Cataclysmic
ZTF21aaeeuqz,ZTF21aaeeuqz_alert_17.npy,Cataclysmic
ZTF21aaeeuqz,ZTF21aaeeuqz_alert_9.npy,Cataclysmic
ZTF21aafdvxz,ZTF21aafdvxz_alert_2.npy,SN II
ZTF21aafdvxz,ZTF21aafdvxz_alert_3.npy,SN II
ZTF21aafdvxz,ZTF21aafdvxz_alert_4.npy,SN II
ZTF21aafdxca,ZTF21aafdxca_alert_10.npy,SN Ia
ZTF21aafdxca,ZTF21aafdxca_alert_11.npy,SN Ia
ZTF21aafdxca,ZTF21aafdxca_alert_12.npy,SN Ia
ZTF21aafdxca,ZTF21aafdxca_alert_13.npy,SN Ia
ZTF21aafdxca,ZTF21aafdxca_alert_14.npy,SN Ia
ZTF21aafdxca,ZTF21aafdxca_alert_7.npy,SN Ia
ZTF21aafdxca,ZTF21aafdxca_alert_8.npy,SN Ia
ZTF21aafdxca,ZTF21aafdxca_alert_9.npy,SN Ia
ZTF21aagnqnz,ZTF21aagnqnz_alert_10.npy,SN IIn
ZTF21aagnqnz,ZTF21aagnqnz_alert_11.npy,SN IIn
ZTF21aagnqnz,ZTF21aagnqnz_alert_12.npy,SN IIn
ZTF21aagnqnz,ZTF21aagnqnz_alert_13.npy,SN IIn
ZTF21aagnqnz,ZTF21aagnqnz_alert_14.npy,SN IIn
ZTF21aagnqnz,ZTF21aagnqnz_alert_15.npy,SN IIn
ZTF21aagnqnz,ZTF21aagnqnz_alert_16.npy,SN IIn
ZTF21aagnqnz,ZTF21aagnqnz_alert_17.npy,SN IIn
ZTF21aagnqnz,ZTF21aagnqnz_alert_18.npy,SN IIn
ZTF21aagnqnz,ZTF21aagnqnz_alert_19.npy,SN IIn
ZTF21aagoeny,ZTF21aagoeny_alert_10.npy,SN Ia
ZTF21aagoeny,ZTF21aagoeny_alert_11.npy,SN Ia
ZTF21aagoeny,ZTF21aagoeny_alert_12.npy,SN Ia
ZTF21aagoeny,ZTF21aagoeny_alert_13.npy,SN Ia
ZTF21aagoeny,ZTF21aagoeny_alert_14.npy,SN Ia
ZTF21aagoeny,ZTF21aagoeny_alert_15.npy,SN Ia
ZTF21aagoeny,ZTF21aagoeny_alert_16.npy,SN Ia
ZTF21aagoeny,ZTF21aagoeny_alert_8.npy,SN Ia
ZTF21aagoeny,ZTF21aagoeny_alert_9.npy,SN Ia
ZTF21aagofpx,ZTF21aagofpx_alert_10.npy,SN Ia
ZTF21aagofpx,ZTF21aagofpx_alert_11.npy,SN Ia
ZTF21aagofpx,ZTF21aagofpx_alert_12.npy,SN Ia
ZTF21aagofpx,ZTF21aagofpx_alert_13.npy,SN Ia
ZTF21aagofpx,ZTF21aagofpx_alert_7.npy,SN Ia
ZTF21aagofpx,ZTF21aagofpx_alert_8.npy,SN Ia
ZTF21aagofpx,ZTF21aagofpx_alert_9.npy,SN Ia
ZTF21aagoliy,ZTF21aagoliy_alert_14.npy,SN Ia
ZTF21aagoliy,ZTF21aagoliy_alert_16.npy,SN Ia
ZTF21aagoliy,ZTF21aagoliy_alert_17.npy,SN Ia
ZTF21aagoliy,ZTF21aagoliy_alert_19.npy,SN Ia
ZTF21aagoliy,ZTF21aagoliy_alert_20.npy,SN Ia
ZTF21aagoliy,ZTF21aagoliy_alert_22.npy,SN Ia
ZTF21aagoliy,ZTF21aagoliy_alert_23.npy,SN Ia
ZTF21aagoliy,ZTF21aagoliy_alert_25.npy,SN Ia
ZTF21aagoliy,ZTF21aagoliy_alert_26.npy,SN Ia
ZTF21aagoliy,ZTF21aagoliy_alert_28.npy,SN Ia
ZTF21aagqbvp,ZTF21aagqbvp_alert_12.npy,SN II
ZTF21aagqbvp,ZTF21aagqbvp_alert_13.npy,SN II
ZTF21aagqbvp,ZTF21aagqbvp_alert_14.npy,SN II
ZTF21aagqbvp,ZTF21aagqbvp_alert_16.npy,SN II
ZTF21aagqbvp,ZTF21aagqbvp_alert_17.npy,SN II
ZTF21aagqbvp,ZTF21aagqbvp_alert_18.npy,SN II
ZTF21aagqbvp,ZTF21aagqbvp_alert_19.npy,SN II
ZTF21aagqbvp,ZTF21aagqbvp_alert_21.npy,SN II
ZTF21aagqbvp,ZTF21aagqbvp_alert_22.npy,SN II
ZTF21aagqbvp,ZTF21aagqbvp_alert_23.npy,SN II
ZTF21aagqcfs,ZTF21aagqcfs_alert_10.npy,SN Ia
ZTF21aagqcfs,ZTF21aagqcfs_alert_11.npy,SN Ia
ZTF21aagqcfs,ZTF21aagqcfs_alert_12.npy,SN Ia
ZTF21aagqcfs,ZTF21aagqcfs_alert_13.npy,SN Ia
ZTF21aagqcfs,ZTF21aagqcfs_alert_14.npy,SN Ia
ZTF21aagqcfs,ZTF21aagqcfs_alert_7.npy,SN Ia
ZTF21aagqcfs,ZTF21aagqcfs_alert_8.npy,SN Ia
ZTF21aagqcfs,ZTF21aagqcfs_alert_9.npy,SN Ia
ZTF21aagtqna,ZTF21aagtqna_alert_3.npy,SN II
ZTF21aagtqna,ZTF21aagtqna_alert_4.npy,SN II
ZTF21aagtqna,ZTF21aagtqna_alert_5.npy,SN II
ZTF21aagtqpn,ZTF21aagtqpn_alert_2.npy,SN II
ZTF21aagtqpn,ZTF21aagtqpn_alert_3.npy,SN II
ZTF21aagtqpn,ZTF21aagtqpn_alert_4.npy,SN II
ZTF21aagyrvh,ZTF21aagyrvh_alert_10.npy,SN Ia
ZTF21aagyrvh,ZTF21aagyrvh_alert_5.npy,SN Ia
ZTF21aagyrvh,ZTF21aagyrvh_alert_6.npy,SN Ia
ZTF21aagyrvh,ZTF21aagyrvh_alert_7.npy,SN Ia
ZTF21aagyrvh,ZTF21aagyrvh_alert_8.npy,SN Ia
ZTF21aagyrvh,ZTF21aagyrvh_alert_9.npy,SN Ia
ZTF21aahdqrg,ZTF21aahdqrg_alert_4.npy,SN Ic
ZTF21aahdqrg,ZTF21aahdqrg_alert_5.npy,SN Ic
ZTF21aahdqrg,ZTF21aahdqrg_alert_6.npy,SN Ic
ZTF21aahdqrg,ZTF21aahdqrg_alert_7.npy,SN Ic
ZTF21aahdqrg,ZTF21aahdqrg_alert_8.npy,SN Ic
ZTF21aahgspm,ZTF21aahgspm_alert_10.npy,SN II
ZTF21aahgspm,ZTF21aahgspm_alert_11.npy,SN II
ZTF21aahgspm,ZTF21aahgspm_alert_12.npy,SN II
ZTF21aahgspm,ZTF21aahgspm_alert_13.npy,SN II
ZTF21aahgspm,ZTF21aahgspm_alert_14.npy,SN II
ZTF21aahgspm,ZTF21aahgspm_alert_15.npy,SN II
ZTF21aahgspm,ZTF21aahgspm_alert_16.npy,SN II
ZTF21aahgspm,ZTF21aahgspm_alert_17.npy,SN II
ZTF21aahgspm,ZTF21aahgspm_alert_18.npy,SN II
ZTF21aahgspm,ZTF21aahgspm_alert_9.npy,SN II
ZTF21aahvuvi,ZTF21aahvuvi_alert_10.npy,SN Ia
ZTF21aahvuvi,ZTF21aahvuvi_alert_11.npy,SN Ia
ZTF21aahvuvi,ZTF21aahvuvi_alert_12.npy,SN Ia
ZTF21aahvuvi,ZTF21aahvuvi_alert_13.npy,SN Ia
ZTF21aahvuvi,ZTF21aahvuvi_alert_14.npy,SN Ia
ZTF21aahvuvi,ZTF21aahvuvi_alert_15.npy,SN Ia
ZTF21aahvuvi,ZTF21aahvuvi_alert_16.npy,SN Ia
ZTF21aahvuvi,ZTF21aahvuvi_alert_17.npy,SN Ia
ZTF21aahvuvi,ZTF21aahvuvi_alert_9.npy,SN Ia
ZTF21aaipypa,ZTF21aaipypa_alert_4.npy,SN II
ZTF21aaipypa,ZTF21aaipypa_alert_5.npy,SN II
ZTF21aaipypa,ZTF21aaipypa_alert_6.npy,SN II
ZTF21aaipypa,ZTF21aaipypa_alert_7.npy,SN II
ZTF21aaizyqc,ZTF21aaizyqc_alert_17.npy,SN II
ZTF21aaizyqc,ZTF21aaizyqc_alert_19.npy,SN II
ZTF21aaizyqc,ZTF21aaizyqc_alert_21.npy,SN II
ZTF21aaizyqc,ZTF21aaizyqc_alert_22.npy,SN II
ZTF21aaizyqc,ZTF21aaizyqc_alert_24.npy,SN II
ZTF21aaizyqc,ZTF21aaizyqc_alert_26.npy,SN II
ZTF21aaizyqc,ZTF21aaizyqc_alert_28.npy,SN II
ZTF21aaizyqc,ZTF21aaizyqc_alert_29.npy,SN II
ZTF21aaizyqc,ZTF21aaizyqc_alert_31.npy,SN II
ZTF21aaizyqc,ZTF21aaizyqc_alert_33.npy,SN II
ZTF21aajgdeu,ZTF21aajgdeu_alert_3.npy,SN IIP
ZTF21aajgdeu,ZTF21aajgdeu_alert_4.npy,SN IIP
ZTF21aajgdeu,ZTF21aajgdeu_alert_5.npy,SN IIP
ZTF21aakupth,ZTF21aakupth_alert_10.npy,SN IIn
ZTF21aakupth,ZTF21aakupth_alert_11.npy,SN IIn
ZTF21aakupth,ZTF21aakupth_alert_12.npy,SN IIn
ZTF21aakupth,ZTF21aakupth_alert_13.npy,SN IIn
ZTF21aakupth,ZTF21aakupth_alert_14.npy,SN IIn
ZTF21aakupth,ZTF21aakupth_alert_15.npy,SN IIn
ZTF21aakupth,ZTF21aakupth_alert_16.npy,SN IIn
ZTF21aakupth,ZTF21aakupth_alert_8.npy,SN IIn
ZTF21aakupth,ZTF21aakupth_alert_9.npy,SN IIn
ZTF21aakvhtz,ZTF21aakvhtz_alert_1.npy,SN Ia
ZTF21aakvhtz,ZTF21aakvhtz_alert_2.npy,SN Ia
ZTF21aakymbv,ZTF21aakymbv_alert_4.npy,SN Ic
ZTF21aakymbv,ZTF21aakymbv_alert_5.npy,SN Ic
ZTF21aakymbv,ZTF21aakymbv_alert_6.npy,SN Ic
ZTF21aakymbv,ZTF21aakymbv_alert_7.npy,SN Ic
ZTF21aakymbv,ZTF21aakymbv_alert_8.npy,SN Ic
ZTF21aalimya,ZTF21aalimya_alert_5.npy,SN IIb
ZTF21aalimya,ZTF21aalimya_alert_6.npy,SN IIb
ZTF21aalimya,ZTF21aalimya_alert_7.npy,SN IIb
ZTF21aalimya,ZTF21aalimya_alert_8.npy,SN IIb
ZTF21aalimya,ZTF21aalimya_alert_9.npy,SN IIb
ZTF21aaluqkp,ZTF21aaluqkp_alert_3.npy,SN II
ZTF21aaluqkp,ZTF21aaluqkp_alert_4.npy,SN II
ZTF21aaluqkp,ZTF21aaluqkp_alert_5.npy,SN II
ZTF21aamgrtx,ZTF21aamgrtx_alert_10.npy,SN Ia
ZTF21aamgrtx,ZTF21aamgrtx_alert_11.npy,SN Ia
ZTF21aamgrtx,ZTF21aamgrtx_alert_12.npy,SN Ia
ZTF21aamgrtx,ZTF21aamgrtx_alert_13.npy,SN Ia
ZTF21aamgrtx,ZTF21aamgrtx_alert_14.npy,SN Ia
ZTF21aamgrtx,ZTF21aamgrtx_alert_15.npy,SN Ia
ZTF21aamgrtx,ZTF21aamgrtx_alert_8.npy,SN Ia
ZTF21aamgrtx,ZTF21aamgrtx_alert_9.npy,SN Ia
ZTF21aamqgid,ZTF21aamqgid_alert_2.npy,SN II
ZTF21aamttit,ZTF21aamttit_alert_10.npy,SN Ia
ZTF21aamttit,ZTF21aamttit_alert_11.npy,SN Ia
ZTF21aamttit,ZTF21aamttit_alert_12.npy,SN Ia
ZTF21aamttit,ZTF21aamttit_alert_13.npy,SN Ia
ZTF21aamttit,ZTF21aamttit_alert_14.npy,SN Ia
ZTF21aamttit,ZTF21aamttit_alert_15.npy,SN Ia
ZTF21aamttit,ZTF21aamttit_alert_16.npy,SN Ia
ZTF21aamttit,ZTF21aamttit_alert_17.npy,SN Ia
ZTF21aamttit,ZTF21aamttit_alert_9.npy,SN Ia
ZTF21aamwqim,ZTF21aamwqim_alert_2.npy,SN II
ZTF21aamwqim,ZTF21aamwqim_alert_3.npy,SN II
ZTF21aanfuuk,ZTF21aanfuuk_alert_3.npy,SN II
ZTF21aanfuuk,ZTF21aanfuuk_alert_4.npy,SN II
ZTF21aanfuuk,ZTF21aanfuuk_alert_5.npy,SN II
ZTF21aanfuuk,ZTF21aanfuuk_alert_6.npy,SN II
ZTF21aannoix,ZTF21aannoix_alert_2.npy,SN Ic
ZTF21aannoix,ZTF21aannoix_alert_3.npy,SN Ic
ZTF21aannoix,ZTF21aannoix_alert_4.npy,SN Ic
ZTF21aanplys,ZTF21aanplys_alert_3.npy,SN II
ZTF21aanplys,ZTF21aanplys_alert_4.npy,SN II
ZTF21aanplys,ZTF21aanplys_alert_5.npy,SN II
ZTF21aanplys,ZTF21aanplys_alert_6.npy,SN II
ZTF21aanrhag,ZTF21aanrhag_alert_14.npy,SN IIb
ZTF21aanrhag,ZTF21aanrhag_alert_15.npy,SN IIb
ZTF21aanrhag,ZTF21aanrhag_alert_17.npy,SN IIb
ZTF21aanrhag,ZTF21aanrhag_alert_18.npy,SN IIb
ZTF21aanrhag,ZTF21aanrhag_alert_20.npy,SN IIb
ZTF21aanrhag,ZTF21aanrhag_alert_21.npy,SN IIb
ZTF21aanrhag,ZTF21aanrhag_alert_23.npy,SN IIb
ZTF21aanrhag,ZTF21aanrhag_alert_24.npy,SN IIb
ZTF21aanrhag,ZTF21aanrhag_alert_26.npy,SN IIb
ZTF21aanrhag,ZTF21aanrhag_alert_27.npy,SN IIb
ZTF21aantsla,ZTF21aantsla_alert_18.npy,SN II
ZTF21aantsla,ZTF21aantsla_alert_20.npy,SN II
ZTF21aantsla,ZTF21aantsla_alert_22.npy,SN II
ZTF21aantsla,ZTF21aantsla_alert_24.npy,SN II
ZTF21aantsla,ZTF21aantsla_alert_26.npy,SN II
ZTF21aantsla,ZTF21aantsla_alert_27.npy,SN II
ZTF21aantsla,ZTF21aantsla_alert_29.npy,SN II
ZTF21aantsla,ZTF21aantsla_alert_31.npy,SN II
ZTF21aantsla,ZTF21aantsla_alert_33.npy,SN II
ZTF21aantsla,ZTF21aantsla_alert_35.npy,SN II
ZTF21aanvncv,ZTF21aanvncv_alert_10.npy,SN Ib
ZTF21aanvncv,ZTF21aanvncv_alert_11.npy,SN Ib
ZTF21aanvncv,ZTF21aanvncv_alert_12.npy,SN Ib
ZTF21aanvncv,ZTF21aanvncv_alert_13.npy,SN Ib
ZTF21aanvncv,ZTF21aanvncv_alert_14.npy,SN Ib
ZTF21aanvncv,ZTF21aanvncv_alert_7.npy,SN Ib
ZTF21aanvncv,ZTF21aanvncv_alert_8.npy,SN Ib
ZTF21aanvncv,ZTF21aanvncv_alert_9.npy,SN Ib
ZTF21aanxhjv,ZTF21aanxhjv_alert_1.npy,Tidal Disruption Event
ZTF21aanxhjv,ZTF21aanxhjv_alert_2.npy,Tidal Disruption Event
ZTF21aanzcuj,ZTF21aanzcuj_alert_5.npy,SN II
ZTF21aanzcuj,ZTF21aanzcuj_alert_6.npy,SN II
ZTF21aanzcuj,ZTF21aanzcuj_alert_7.npy,SN II
ZTF21aanzcuj,ZTF21aanzcuj_alert_8.npy,SN II
ZTF21aanzcuj,ZTF21aanzcuj_alert_9.npy,SN II
ZTF21aaoiaar,ZTF21aaoiaar_alert_2.npy,SN IIb
ZTF21aaoiaar,ZTF21aaoiaar_alert_3.npy,SN IIb
ZTF21aaokvio,ZTF21aaokvio_alert_1.npy,SN IIn
ZTF21aaowaxx,ZTF21aaowaxx_alert_3.npy,SN IIn
ZTF21aaowaxx,ZTF21aaowaxx_alert_4.npy,SN IIn
ZTF21aaowaxx,ZTF21aaowaxx_alert_5.npy,SN IIn
ZTF21aaowaxx,ZTF21aaowaxx_alert_6.npy,SN IIn
ZTF21aapdxxs,ZTF21aapdxxs_alert_3.npy,SN II
ZTF21aapdxxs,ZTF21aapdxxs_alert_4.npy,SN II
ZTF21aapdxxs,ZTF21aapdxxs_alert_5.npy,SN II
ZTF21aapegtd,ZTF21aapegtd_alert_10.npy,SN II
ZTF21aapegtd,ZTF21aapegtd_alert_11.npy,SN II
ZTF21aapegtd,ZTF21aapegtd_alert_12.npy,SN II
ZTF21aapegtd,ZTF21aapegtd_alert_13.npy,SN II
ZTF21aapegtd,ZTF21aapegtd_alert_14.npy,SN II
ZTF21aapegtd,ZTF21aapegtd_alert_15.npy,SN II
ZTF21aapegtd,ZTF21aapegtd_alert_16.npy,SN II
ZTF21aapegtd,ZTF21aapegtd_alert_17.npy,SN II
ZTF21aapegtd,ZTF21aapegtd_alert_18.npy,SN II
ZTF21aapegtd,ZTF21aapegtd_alert_9.npy,SN II
ZTF21aapfdqw,ZTF21aapfdqw_alert_3.npy,SN II
ZTF21aapfdqw,ZTF21aapfdqw_alert_4.npy,SN II
ZTF21aapfdqw,ZTF21aapfdqw_alert_5.npy,SN II
ZTF21aapfdqw,ZTF21aapfdqw_alert_6.npy,SN II
ZTF21aapffqd,ZTF21aapffqd_alert_10.npy,SN II
ZTF21aapffqd,ZTF21aapffqd_alert_11.npy,SN II
ZTF21aapffqd,ZTF21aapffqd_alert_12.npy,SN II
ZTF21aapffqd,ZTF21aapffqd_alert_13.npy,SN II
ZTF21aapffqd,ZTF21aapffqd_alert_14.npy,SN II
ZTF21aapffqd,ZTF21aapffqd_alert_7.npy,SN II
ZTF21aapffqd,ZTF21aapffqd_alert_8.npy,SN II
ZTF21aapffqd,ZTF21aapffqd_alert_9.npy,SN II
ZTF21aapfime,ZTF21aapfime_alert_1.npy,SN Ia
ZTF21aapliyn,ZTF21aapliyn_alert_3.npy,SN II
ZTF21aapliyn,ZTF21aapliyn_alert_4.npy,SN II
ZTF21aapliyn,ZTF21aapliyn_alert_5.npy,SN II
ZTF21aapliyn,ZTF21aapliyn_alert_6.npy,SN II
ZTF21aaqhqke,ZTF21aaqhqke_alert_10.npy,SN IIn
ZTF21aaqhqke,ZTF21aaqhqke_alert_11.npy,SN IIn
ZTF21aaqhqke,ZTF21aaqhqke_alert_12.npy,SN IIn
ZTF21aaqhqke,ZTF21aaqhqke_alert_13.npy,SN IIn
ZTF21aaqhqke,ZTF21aaqhqke_alert_14.npy,SN IIn
ZTF21aaqhqke,ZTF21aaqhqke_alert_15.npy,SN IIn
ZTF21aaqhqke,ZTF21aaqhqke_alert_8.npy,SN IIn
ZTF21aaqhqke,ZTF21aaqhqke_alert_9.npy,SN IIn
ZTF21aaqhwgh,ZTF21aaqhwgh_alert_2.npy,SN Ia
ZTF21aaqhwgh,ZTF21aaqhwgh_alert_3.npy,SN Ia
ZTF21aaqjmps,ZTF21aaqjmps_alert_4.npy,SN II
ZTF21aaqjmps,ZTF21aaqjmps_alert_5.npy,SN II
ZTF21aaqjmps,ZTF21aaqjmps_alert_6.npy,SN II
ZTF21aaqjmps,ZTF21aaqjmps_alert_7.npy,SN II
ZTF21aaqldsk,ZTF21aaqldsk_alert_10.npy,SN Ic
ZTF21aaqldsk,ZTF21aaqldsk_alert_11.npy,SN Ic
ZTF21aaqldsk,ZTF21aaqldsk_alert_12.npy,SN Ic
ZTF21aaqldsk,ZTF21aaqldsk_alert_13.npy,SN Ic
ZTF21aaqldsk,ZTF21aaqldsk_alert_7.npy,SN Ic
ZTF21aaqldsk,ZTF21aaqldsk_alert_8.npy,SN Ic
ZTF21aaqldsk,ZTF21aaqldsk_alert_9.npy,SN Ic
ZTF21aaqugxm,ZTF21aaqugxm_alert_11.npy,SN II
ZTF21aaqugxm,ZTF21aaqugxm_alert_12.npy,SN II
ZTF21aaqugxm,ZTF21aaqugxm_alert_13.npy,SN II
ZTF21aaqugxm,ZTF21aaqugxm_alert_15.npy,SN II
ZTF21aaqugxm,ZTF21aaqugxm_alert_16.npy,SN II
ZTF21aaqugxm,ZTF21aaqugxm_alert_17.npy,SN II
ZTF21aaqugxm,ZTF21aaqugxm_alert_18.npy,SN II
ZTF21aaqugxm,ZTF21aaqugxm_alert_20.npy,SN II
ZTF21aaqugxm,ZTF21aaqugxm_alert_21.npy,SN II
ZTF21aaqugxm,ZTF21aaqugxm_alert_22.npy,SN II
ZTF21aaquhqr,ZTF21aaquhqr_alert_10.npy,SN II
ZTF21aaquhqr,ZTF21aaquhqr_alert_11.npy,SN II
ZTF21aaquhqr,ZTF21aaquhqr_alert_12.npy,SN II
ZTF21aaquhqr,ZTF21aaquhqr_alert_6.npy,SN II
ZTF21aaquhqr,ZTF21aaquhqr_alert_7.npy,SN II
ZTF21aaquhqr,ZTF21aaquhqr_alert_8.npy,SN II
ZTF21aaquhqr,ZTF21aaquhqr_alert_9.npy,SN II
ZTF21aaqvsvw,ZTF21aaqvsvw_alert_10.npy,SN IIb
ZTF21aaqvsvw,ZTF21aaqvsvw_alert_11.npy,SN IIb
ZTF21aaqvsvw,ZTF21aaqvsvw_alert_6.npy,SN IIb
ZTF21aaqvsvw,ZTF21aaqvsvw_alert_7.npy,SN IIb
ZTF21aaqvsvw,ZTF21aaqvsvw_alert_8.npy,SN IIb
ZTF21aaqvsvw,ZTF21aaqvsvw_alert_9.npy,SN IIb
ZTF21aaqwfqe,ZTF21aaqwfqe_alert_14.npy,SN Ib
ZTF21aaqwfqe,ZTF21aaqwfqe_alert_16.npy,SN Ib
ZTF21aaqwfqe,ZTF21aaqwfqe_alert_17.npy,SN Ib
ZTF21aaqwfqe,ZTF21aaqwfqe_alert_19.npy,SN Ib
ZTF21aaqwfqe,ZTF21aaqwfqe_alert_20.npy,SN Ib
ZTF21aaqwfqe,ZTF21aaqwfqe_alert_22.npy,SN Ib
ZTF21aaqwfqe,ZTF21aaqwfqe_alert_23.npy,SN Ib
ZTF21aaqwfqe,ZTF21aaqwfqe_alert_25.npy,SN Ib
ZTF21aaqwfqe,ZTF21aaqwfqe_alert_26.npy,SN Ib
ZTF21aaqwfqe,ZTF21aaqwfqe_alert_28.npy,SN Ib
ZTF21aaqyuun,ZTF21aaqyuun_alert_22.npy,SN II
ZTF21aaqyuun,ZTF21aaqyuun_alert_24.npy,SN II
ZTF21aaqyuun,ZTF21aaqyuun_alert_27.npy,SN II
ZTF21aaqyuun,ZTF21aaqyuun_alert_29.npy,SN II
ZTF21aaqyuun,ZTF21aaqyuun_alert_31.npy,SN II
ZTF21aaqyuun,ZTF21aaqyuun_alert_34.npy,SN II
ZTF21aaqyuun,ZTF21aaqyuun_alert_36.npy,SN II
ZTF21aaqyuun,ZTF21aaqyuun_alert_38.npy,SN II
ZTF21aaqyuun,ZTF21aaqyuun_alert_41.npy,SN II
ZTF21aaqyuun,ZTF21aaqyuun_alert_43.npy,SN II
ZTF21aarcobt,ZTF21aarcobt_alert_4.npy,SN IIn
ZTF21aarcobt,ZTF21aarcobt_alert_5.npy,SN IIn
ZTF21aarcobt,ZTF21aarcobt_alert_6.npy,SN IIn
ZTF21aarcobt,ZTF21aarcobt_alert_7.npy,SN IIn
ZTF21aarhzdh,ZTF21aarhzdh_alert_17.npy,SN Ia
ZTF21aarhzdh,ZTF21aarhzdh_alert_19.npy,SN Ia
ZTF21aarhzdh,ZTF21aarhzdh_alert_21.npy,SN Ia
ZTF21aarhzdh,ZTF21aarhzdh_alert_23.npy,SN Ia
ZTF21aarhzdh,ZTF21aarhzdh_alert_25.npy,SN Ia
ZTF21aarhzdh,ZTF21aarhzdh_alert_26.npy,SN Ia
ZTF21aarhzdh,ZTF21aarhzdh_alert_28.npy,SN Ia
ZTF21aarhzdh,ZTF21aarhzdh_alert_30.npy,SN Ia
ZTF21aarhzdh,ZTF21aarhzdh_alert_32.npy,SN Ia
ZTF21aarhzdh,ZTF21aarhzdh_alert_34.npy,SN Ia
ZTF21aarmkuj,ZTF21aarmkuj_alert_10.npy,SN Ia
ZTF21aarmkuj,ZTF21aarmkuj_alert_11.npy,SN Ia
ZTF21aarmkuj,ZTF21aarmkuj_alert_12.npy,SN Ia
ZTF21aarmkuj,ZTF21aarmkuj_alert_6.npy,SN Ia
ZTF21aarmkuj,ZTF21aarmkuj_alert_7.npy,SN Ia
ZTF21aarmkuj,ZTF21aarmkuj_alert_8.npy,SN Ia
ZTF21aarmkuj,ZTF21aarmkuj_alert_9.npy,SN Ia
ZTF21aarrwdu,ZTF21aarrwdu_alert_10.npy,SN Ia
ZTF21aarrwdu,ZTF21aarrwdu_alert_11.npy,SN Ia
ZTF21aarrwdu,ZTF21aarrwdu_alert_12.npy,SN Ia
ZTF21aarrwdu,ZTF21aarrwdu_alert_13.npy,SN Ia
ZTF21aarrwdu,ZTF21aarrwdu_alert_14.npy,SN Ia
ZTF21aarrwdu,ZTF21aarrwdu_alert_15.npy,SN Ia
ZTF21aarrwdu,ZTF21aarrwdu_alert_16.npy,SN Ia
ZTF21aarrwdu,ZTF21aarrwdu_alert_17.npy,SN Ia
ZTF21aarrwdu,ZTF21aarrwdu_alert_9.npy,SN Ia
ZTF21aasbjgq,ZTF21aasbjgq_alert_10.npy,SN Ia
ZTF21aasbjgq,ZTF21aasbjgq_alert_11.npy,SN Ia
ZTF21aasbjgq,ZTF21aasbjgq_alert_12.npy,SN Ia
ZTF21aasbjgq,ZTF21aasbjgq_alert_6.npy,SN Ia
ZTF21aasbjgq,ZTF21aasbjgq_alert_7.npy,SN Ia
ZTF21aasbjgq,ZTF21aasbjgq_alert_8.npy,SN Ia
ZTF21aasbjgq,ZTF21aasbjgq_alert_9.npy,SN Ia
ZTF21aasfseg,ZTF21aasfseg_alert_14.npy,SN II
ZTF21aasfseg,ZTF21aasfseg_alert_15.npy,SN II
ZTF21aasfseg,ZTF21aasfseg_alert_17.npy,SN II
ZTF21aasfseg,ZTF21aasfseg_alert_18.npy,SN II
ZTF21aasfseg,ZTF21aasfseg_alert_20.npy,SN II
ZTF21aasfseg,ZTF21aasfseg_alert_21.npy,SN II
ZTF21aasfseg,ZTF21aasfseg_alert_23.npy,SN II
ZTF21aasfseg,ZTF21aasfseg_alert_24.npy,SN II
ZTF21aasfseg,ZTF21aasfseg_alert_26.npy,SN II
ZTF21aasfseg,ZTF21aasfseg_alert_27.npy,SN II
ZTF21aaspdzb,ZTF21aaspdzb_alert_2.npy,Cataclysmic
ZTF21aaspdzb,ZTF21aaspdzb_alert_3.npy,Cataclysmic
ZTF21aaspdzb,ZTF21aaspdzb_alert_4.npy,Cataclysmic
ZTF21aastzsn,ZTF21aastzsn_alert_4.npy,SN IIb
ZTF21aastzsn,ZTF21aastzsn_alert_5.npy,SN IIb
ZTF21aastzsn,ZTF21aastzsn_alert_6.npy,SN IIb
ZTF21aastzsn,ZTF21aastzsn_alert_7.npy,SN IIb
ZTF21aatkdcw,ZTF21aatkdcw_alert_10.npy,SN Ia
ZTF21aatkdcw,ZTF21aatkdcw_alert_11.npy,SN Ia
ZTF21aatkdcw,ZTF21aatkdcw_alert_12.npy,SN Ia
ZTF21aatkdcw,ZTF21aatkdcw_alert_13.npy,SN Ia
ZTF21aatkdcw,ZTF21aatkdcw_alert_14.npy,SN Ia
ZTF21aatkdcw,ZTF21aatkdcw_alert_15.npy,SN Ia
ZTF21aatkdcw,ZTF21aatkdcw_alert_8.npy,SN Ia
ZTF21aatkdcw,ZTF21aatkdcw_alert_9.npy,SN Ia
ZTF21aatpsky,ZTF21aatpsky_alert_3.npy,SN II
ZTF21aatpsky,ZTF21aatpsky_alert_4.npy,SN II
ZTF21aatpsky,ZTF21aatpsky_alert_5.npy,SN II
ZTF21aaufwyh,ZTF21aaufwyh_alert_3.npy,SN Ib
ZTF21aaufwyh,ZTF21aaufwyh_alert_4.npy,SN Ib
ZTF21aaufwyh,ZTF21aaufwyh_alert_5.npy,SN Ib
ZTF21aaukcog,ZTF21aaukcog_alert_4.npy,SN II
ZTF21aaukcog,ZTF21aaukcog_alert_5.npy,SN II
ZTF21aaukcog,ZTF21aaukcog_alert_6.npy,SN II
ZTF21aaukcog,ZTF21aaukcog_alert_7.npy,SN II
ZTF21aaupkow,ZTF21aaupkow_alert_12.npy,SN Ia
ZTF21aaupkow,ZTF21aaupkow_alert_13.npy,SN Ia
ZTF21aaupkow,ZTF21aaupkow_alert_14.npy,SN Ia
ZTF21aaupkow,ZTF21aaupkow_alert_16.npy,SN Ia
ZTF21aaupkow,ZTF21aaupkow_alert_17.npy,SN Ia
ZTF21aaupkow,ZTF21aaupkow_alert_18.npy,SN Ia
ZTF21aaupkow,ZTF21aaupkow_alert_19.npy,SN Ia
ZTF21aaupkow,ZTF21aaupkow_alert_21.npy,SN Ia
ZTF21aaupkow,ZTF21aaupkow_alert_22.npy,SN Ia
ZTF21aaupkow,ZTF21aaupkow_alert_23.npy,SN Ia
ZTF21aautijg,ZTF21aautijg_alert_4.npy,SN IIn
ZTF21aautijg,ZTF21aautijg_alert_5.npy,SN IIn
ZTF21aautijg,ZTF21aautijg_alert_6.npy,SN IIn
ZTF21aautijg,ZTF21aautijg_alert_7.npy,SN IIn
ZTF21aautijg,ZTF21aautijg_alert_8.npy,SN IIn
ZTF21aauuybx,ZTF21aauuybx_alert_1.npy,Tidal Disruption Event
ZTF21aavheiv,ZTF21aavheiv_alert_1.npy,SN Ia
ZTF21aavheiv,ZTF21aavheiv_alert_2.npy,SN Ia
ZTF21aavhnpk,ZTF21aavhnpk_alert_4.npy,SN II
ZTF21aavhnpk,ZTF21aavhnpk_alert_5.npy,SN II
ZTF21aavhnpk,ZTF21aavhnpk_alert_6.npy,SN II
ZTF21aavhnpk,ZTF21aavhnpk_alert_7.npy,SN II
ZTF21aavuprl,ZTF21aavuprl_alert_10.npy,SN Ia
ZTF21aavuprl,ZTF21aavuprl_alert_11.npy,SN Ia
ZTF21aavuprl,ZTF21aavuprl_alert_12.npy,SN Ia
ZTF21aavuprl,ZTF21aavuprl_alert_13.npy,SN Ia
ZTF21aavuprl,ZTF21aavuprl_alert_14.npy,SN Ia
ZTF21aavuprl,ZTF21aavuprl_alert_16.npy,SN Ia
ZTF21aavuprl,ZTF21aavuprl_alert_17.npy,SN Ia
ZTF21aavuprl,ZTF21aavuprl_alert_18.npy,SN Ia
ZTF21aavuprl,ZTF21aavuprl_alert_19.npy,SN Ia
ZTF21aavuprl,ZTF21aavuprl_alert_20.npy,SN Ia
ZTF21aavuprt,ZTF21aavuprt_alert_2.npy,Cataclysmic
ZTF21aavuprt,ZTF21aavuprt_alert_3.npy,Cataclysmic
ZTF21aavuqzr,ZTF21aavuqzr_alert_1.npy,SN IIn
ZTF21aavuqzr,ZTF21aavuqzr_alert_2.npy,SN IIn
ZTF21aawmdxw,ZTF21aawmdxw_alert_1.npy,SN Ib
ZTF21aawmtug,ZTF21aawmtug_alert_3.npy,SN II
ZTF21aawmtug,ZTF21aawmtug_alert_4.npy,SN II
ZTF21aawmtug,ZTF21aawmtug_alert_5.npy,SN II
ZTF21aawmujq,ZTF21aawmujq_alert_10.npy,SN IIb
ZTF21aawmujq,ZTF21aawmujq_alert_11.npy,SN IIb
ZTF21aawmujq,ZTF21aawmujq_alert_12.npy,SN IIb
ZTF21aawmujq,ZTF21aawmujq_alert_13.npy,SN IIb
ZTF21aawmujq,ZTF21aawmujq_alert_14.npy,SN IIb
ZTF21aawmujq,ZTF21aawmujq_alert_7.npy,SN IIb
ZTF21aawmujq,ZTF21aawmujq_alert_8.npy,SN IIb
ZTF21aawmujq,ZTF21aawmujq_alert_9.npy,SN IIb
ZTF21aawogdl,ZTF21aawogdl_alert_5.npy,SN Ib
ZTF21aawogdl,ZTF21aawogdl_alert_6.npy,SN Ib
ZTF21aawogdl,ZTF21aawogdl_alert_7.npy,SN Ib
ZTF21aawogdl,ZTF21aawogdl_alert_8.npy,SN Ib
ZTF21aawogdl,ZTF21aawogdl_alert_9.npy,SN Ib
ZTF21aawyyha,ZTF21aawyyha_alert_4.npy,SN Ia
ZTF21aawyyha,ZTF21aawyyha_alert_5.npy,SN Ia
ZTF21aawyyha,ZTF21aawyyha_alert_6.npy,SN Ia
ZTF21aawyyha,ZTF21aawyyha_alert_7.npy,SN Ia
ZTF21aaxlhyl,ZTF21aaxlhyl_alert_2.npy,SN II
ZTF21aaxlhyl,ZTF21aaxlhyl_alert_3.npy,SN II
ZTF21aaxlhyl,ZTF21aaxlhyl_alert_4.npy,SN II
ZTF21aaxseyd,ZTF21aaxseyd_alert_1.npy,SN II
ZTF21aaxstzy,ZTF21aaxstzy_alert_30.npy,SN Ia
ZTF21aaxstzy,ZTF21aaxstzy_alert_33.npy,SN Ia
ZTF21aaxstzy,ZTF21aaxstzy_alert_37.npy,SN Ia
ZTF21aaxstzy,ZTF21aaxstzy_alert_40.npy,SN Ia
ZTF21aaxstzy,ZTF21aaxstzy_alert_43.npy,SN Ia
ZTF21aaxstzy,ZTF21aaxstzy_alert_47.npy,SN Ia
ZTF21aaxstzy,ZTF21aaxstzy_alert_50.npy,SN Ia
ZTF21aaxstzy,ZTF21aaxstzy_alert_53.npy,SN Ia
ZTF21aaxstzy,ZTF21aaxstzy_alert_57.npy,SN Ia
ZTF21aaxstzy,ZTF21aaxstzy_alert_60.npy,SN Ia
ZTF21aaxtije,ZTF21aaxtije_alert_20.npy,SN IIn
ZTF21aaxtije,ZTF21aaxtije_alert_22.npy,SN IIn
ZTF21aaxtije,ZTF21aaxtije_alert_24.npy,SN IIn
ZTF21aaxtije,ZTF21aaxtije_alert_27.npy,SN IIn
ZTF21aaxtije,ZTF21aaxtije_alert_29.npy,SN IIn
ZTF21aaxtije,ZTF21aaxtije_alert_31.npy,SN IIn
ZTF21aaxtije,ZTF21aaxtije_alert_33.npy,SN IIn
ZTF21aaxtije,ZTF21aaxtije_alert_36.npy,SN IIn
ZTF21aaxtije,ZTF21aaxtije_alert_38.npy,SN IIn
ZTF21aaxtije,ZTF21aaxtije_alert_40.npy,SN IIn
ZTF21aaxuywf,ZTF21aaxuywf_alert_5.npy,SN Ia
ZTF21aaxuywf,ZTF21aaxuywf_alert_6.npy,SN Ia
ZTF21aaxuywf,ZTF21aaxuywf_alert_7.npy,SN Ia
ZTF21aaxuywf,ZTF21aaxuywf_alert_8.npy,SN Ia
ZTF21aaxuywf,ZTF21aaxuywf_alert_9.npy,SN Ia
ZTF21aaxwytv,ZTF21aaxwytv_alert_10.npy,SN Ia
ZTF21aaxwytv,ZTF21aaxwytv_alert_5.npy,SN Ia
ZTF21aaxwytv,ZTF21aaxwytv_alert_6.npy,SN Ia
ZTF21aaxwytv,ZTF21aaxwytv_alert_7.npy,SN Ia
ZTF21aaxwytv,ZTF21aaxwytv_alert_8.npy,SN Ia
ZTF21aaxwytv,ZTF21aaxwytv_alert_9.npy,SN Ia
ZTF21aaxxmvs,ZTF21aaxxmvs_alert_26.npy,SN IIb
ZTF21aaxxmvs,ZTF21aaxxmvs_alert_29.npy,SN IIb
ZTF21aaxxmvs,ZTF21aaxxmvs_alert_32.npy,SN IIb
ZTF21aaxxmvs,ZTF21aaxxmvs_alert_35.npy,SN IIb
ZTF21aaxxmvs,ZTF21aaxxmvs_alert_38.npy,SN IIb
ZTF21aaxxmvs,ZTF21aaxxmvs_alert_40.npy,SN IIb
ZTF21aaxxmvs,ZTF21aaxxmvs_alert_43.npy,SN IIb
ZTF21aaxxmvs,ZTF21aaxxmvs_alert_46.npy,SN IIb
ZTF21aaxxmvs,ZTF21aaxxmvs_alert_49.npy,SN IIb
ZTF21aaxxmvs,ZTF21aaxxmvs_alert_52.npy,SN IIb
ZTF21aaxxoei,ZTF21aaxxoei_alert_28.npy,SN II
ZTF21aaxxoei,ZTF21aaxxoei_alert_31.npy,SN II
ZTF21aaxxoei,ZTF21aaxxoei_alert_34.npy,SN II
ZTF21aaxxoei,ZTF21aaxxoei_alert_37.npy,SN II
ZTF21aaxxoei,ZTF21aaxxoei_alert_40.npy,SN II
ZTF21aaxxoei,ZTF21aaxxoei_alert_44.npy,SN II
ZTF21aaxxoei,ZTF21aaxxoei_alert_47.npy,SN II
ZTF21aaxxoei,ZTF21aaxxoei_alert_50.npy,SN II
ZTF21aaxxoei,ZTF21aaxxoei_alert_53.npy,SN II
ZTF21aaxxoei,ZTF21aaxxoei_alert_56.npy,SN II
ZTF21aayddkn,ZTF21aayddkn_alert_11.npy,SN Ib
ZTF21aayddkn,ZTF21aayddkn_alert_12.npy,SN Ib
ZTF21aayddkn,ZTF21aayddkn_alert_13.npy,SN Ib
ZTF21aayddkn,ZTF21aayddkn_alert_15.npy,SN Ib
ZTF21aayddkn,ZTF21aayddkn_alert_16.npy,SN Ib
ZTF21aayddkn,ZTF21aayddkn_alert_17.npy,SN Ib
ZTF21aayddkn,ZTF21aayddkn_alert_18.npy,SN Ib
ZTF21aayddkn,ZTF21aayddkn_alert_20.npy,SN Ib
ZTF21aayddkn,ZTF21aayddkn_alert_21.npy,SN Ib
ZTF21aayddkn,ZTF21aayddkn_alert_22.npy,SN Ib
ZTF21aaydfro,ZTF21aaydfro_alert_10.npy,SN Ia
ZTF21aaydfro,ZTF21aaydfro_alert_5.npy,SN Ia
ZTF21aaydfro,ZTF21aaydfro_alert_6.npy,SN Ia
ZTF21aaydfro,ZTF21aaydfro_alert_7.npy,SN Ia
ZTF21aaydfro,ZTF21aaydfro_alert_8.npy,SN Ia
ZTF21aaydfro,ZTF21aaydfro_alert_9.npy,SN Ia
ZTF21aaydxoo,ZTF21aaydxoo_alert_10.npy,SN IIn
ZTF21aaydxoo,ZTF21aaydxoo_alert_5.npy,SN IIn
ZTF21aaydxoo,ZTF21aaydxoo_alert_6.npy,SN IIn
ZTF21aaydxoo,ZTF21aaydxoo_alert_7.npy,SN IIn
ZTF21aaydxoo,ZTF21aaydxoo_alert_8.npy,SN IIn
ZTF21aaydxoo,ZTF21aaydxoo_alert_9.npy,SN IIn
ZTF21aayfnjz,ZTF21aayfnjz_alert_10.npy,SN II
ZTF21aayfnjz,ZTF21aayfnjz_alert_11.npy,SN II
ZTF21aayfnjz,ZTF21aayfnjz_alert_12.npy,SN II
ZTF21aayfnjz,ZTF21aayfnjz_alert_13.npy,SN II
ZTF21aayfnjz,ZTF21aayfnjz_alert_14.npy,SN II
ZTF21aayfnjz,ZTF21aayfnjz_alert_15.npy,SN II
ZTF21aayfnjz,ZTF21aayfnjz_alert_16.npy,SN II
ZTF21aayfnjz,ZTF21aayfnjz_alert_17.npy,SN II
ZTF21aayfnjz,ZTF21aayfnjz_alert_18.npy,SN II
ZTF21aayfnjz,ZTF21aayfnjz_alert_9.npy,SN II
ZTF21aaygchh,ZTF21aaygchh_alert_2.npy,Cataclysmic
ZTF21aaygchh,ZTF21aaygchh_alert_3.npy,Cataclysmic
ZTF21aaygchh,ZTF21aaygchh_alert_4.npy,Cataclysmic
ZTF21aaygmrl,ZTF21aaygmrl_alert_12.npy,SN IIn
ZTF21aaygmrl,ZTF21aaygmrl_alert_13.npy,SN IIn
ZTF21aaygmrl,ZTF21aaygmrl_alert_14.npy,SN IIn
ZTF21aaygmrl,ZTF21aaygmrl_alert_16.npy,SN IIn
ZTF21aaygmrl,ZTF21aaygmrl_alert_17.npy,SN IIn
ZTF21aaygmrl,ZTF21aaygmrl_alert_18.npy,SN IIn
ZTF21aaygmrl,ZTF21aaygmrl_alert_19.npy,SN IIn
ZTF21aaygmrl,ZTF21aaygmrl_alert_21.npy,SN IIn
ZTF21aaygmrl,ZTF21aaygmrl_alert_22.npy,SN IIn
ZTF21aaygmrl,ZTF21aaygmrl_alert_23.npy,SN IIn
ZTF21aaygqkb,ZTF21aaygqkb_alert_17.npy,SN Ic
ZTF21aaygqkb,ZTF21aaygqkb_alert_19.npy,SN Ic
ZTF21aaygqkb,ZTF21aaygqkb_alert_21.npy,SN Ic
ZTF21aaygqkb,ZTF21aaygqkb_alert_22.npy,SN Ic
ZTF21aaygqkb,ZTF21aaygqkb_alert_24.npy,SN Ic
ZTF21aaygqkb,ZTF21aaygqkb_alert_26.npy,SN Ic
ZTF21aaygqkb,ZTF21aaygqkb_alert_28.npy,SN Ic
ZTF21aaygqkb,ZTF21aaygqkb_alert_29.npy,SN Ic
ZTF21aaygqkb,ZTF21aaygqkb_alert_31.npy,SN Ic
ZTF21aaygqkb,ZTF21aaygqkb_alert_33.npy,SN Ic
ZTF21aayqrgx,ZTF21aayqrgx_alert_10.npy,SN Ib
ZTF21aayqrgx,ZTF21aayqrgx_alert_11.npy,SN Ib
ZTF21aayqrgx,ZTF21aayqrgx_alert_12.npy,SN Ib
ZTF21aayqrgx,ZTF21aayqrgx_alert_13.npy,SN Ib
ZTF21aayqrgx,ZTF21aayqrgx_alert_14.npy,SN Ib
ZTF21aayqrgx,ZTF21aayqrgx_alert_15.npy,SN Ib
ZTF21aayqrgx,ZTF21aayqrgx_alert_16.npy,SN Ib
ZTF21aayqrgx,ZTF21aayqrgx_alert_8.npy,SN Ib
ZTF21aayqrgx,ZTF21aayqrgx_alert_9.npy,SN Ib
ZTF21aazqkeq,ZTF21aazqkeq_alert_4.npy,SN II
ZTF21aazqkeq,ZTF21aazqkeq_alert_5.npy,SN II
ZTF21aazqkeq,ZTF21aazqkeq_alert_6.npy,SN II
ZTF21aazqkeq,ZTF21aazqkeq_alert_7.npy,SN II
ZTF21aazybsh,ZTF21aazybsh_alert_11.npy,SN II
ZTF21aazybsh,ZTF21aazybsh_alert_12.npy,SN II
ZTF21aazybsh,ZTF21aazybsh_alert_13.npy,SN II
ZTF21aazybsh,ZTF21aazybsh_alert_14.npy,SN II
ZTF21aazybsh,ZTF21aazybsh_alert_15.npy,SN II
ZTF21aazybsh,ZTF21aazybsh_alert_17.npy,SN II
ZTF21aazybsh,ZTF21aazybsh_alert_18.npy,SN II
ZTF21aazybsh,ZTF21aazybsh_alert_19.npy,SN II
ZTF21aazybsh,ZTF21aazybsh_alert_20.npy,SN II
ZTF21aazybsh,ZTF21aazybsh_alert_21.npy,SN II
ZTF21ababatx,ZTF21ababatx_alert_10.npy,AGN
ZTF21ababatx,ZTF21ababatx_alert_11.npy,AGN
ZTF21ababatx,ZTF21ababatx_alert_6.npy,AGN
ZTF21ababatx,ZTF21ababatx_alert_7.npy,AGN
ZTF21ababatx,ZTF21ababatx_alert_8.npy,AGN
ZTF21ababatx,ZTF21ababatx_alert_9.npy,AGN
ZTF21ababpoq,ZTF21ababpoq_alert_1.npy,SN IIb
ZTF21ababpoq,ZTF21ababpoq_alert_2.npy,SN IIb
ZTF21abahiow,ZTF21abahiow_alert_2.npy,SN Ib
ZTF21abahiow,ZTF21abahiow_alert_3.npy,SN Ib
ZTF21abbomrf,ZTF21abbomrf_alert_10.npy,SN II
ZTF21abbomrf,ZTF21abbomrf_alert_11.npy,SN II
ZTF21abbomrf,ZTF21abbomrf_alert_12.npy,SN II
ZTF21abbomrf,ZTF21abbomrf_alert_13.npy,SN II
ZTF21abbomrf,ZTF21abbomrf_alert_14.npy,SN II
ZTF21abbomrf,ZTF21abbomrf_alert_15.npy,SN II
ZTF21abbomrf,ZTF21abbomrf_alert_16.npy,SN II
ZTF21abbomrf,ZTF21abbomrf_alert_17.npy,SN II
ZTF21abbomrf,ZTF21abbomrf_alert_9.npy,SN II
ZTF21abbvzrd,ZTF21abbvzrd_alert_10.npy,SN II
ZTF21abbvzrd,ZTF21abbvzrd_alert_11.npy,SN II
ZTF21abbvzrd,ZTF21abbvzrd_alert_12.npy,SN II
ZTF21abbvzrd,ZTF21abbvzrd_alert_13.npy,SN II
ZTF21abbvzrd,ZTF21abbvzrd_alert_14.npy,SN II
ZTF21abbvzrd,ZTF21abbvzrd_alert_15.npy,SN II
ZTF21abbvzrd,ZTF21abbvzrd_alert_16.npy,SN II
ZTF21abbvzrd,ZTF21abbvzrd_alert_8.npy,SN II
ZTF21abbvzrd,ZTF21abbvzrd_alert_9.npy,SN II
ZTF21abbwbja,ZTF21abbwbja_alert_2.npy,SN Ia
ZTF21abbwbja,ZTF21abbwbja_alert_3.npy,SN Ia
ZTF21abcbfsr,ZTF21abcbfsr_alert_3.npy,SN II
ZTF21abcbfsr,ZTF21abcbfsr_alert_4.npy,SN II
ZTF21abcbfsr,ZTF21abcbfsr_alert_5.npy,SN II
ZTF21abcbfsr,ZTF21abcbfsr_alert_6.npy,SN II
ZTF21abcgufz,ZTF21abcgufz_alert_1.npy,SN Ia
ZTF21abcgufz,ZTF21abcgufz_alert_2.npy,SN Ia
ZTF21abcixor,ZTF21abcixor_alert_17.npy,SN II
ZTF21abcixor,ZTF21abcixor_alert_19.npy,SN II
ZTF21abcixor,ZTF21abcixor_alert_21.npy,SN II
ZTF21abcixor,ZTF21abcixor_alert_22.npy,SN II
ZTF21abcixor,ZTF21abcixor_alert_24.npy,SN II
ZTF21abcixor,ZTF21abcixor_alert_26.npy,SN II
ZTF21abcixor,ZTF21abcixor_alert_28.npy,SN II
ZTF21abcixor,ZTF21abcixor_alert_29.npy,SN II
ZTF21abcixor,ZTF21abcixor_alert_31.npy,SN II
ZTF21abcixor,ZTF21abcixor_alert_33.npy,SN II
ZTF21abcjpnm,ZTF21abcjpnm_alert_24.npy,SN II
ZTF21abcjpnm,ZTF21abcjpnm_alert_27.npy,SN II
ZTF21abcjpnm,ZTF21abcjpnm_alert_29.npy,SN II
ZTF21abcjpnm,ZTF21abcjpnm_alert_32.npy,SN II
ZTF21abcjpnm,ZTF21abcjpnm_alert_34.npy,SN II
ZTF21abcjpnm,ZTF21abcjpnm_alert_37.npy,SN II
ZTF21abcjpnm,ZTF21abcjpnm_alert_39.npy,SN II
ZTF21abcjpnm,ZTF21abcjpnm_alert_42.npy,SN II
ZTF21abcjpnm,ZTF21abcjpnm_alert_44.npy,SN II
ZTF21abcjpnm,ZTF21abcjpnm_alert_47.npy,SN II
ZTF21abcmzvk,ZTF21abcmzvk_alert_2.npy,SN II
ZTF21abcmzvk,ZTF21abcmzvk_alert_3.npy,SN II
ZTF21abcpbqd,ZTF21abcpbqd_alert_10.npy,SN II
ZTF21abcpbqd,ZTF21abcpbqd_alert_11.npy,SN II
ZTF21abcpbqd,ZTF21abcpbqd_alert_12.npy,SN II
ZTF21abcpbqd,ZTF21abcpbqd_alert_6.npy,SN II
ZTF21abcpbqd,ZTF21abcpbqd_alert_7.npy,SN II
ZTF21abcpbqd,ZTF21abcpbqd_alert_8.npy,SN II
ZTF21abcpbqd,ZTF21abcpbqd_alert_9.npy,SN II
ZTF21abcympb,ZTF21abcympb_alert_4.npy,SN Ia
ZTF21abcympb,ZTF21abcympb_alert_5.npy,SN Ia
ZTF21abcympb,ZTF21abcympb_alert_6.npy,SN Ia
ZTF21abcympb,ZTF21abcympb_alert_7.npy,SN Ia
ZTF21abdahai,ZTF21abdahai_alert_3.npy,SN II
ZTF21abdahai,ZTF21abdahai_alert_4.npy,SN II
ZTF21abdahai,ZTF21abdahai_alert_5.npy,SN II
ZTF21abdiymf,ZTF21abdiymf_alert_3.npy,Cataclysmic
ZTF21abdiymf,ZTF21abdiymf_alert_4.npy,Cataclysmic
ZTF21abdiymf,ZTF21abdiymf_alert_5.npy,Cataclysmic
ZTF21abdiymf,ZTF21abdiymf_alert_6.npy,Cataclysmic
ZTF21abdlvxh,ZTF21abdlvxh_alert_105.npy,SN Ia
ZTF21abdlvxh,ZTF21abdlvxh_alert_113.npy,SN Ia
ZTF21abdlvxh,ZTF21abdlvxh_alert_120.npy,SN Ia
ZTF21abdlvxh,ZTF21abdlvxh_alert_128.npy,SN Ia
ZTF21abdlvxh,ZTF21abdlvxh_alert_135.npy,SN Ia
ZTF21abdlvxh,ZTF21abdlvxh_alert_68.npy,SN Ia
ZTF21abdlvxh,ZTF21abdlvxh_alert_75.npy,SN Ia
ZTF21abdlvxh,ZTF21abdlvxh_alert_83.npy,SN Ia
ZTF21abdlvxh,ZTF21abdlvxh_alert_90.npy,SN Ia
ZTF21abdlvxh,ZTF21abdlvxh_alert_98.npy,SN Ia
ZTF21abdpgua,ZTF21abdpgua_alert_10.npy,SN Ia
ZTF21abdpgua,ZTF21abdpgua_alert_11.npy,SN Ia
ZTF21abdpgua,ZTF21abdpgua_alert_12.npy,SN Ia
ZTF21abdpgua,ZTF21abdpgua_alert_13.npy,SN Ia
ZTF21abdpgua,ZTF21abdpgua_alert_7.npy,SN Ia
ZTF21abdpgua,ZTF21abdpgua_alert_8.npy,SN Ia
ZTF21abdpgua,ZTF21abdpgua_alert_9.npy,SN Ia
ZTF21abduoun,ZTF21abduoun_alert_3.npy,SN II
ZTF21abduoun,ZTF21abduoun_alert_4.npy,SN II
ZTF21abduoun,ZTF21abduoun_alert_5.npy,SN II
ZTF21abdvcaf,ZTF21abdvcaf_alert_3.npy,SN Ia
ZTF21abdvcaf,ZTF21abdvcaf_alert_4.npy,SN Ia
ZTF21abdvcaf,ZTF21abdvcaf_alert_5.npy,SN Ia
ZTF21abdvcaf,ZTF21abdvcaf_alert_6.npy,SN Ia
ZTF21abebgfr,ZTF21abebgfr_alert_3.npy,SN IIn
ZTF21abebgfr,ZTF21abebgfr_alert_4.npy,SN IIn
ZTF21abebgfr,ZTF21abebgfr_alert_5.npy,SN IIn
ZTF21abebgfr,ZTF21abebgfr_alert_6.npy,SN IIn
ZTF21abephjt,ZTF21abephjt_alert_10.npy,SN Ia
ZTF21abephjt,ZTF21abephjt_alert_11.npy,SN Ia
ZTF21abephjt,ZTF21abephjt_alert_12.npy,SN Ia
ZTF21abephjt,ZTF21abephjt_alert_13.npy,SN Ia
ZTF21abephjt,ZTF21abephjt_alert_14.npy,SN Ia
ZTF21abephjt,ZTF21abephjt_alert_15.npy,SN Ia
ZTF21abephjt,ZTF21abephjt_alert_16.npy,SN Ia
ZTF21abephjt,ZTF21abephjt_alert_17.npy,SN Ia
ZTF21abephjt,ZTF21abephjt_alert_18.npy,SN Ia
ZTF21abephjt,ZTF21abephjt_alert_9.npy,SN Ia
ZTF21abezcph,ZTF21abezcph_alert_10.npy,Cataclysmic
ZTF21abezcph,ZTF21abezcph_alert_11.npy,Cataclysmic
ZTF21abezcph,ZTF21abezcph_alert_12.npy,Cataclysmic
ZTF21abezcph,ZTF21abezcph_alert_13.npy,Cataclysmic
ZTF21abezcph,ZTF21abezcph_alert_14.npy,Cataclysmic
ZTF21abezcph,ZTF21abezcph_alert_15.npy,Cataclysmic
ZTF21abezcph,ZTF21abezcph_alert_8.npy,Cataclysmic
ZTF21abezcph,ZTF21abezcph_alert_9.npy,Cataclysmic
ZTF21abezono,ZTF21abezono_alert_4.npy,SN II
ZTF21abezono,ZTF21abezono_alert_5.npy,SN II
ZTF21abezono,ZTF21abezono_alert_6.npy,SN II
ZTF21abezono,ZTF21abezono_alert_7.npy,SN II
ZTF21abezono,ZTF21abezono_alert_8.npy,SN II
ZTF21abfionl,ZTF21abfionl_alert_18.npy,SN II
ZTF21abfionl,ZTF21abfionl_alert_20.npy,SN II
ZTF21abfionl,ZTF21abfionl_alert_22.npy,SN II
ZTF21abfionl,ZTF21abfionl_alert_24.npy,SN II
ZTF21abfionl,ZTF21abfionl_alert_26.npy,SN II
ZTF21abfionl,ZTF21abfionl_alert_27.npy,SN II
ZTF21abfionl,ZTF21abfionl_alert_29.npy,SN II
ZTF21abfionl,ZTF21abfionl_alert_31.npy,SN II
ZTF21abfionl,ZTF21abfionl_alert_33.npy,SN II
ZTF21abfionl,ZTF21abfionl_alert_35.npy,SN II
ZTF21abfiuqf,ZTF21abfiuqf_alert_15.npy,SN II
ZTF21abfiuqf,ZTF21abfiuqf_alert_17.npy,SN II
ZTF21abfiuqf,ZTF21abfiuqf_alert_18.npy,SN II
ZTF21abfiuqf,ZTF21abfiuqf_alert_20.npy,SN II
ZTF21abfiuqf,ZTF21abfiuqf_alert_22.npy,SN II
ZTF21abfiuqf,ZTF21abfiuqf_alert_23.npy,SN II
ZTF21abfiuqf,ZTF21abfiuqf_alert_25.npy,SN II
ZTF21abfiuqf,ZTF21abfiuqf_alert_27.npy,SN II
ZTF21abfiuqf,ZTF21abfiuqf_alert_28.npy,SN II
ZTF21abfiuqf,ZTF21abfiuqf_alert_30.npy,SN II
ZTF21abfjgwr,ZTF21abfjgwr_alert_4.npy,SN Ia
ZTF21abfjgwr,ZTF21abfjgwr_alert_5.npy,SN Ia
ZTF21abfjgwr,ZTF21abfjgwr_alert_6.npy,SN Ia
ZTF21abfjgwr,ZTF21abfjgwr_alert_7.npy,SN Ia
ZTF21abfjlxb,ZTF21abfjlxb_alert_10.npy,SN IIb
ZTF21abfjlxb,ZTF21abfjlxb_alert_11.npy,SN IIb
ZTF21abfjlxb,ZTF21abfjlxb_alert_12.npy,SN IIb
ZTF21abfjlxb,ZTF21abfjlxb_alert_6.npy,SN IIb
ZTF21abfjlxb,ZTF21abfjlxb_alert_7.npy,SN IIb
ZTF21abfjlxb,ZTF21abfjlxb_alert_8.npy,SN IIb
ZTF21abfjlxb,ZTF21abfjlxb_alert_9.npy,SN IIb
ZTF21abflhkz,ZTF21abflhkz_alert_3.npy,SN II
ZTF21abflhkz,ZTF21abflhkz_alert_4.npy,SN II
ZTF21abflhkz,ZTF21abflhkz_alert_5.npy,SN II
ZTF21abflhkz,ZTF21abflhkz_alert_6.npy,SN II
ZTF21abfmuun,ZTF21abfmuun_alert_10.npy,SN Ia
ZTF21abfmuun,ZTF21abfmuun_alert_11.npy,SN Ia
ZTF21abfmuun,ZTF21abfmuun_alert_12.npy,SN Ia
ZTF21abfmuun,ZTF21abfmuun_alert_13.npy,SN Ia
ZTF21abfmuun,ZTF21abfmuun_alert_14.npy,SN Ia
ZTF21abfmuun,ZTF21abfmuun_alert_7.npy,SN Ia
ZTF21abfmuun,ZTF21abfmuun_alert_8.npy,SN Ia
ZTF21abfmuun,ZTF21abfmuun_alert_9.npy,SN Ia
ZTF21abfoace,ZTF21abfoace_alert_12.npy,SN IIb
ZTF21abfoace,ZTF21abfoace_alert_13.npy,SN IIb
ZTF21abfoace,ZTF21abfoace_alert_15.npy,SN IIb
ZTF21abfoace,ZTF21abfoace_alert_16.npy,SN IIb
ZTF21abfoace,ZTF21abfoace_alert_17.npy,SN IIb
ZTF21abfoace,ZTF21abfoace_alert_19.npy,SN IIb
ZTF21abfoace,ZTF21abfoace_alert_20.npy,SN IIb
ZTF21abfoace,ZTF21abfoace_alert_21.npy,SN IIb
ZTF21abfoace,ZTF21abfoace_alert_23.npy,SN IIb
ZTF21abfoace,ZTF21abfoace_alert_24.npy,SN IIb
ZTF21abfoyac,ZTF21abfoyac_alert_10.npy,SN II
ZTF21abfoyac,ZTF21abfoyac_alert_11.npy,SN II
ZTF21abfoyac,ZTF21abfoyac_alert_12.npy,SN II
ZTF21abfoyac,ZTF21abfoyac_alert_13.npy,SN II
ZTF21abfoyac,ZTF21abfoyac_alert_14.npy,SN II
ZTF21abfoyac,ZTF21abfoyac_alert_15.npy,SN II
ZTF21abfoyac,ZTF21abfoyac_alert_16.npy,SN II
ZTF21abfoyac,ZTF21abfoyac_alert_8.npy,SN II
ZTF21abfoyac,ZTF21abfoyac_alert_9.npy,SN II
ZTF21abfrbsj,ZTF21abfrbsj_alert_2.npy,SN II
ZTF21abfrbsj,ZTF21abfrbsj_alert_3.npy,SN II
ZTF21abfrbsj,ZTF21abfrbsj_alert_4.npy,SN II
ZTF21abfxhrn,ZTF21abfxhrn_alert_2.npy,SN II
ZTF21abfxhrn,ZTF21abfxhrn_alert_3.npy,SN II
ZTF21abfxhrn,ZTF21abfxhrn_alert_4.npy,SN II
ZTF21abfxjkq,ZTF21abfxjkq_alert_3.npy,SN II
ZTF21abfxjkq,ZTF21abfxjkq_alert_4.npy,SN II
ZTF21abfxjkq,ZTF21abfxjkq_alert_5.npy,SN II
ZTF21abghumo,ZTF21abghumo_alert_15.npy,SN IIn
ZTF21abghumo,ZTF21abghumo_alert_17.npy,SN IIn
ZTF21abghumo,ZTF21abghumo_alert_18.npy,SN IIn
ZTF21abghumo,ZTF21abghumo_alert_20.npy,SN IIn
ZTF21abghumo,ZTF21abghumo_alert_21.npy,SN IIn
ZTF21abghumo,ZTF21abghumo_alert_23.npy,SN IIn
ZTF21abghumo,ZTF21abghumo_alert_24.npy,SN IIn
ZTF21abghumo,ZTF21abghumo_alert_26.npy,SN IIn
ZTF21abghumo,ZTF21abghumo_alert_27.npy,SN IIn
ZTF21abghumo,ZTF21abghumo_alert_29.npy,SN IIn
ZTF21abgywux,ZTF21abgywux_alert_1.npy,SN II
ZTF21abgywux,ZTF21abgywux_alert_2.npy,SN II
ZTF21abgyxmv,ZTF21abgyxmv_alert_2.npy,SN II
ZTF21abgyxmv,ZTF21abgyxmv_alert_3.npy,SN II
ZTF21abgyxmv,ZTF21abgyxmv_alert_4.npy,SN II
ZTF21abgzyvg,ZTF21abgzyvg_alert_4.npy,SN IIn
ZTF21abgzyvg,ZTF21abgzyvg_alert_5.npy,SN IIn
ZTF21abgzyvg,ZTF21abgzyvg_alert_6.npy,SN IIn
ZTF21abgzyvg,ZTF21abgzyvg_alert_7.npy,SN IIn
ZTF21abhhrpj,ZTF21abhhrpj_alert_10.npy,SN II
ZTF21abhhrpj,ZTF21abhhrpj_alert_11.npy,SN II
ZTF21abhhrpj,ZTF21abhhrpj_alert_12.npy,SN II
ZTF21abhhrpj,ZTF21abhhrpj_alert_13.npy,SN II
ZTF21abhhrpj,ZTF21abhhrpj_alert_7.npy,SN II
ZTF21abhhrpj,ZTF21abhhrpj_alert_8.npy,SN II
ZTF21abhhrpj,ZTF21abhhrpj_alert_9.npy,SN II
ZTF21abhqhqb,ZTF21abhqhqb_alert_18.npy,SN II
ZTF21abhqhqb,ZTF21abhqhqb_alert_20.npy,SN II
ZTF21abhqhqb,ZTF21abhqhqb_alert_22.npy,SN II
ZTF21abhqhqb,ZTF21abhqhqb_alert_24.npy,SN II
ZTF21abhqhqb,ZTF21abhqhqb_alert_26.npy,SN II
ZTF21abhqhqb,ZTF21abhqhqb_alert_27.npy,SN II
ZTF21abhqhqb,ZTF21abhqhqb_alert_29.npy,SN II
ZTF21abhqhqb,ZTF21abhqhqb_alert_31.npy,SN II
ZTF21abhqhqb,ZTF21abhqhqb_alert_33.npy,SN II
ZTF21abhqhqb,ZTF21abhqhqb_alert_35.npy,SN II
ZTF21abhrchb,ZTF21abhrchb_alert_1.npy,Tidal Disruption Event
ZTF21abhyqlv,ZTF21abhyqlv_alert_10.npy,SN II
ZTF21abhyqlv,ZTF21abhyqlv_alert_11.npy,SN II
ZTF21abhyqlv,ZTF21abhyqlv_alert_12.npy,SN II
ZTF21abhyqlv,ZTF21abhyqlv_alert_13.npy,SN II
ZTF21abhyqlv,ZTF21abhyqlv_alert_14.npy,SN II
ZTF21abhyqlv,ZTF21abhyqlv_alert_15.npy,SN II
ZTF21abhyqlv,ZTF21abhyqlv_alert_16.npy,SN II
ZTF21abhyqlv,ZTF21abhyqlv_alert_17.npy,SN II
ZTF21abhyqlv,ZTF21abhyqlv_alert_9.npy,SN II
ZTF21abiblpl,ZTF21abiblpl_alert_5.npy,SN II
ZTF21abiblpl,ZTF21abiblpl_alert_6.npy,SN II
ZTF21abiblpl,ZTF21abiblpl_alert_7.npy,SN II
ZTF21abiblpl,ZTF21abiblpl_alert_8.npy,SN II
ZTF21abiblpl,ZTF21abiblpl_alert_9.npy,SN II
ZTF21abieuta,ZTF21abieuta_alert_10.npy,SN Ib
ZTF21abieuta,ZTF21abieuta_alert_11.npy,SN Ib
ZTF21abieuta,ZTF21abieuta_alert_12.npy,SN Ib
ZTF21abieuta,ZTF21abieuta_alert_13.npy,SN Ib
ZTF21abieuta,ZTF21abieuta_alert_14.npy,SN Ib
ZTF21abieuta,ZTF21abieuta_alert_15.npy,SN Ib
ZTF21abieuta,ZTF21abieuta_alert_8.npy,SN Ib
ZTF21abieuta,ZTF21abieuta_alert_9.npy,SN Ib
ZTF21abimeun,ZTF21abimeun_alert_2.npy,SN Ib
ZTF21abimeun,ZTF21abimeun_alert_3.npy,SN Ib
ZTF21abimeun,ZTF21abimeun_alert_4.npy,SN Ib
ZTF21abimnii,ZTF21abimnii_alert_4.npy,SN Ib
ZTF21abimnii,ZTF21abimnii_alert_5.npy,SN Ib
ZTF21abimnii,ZTF21abimnii_alert_6.npy,SN Ib
ZTF21abimnii,ZTF21abimnii_alert_7.npy,SN Ib
ZTF21abiwpjm,ZTF21abiwpjm_alert_10.npy,SN IIn
ZTF21abiwpjm,ZTF21abiwpjm_alert_11.npy,SN IIn
ZTF21abiwpjm,ZTF21abiwpjm_alert_12.npy,SN IIn
ZTF21abiwpjm,ZTF21abiwpjm_alert_13.npy,SN IIn
ZTF21abiwpjm,ZTF21abiwpjm_alert_14.npy,SN IIn
ZTF21abiwpjm,ZTF21abiwpjm_alert_15.npy,SN IIn
ZTF21abiwpjm,ZTF21abiwpjm_alert_16.npy,SN IIn
ZTF21abiwpjm,ZTF21abiwpjm_alert_17.npy,SN IIn
ZTF21abiwpjm,ZTF21abiwpjm_alert_18.npy,SN IIn
ZTF21abiwpjm,ZTF21abiwpjm_alert_19.npy,SN IIn
ZTF21abjamta,ZTF21abjamta_alert_1.npy,SN II
ZTF21abjamta,ZTF21abjamta_alert_2.npy,SN II
ZTF21abjbukd,ZTF21abjbukd_alert_10.npy,SN II
ZTF21abjbukd,ZTF21abjbukd_alert_11.npy,SN II
ZTF21abjbukd,ZTF21abjbukd_alert_12.npy,SN II
ZTF21abjbukd,ZTF21abjbukd_alert_13.npy,SN II
ZTF21abjbukd,ZTF21abjbukd_alert_14.npy,SN II
ZTF21abjbukd,ZTF21abjbukd_alert_7.npy,SN II
ZTF21abjbukd,ZTF21abjbukd_alert_8.npy,SN II
ZTF21abjbukd,ZTF21abjbukd_alert_9.npy,SN II
ZTF21abjtqyq,ZTF21abjtqyq_alert_27.npy,SN Ia
ZTF21abjtqyq,ZTF21abjtqyq_alert_30.npy,SN Ia
ZTF21abjtqyq,ZTF21abjtqyq_alert_33.npy,SN Ia
ZTF21abjtqyq,ZTF21abjtqyq_alert_36.npy,SN Ia
ZTF21abjtqyq,ZTF21abjtqyq_alert_39.npy,SN Ia
ZTF21abjtqyq,ZTF21abjtqyq_alert_42.npy,SN Ia
ZTF21abjtqyq,ZTF21abjtqyq_alert_45.npy,SN Ia
ZTF21abjtqyq,ZTF21abjtqyq_alert_48.npy,SN Ia
ZTF21abjtqyq,ZTF21abjtqyq_alert_51.npy,SN Ia
ZTF21abjtqyq,ZTF21abjtqyq_alert_54.npy,SN Ia
ZTF21abjvwdj,ZTF21abjvwdj_alert_4.npy,SN II
ZTF21abjvwdj,ZTF21abjvwdj_alert_5.npy,SN II
ZTF21abjvwdj,ZTF21abjvwdj_alert_6.npy,SN II
ZTF21abjvwdj,ZTF21abjvwdj_alert_7.npy,SN II
ZTF21abjwtrk,ZTF21abjwtrk_alert_2.npy,SN IIb
ZTF21abjwtrk,ZTF21abjwtrk_alert_3.npy,SN IIb
ZTF21abjzkjf,ZTF21abjzkjf_alert_2.npy,SN Ia
ZTF21abjzkjf,ZTF21abjzkjf_alert_3.npy,SN Ia
ZTF21abkkwie,ZTF21abkkwie_alert_3.npy,SN Ia
ZTF21abkkwie,ZTF21abkkwie_alert_4.npy,SN Ia
ZTF21abkkwie,ZTF21abkkwie_alert_5.npy,SN Ia
ZTF21abkkwie,ZTF21abkkwie_alert_6.npy,SN Ia
ZTF21ablvzhp,ZTF21ablvzhp_alert_4.npy,SN II
ZTF21ablvzhp,ZTF21ablvzhp_alert_5.npy,SN II
ZTF21ablvzhp,ZTF21ablvzhp_alert_6.npy,SN II
ZTF21ablvzhp,ZTF21ablvzhp_alert_7.npy,SN II
ZTF21ablvzhp,ZTF21ablvzhp_alert_8.npy,SN II
ZTF21ablwehd,ZTF21ablwehd_alert_4.npy,SN II
ZTF21ablwehd,ZTF21ablwehd_alert_5.npy,SN II
ZTF21ablwehd,ZTF21ablwehd_alert_6.npy,SN II
ZTF21ablwehd,ZTF21ablwehd_alert_7.npy,SN II
ZTF21ablwfcp,ZTF21ablwfcp_alert_4.npy,SN Ia
ZTF21ablwfcp,ZTF21ablwfcp_alert_5.npy,SN Ia
ZTF21ablwfcp,ZTF21ablwfcp_alert_6.npy,SN Ia
ZTF21ablwfcp,ZTF21ablwfcp_alert_7.npy,SN Ia
ZTF21abmemav,ZTF21abmemav_alert_2.npy,Cataclysmic
ZTF21abmemav,ZTF21abmemav_alert_3.npy,Cataclysmic
ZTF21abmwghp,ZTF21abmwghp_alert_2.npy,SN Ia
ZTF21abmwghp,ZTF21abmwghp_alert_3.npy,SN Ia
ZTF21abmwzxt,ZTF21abmwzxt_alert_2.npy,SN II
ZTF21abmwzxt,ZTF21abmwzxt_alert_3.npy,SN II
ZTF21abmwzxt,ZTF21abmwzxt_alert_4.npy,SN II
ZTF21abngbrl,ZTF21abngbrl_alert_1.npy,SN Ib
ZTF21abnudtb,ZTF21abnudtb_alert_10.npy,SN II
ZTF21abnudtb,ZTF21abnudtb_alert_5.npy,SN II
ZTF21abnudtb,ZTF21abnudtb_alert_6.npy,SN II
ZTF21abnudtb,ZTF21abnudtb_alert_7.npy,SN II
ZTF21abnudtb,ZTF21abnudtb_alert_8.npy,SN II
ZTF21abnudtb,ZTF21abnudtb_alert_9.npy,SN II
ZTF21abnuldi,ZTF21abnuldi_alert_10.npy,SN IIb
ZTF21abnuldi,ZTF21abnuldi_alert_11.npy,SN IIb
ZTF21abnuldi,ZTF21abnuldi_alert_6.npy,SN IIb
ZTF21abnuldi,ZTF21abnuldi_alert_7.npy,SN IIb
ZTF21abnuldi,ZTF21abnuldi_alert_8.npy,SN IIb
ZTF21abnuldi,ZTF21abnuldi_alert_9.npy,SN IIb
ZTF21abouuat,ZTF21abouuat_alert_10.npy,SN II
ZTF21abouuat,ZTF21abouuat_alert_5.npy,SN II
ZTF21abouuat,ZTF21abouuat_alert_6.npy,SN II
ZTF21abouuat,ZTF21abouuat_alert_7.npy,SN II
ZTF21abouuat,ZTF21abouuat_alert_8.npy,SN II
ZTF21abouuat,ZTF21abouuat_alert_9.npy,SN II
ZTF21abplypq,ZTF21abplypq_alert_105.npy,SN II
ZTF21abplypq,ZTF21abplypq_alert_113.npy,SN II
ZTF21abplypq,ZTF21abplypq_alert_121.npy,SN II
ZTF21abplypq,ZTF21abplypq_alert_129.npy,SN II
ZTF21abplypq,ZTF21abplypq_alert_137.npy,SN II
ZTF21abplypq,ZTF21abplypq_alert_145.npy,SN II
ZTF21abplypq,ZTF21abplypq_alert_73.npy,SN II
ZTF21abplypq,ZTF21abplypq_alert_81.npy,SN II
ZTF21abplypq,ZTF21abplypq_alert_89.npy,SN II
ZTF21abplypq,ZTF21abplypq_alert_97.npy,SN II
ZTF21abpmlxu,ZTF21abpmlxu_alert_3.npy,SN IIn
ZTF21abpmlxu,ZTF21abpmlxu_alert_4.npy,SN IIn
ZTF21abpmlxu,ZTF21abpmlxu_alert_5.npy,SN IIn
ZTF21abptxfk,ZTF21abptxfk_alert_10.npy,SN II
ZTF21abptxfk,ZTF21abptxfk_alert_11.npy,SN II
ZTF21abptxfk,ZTF21abptxfk_alert_12.npy,SN II
ZTF21abptxfk,ZTF21abptxfk_alert_13.npy,SN II
ZTF21abptxfk,ZTF21abptxfk_alert_14.npy,SN II
ZTF21abptxfk,ZTF21abptxfk_alert_7.npy,SN II
ZTF21abptxfk,ZTF21abptxfk_alert_8.npy,SN II
ZTF21abptxfk,ZTF21abptxfk_alert_9.npy,SN II
ZTF21abpuent,ZTF21abpuent_alert_2.npy,SN II
ZTF21abpuent,ZTF21abpuent_alert_3.npy,SN II
ZTF21abpyauz,ZTF21abpyauz_alert_10.npy,SN II
ZTF21abpyauz,ZTF21abpyauz_alert_11.npy,SN II
ZTF21abpyauz,ZTF21abpyauz_alert_12.npy,SN II
ZTF21abpyauz,ZTF21abpyauz_alert_6.npy,SN II
ZTF21abpyauz,ZTF21abpyauz_alert_7.npy,SN II
ZTF21abpyauz,ZTF21abpyauz_alert_8.npy,SN II
ZTF21abpyauz,ZTF21abpyauz_alert_9.npy,SN II
ZTF21abqftqr,ZTF21abqftqr_alert_3.npy,SN Ia
ZTF21abqftqr,ZTF21abqftqr_alert_4.npy,SN Ia
ZTF21abqftqr,ZTF21abqftqr_alert_5.npy,SN Ia
ZTF21abqftqr,ZTF21abqftqr_alert_6.npy,SN Ia
ZTF21abqmrun,ZTF21abqmrun_alert_10.npy,SN II
ZTF21abqmrun,ZTF21abqmrun_alert_11.npy,SN II
ZTF21abqmrun,ZTF21abqmrun_alert_12.npy,SN II
ZTF21abqmrun,ZTF21abqmrun_alert_13.npy,SN II
ZTF21abqmrun,ZTF21abqmrun_alert_14.npy,SN II
ZTF21abqmrun,ZTF21abqmrun_alert_15.npy,SN II
ZTF21abqmrun,ZTF21abqmrun_alert_16.npy,SN II
ZTF21abqmrun,ZTF21abqmrun_alert_17.npy,SN II
ZTF21abqmrun,ZTF21abqmrun_alert_9.npy,SN II
ZTF21abqvzjy,ZTF21abqvzjy_alert_3.npy,SN II
ZTF21abqvzjy,ZTF21abqvzjy_alert_4.npy,SN II
ZTF21abqvzjy,ZTF21abqvzjy_alert_5.npy,SN II
ZTF21abqxmpa,ZTF21abqxmpa_alert_10.npy,SN II
ZTF21abqxmpa,ZTF21abqxmpa_alert_5.npy,SN II
ZTF21abqxmpa,ZTF21abqxmpa_alert_6.npy,SN II
ZTF21abqxmpa,ZTF21abqxmpa_alert_7.npy,SN II
ZTF21abqxmpa,ZTF21abqxmpa_alert_8.npy,SN II
ZTF21abqxmpa,ZTF21abqxmpa_alert_9.npy,SN II
ZTF21abraccv,ZTF21abraccv_alert_11.npy,SN Ic
ZTF21abraccv,ZTF21abraccv_alert_12.npy,SN Ic
ZTF21abraccv,ZTF21abraccv_alert_13.npy,SN Ic
ZTF21abraccv,ZTF21abraccv_alert_15.npy,SN Ic
ZTF21abraccv,ZTF21abraccv_alert_16.npy,SN Ic
ZTF21abraccv,ZTF21abraccv_alert_17.npy,SN Ic
ZTF21abraccv,ZTF21abraccv_alert_18.npy,SN Ic
ZTF21abraccv,ZTF21abraccv_alert_20.npy,SN Ic
ZTF21abraccv,ZTF21abraccv_alert_21.npy,SN Ic
ZTF21abraccv,ZTF21abraccv_alert_22.npy,SN Ic
ZTF21abrfvax,ZTF21abrfvax_alert_2.npy,SN Ic
ZTF21abrfvax,ZTF21abrfvax_alert_3.npy,SN Ic
ZTF21abrfvax,ZTF21abrfvax_alert_4.npy,SN Ic
ZTF21abrotmc,ZTF21abrotmc_alert_21.npy,SN Ia
ZTF21abrotmc,ZTF21abrotmc_alert_23.npy,SN Ia
ZTF21abrotmc,ZTF21abrotmc_alert_25.npy,SN Ia
ZTF21abrotmc,ZTF21abrotmc_alert_28.npy,SN Ia
ZTF21abrotmc,ZTF21abrotmc_alert_30.npy,SN Ia
ZTF21abrotmc,ZTF21abrotmc_alert_32.npy,SN Ia
ZTF21abrotmc,ZTF21abrotmc_alert_34.npy,SN Ia
ZTF21abrotmc,ZTF21abrotmc_alert_37.npy,SN Ia
ZTF21abrotmc,ZTF21abrotmc_alert_39.npy,SN Ia
ZTF21abrotmc,ZTF21abrotmc_alert_41.npy,SN Ia
ZTF21abrqrsz,ZTF21abrqrsz_alert_10.npy,SN Ib
ZTF21abrqrsz,ZTF21abrqrsz_alert_11.npy,SN Ib
ZTF21abrqrsz,ZTF21abrqrsz_alert_12.npy,SN Ib
ZTF21abrqrsz,ZTF21abrqrsz_alert_13.npy,SN Ib
ZTF21abrqrsz,ZTF21abrqrsz_alert_14.npy,SN Ib
ZTF21abrqrsz,ZTF21abrqrsz_alert_15.npy,SN Ib
ZTF21abrqrsz,ZTF21abrqrsz_alert_16.npy,SN Ib
ZTF21abrqrsz,ZTF21abrqrsz_alert_8.npy,SN Ib
ZTF21abrqrsz,ZTF21abrqrsz_alert_9.npy,SN Ib
ZTF21abrthyb,ZTF21abrthyb_alert_3.npy,Cataclysmic
ZTF21abrthyb,ZTF21abrthyb_alert_4.npy,Cataclysmic
ZTF21abrthyb,ZTF21abrthyb_alert_5.npy,Cataclysmic
ZTF21absbrag,ZTF21absbrag_alert_3.npy,SN Ia
ZTF21absbrag,ZTF21absbrag_alert_4.npy,SN Ia
ZTF21absbrag,ZTF21absbrag_alert_5.npy,SN Ia
ZTF21absbujl,ZTF21absbujl_alert_10.npy,SN Ia
ZTF21absbujl,ZTF21absbujl_alert_5.npy,SN Ia
ZTF21absbujl,ZTF21absbujl_alert_6.npy,SN Ia
ZTF21absbujl,ZTF21absbujl_alert_7.npy,SN Ia
ZTF21absbujl,ZTF21absbujl_alert_8.npy,SN Ia
ZTF21absbujl,ZTF21absbujl_alert_9.npy,SN Ia
ZTF21absxxew,ZTF21absxxew_alert_10.npy,SN II
ZTF21absxxew,ZTF21absxxew_alert_11.npy,SN II
ZTF21absxxew,ZTF21absxxew_alert_12.npy,SN II
ZTF21absxxew,ZTF21absxxew_alert_13.npy,SN II
ZTF21absxxew,ZTF21absxxew_alert_14.npy,SN II
ZTF21absxxew,ZTF21absxxew_alert_7.npy,SN II
ZTF21absxxew,ZTF21absxxew_alert_8.npy,SN II
ZTF21absxxew,ZTF21absxxew_alert_9.npy,SN II
ZTF21abtaxou,ZTF21abtaxou_alert_5.npy,SN Ia
ZTF21abtaxou,ZTF21abtaxou_alert_6.npy,SN Ia
ZTF21abtaxou,ZTF21abtaxou_alert_7.npy,SN Ia
ZTF21abtaxou,ZTF21abtaxou_alert_8.npy,SN Ia
ZTF21abtaxou,ZTF21abtaxou_alert_9.npy,SN Ia
ZTF21abtcgdo,ZTF21abtcgdo_alert_2.npy,SN II
ZTF21abtcgdo,ZTF21abtcgdo_alert_3.npy,SN II
ZTF21abtorlk,ZTF21abtorlk_alert_2.npy,SN IIn
ZTF21abtorlk,ZTF21abtorlk_alert_3.npy,SN IIn
ZTF21abtxxjk,ZTF21abtxxjk_alert_2.npy,SN Ia
ZTF21abtxxjk,ZTF21abtxxjk_alert_3.npy,SN Ia
ZTF21abtxxjk,ZTF21abtxxjk_alert_4.npy,SN Ia
ZTF21abtzlnh,ZTF21abtzlnh_alert_10.npy,SN II
ZTF21abtzlnh,ZTF21abtzlnh_alert_11.npy,SN II
ZTF21abtzlnh,ZTF21abtzlnh_alert_12.npy,SN II
ZTF21abtzlnh,ZTF21abtzlnh_alert_13.npy,SN II
ZTF21abtzlnh,ZTF21abtzlnh_alert_14.npy,SN II
ZTF21abtzlnh,ZTF21abtzlnh_alert_7.npy,SN II
ZTF21abtzlnh,ZTF21abtzlnh_alert_8.npy,SN II
ZTF21abtzlnh,ZTF21abtzlnh_alert_9.npy,SN II
ZTF21abujgmr,ZTF21abujgmr_alert_10.npy,SN IIn
ZTF21abujgmr,ZTF21abujgmr_alert_11.npy,SN IIn
ZTF21abujgmr,ZTF21abujgmr_alert_6.npy,SN IIn
ZTF21abujgmr,ZTF21abujgmr_alert_7.npy,SN IIn
ZTF21abujgmr,ZTF21abujgmr_alert_8.npy,SN IIn
ZTF21abujgmr,ZTF21abujgmr_alert_9.npy,SN IIn
ZTF21abukwfl,ZTF21abukwfl_alert_10.npy,SN Ia
ZTF21abukwfl,ZTF21abukwfl_alert_11.npy,SN Ia
ZTF21abukwfl,ZTF21abukwfl_alert_12.npy,SN Ia
ZTF21abukwfl,ZTF21abukwfl_alert_13.npy,SN Ia
ZTF21abukwfl,ZTF21abukwfl_alert_14.npy,SN Ia
ZTF21abukwfl,ZTF21abukwfl_alert_7.npy,SN Ia
ZTF21abukwfl,ZTF21abukwfl_alert_8.npy,SN Ia
ZTF21abukwfl,ZTF21abukwfl_alert_9.npy,SN Ia
ZTF21abulpnc,ZTF21abulpnc_alert_3.npy,SN IIn
ZTF21abulpnc,ZTF21abulpnc_alert_4.npy,SN IIn
ZTF21abulpnc,ZTF21abulpnc_alert_5.npy,SN IIn
ZTF21abuxitb,ZTF21abuxitb_alert_2.npy,SN II
ZTF21abuxitb,ZTF21abuxitb_alert_3.npy,SN II
ZTF21abvajfr,ZTF21abvajfr_alert_10.npy,SN Ia
ZTF21abvajfr,ZTF21abvajfr_alert_11.npy,SN Ia
ZTF21abvajfr,ZTF21abvajfr_alert_12.npy,SN Ia
ZTF21abvajfr,ZTF21abvajfr_alert_13.npy,SN Ia
ZTF21abvajfr,ZTF21abvajfr_alert_7.npy,SN Ia
ZTF21abvajfr,ZTF21abvajfr_alert_8.npy,SN Ia
ZTF21abvajfr,ZTF21abvajfr_alert_9.npy,SN Ia
ZTF21abvbdyr,ZTF21abvbdyr_alert_1.npy,SN IIb
ZTF21abvbhul,ZTF21abvbhul_alert_3.npy,SN Ia
ZTF21abvbhul,ZTF21abvbhul_alert_4.npy,SN Ia
ZTF21abvbhul,ZTF21abvbhul_alert_5.npy,SN Ia
ZTF21abvcxid,ZTF21abvcxid_alert_3.npy,SN II
ZTF21abvcxid,ZTF21abvcxid_alert_4.npy,SN II
ZTF21abvcxid,ZTF21abvcxid_alert_5.npy,SN II
ZTF21abvcxid,ZTF21abvcxid_alert_6.npy,SN II
ZTF21abvdikq,ZTF21abvdikq_alert_10.npy,SN II
ZTF21abvdikq,ZTF21abvdikq_alert_11.npy,SN II
ZTF21abvdikq,ZTF21abvdikq_alert_12.npy,SN II
ZTF21abvdikq,ZTF21abvdikq_alert_13.npy,SN II
ZTF21abvdikq,ZTF21abvdikq_alert_14.npy,SN II
ZTF21abvdikq,ZTF21abvdikq_alert_16.npy,SN II
ZTF21abvdikq,ZTF21abvdikq_alert_17.npy,SN II
ZTF21abvdikq,ZTF21abvdikq_alert_18.npy,SN II
ZTF21abvdikq,ZTF21abvdikq_alert_19.npy,SN II
ZTF21abvdikq,ZTF21abvdikq_alert_20.npy,SN II
ZTF21abviabc,ZTF21abviabc_alert_1.npy,SN II
ZTF21abviabc,ZTF21abviabc_alert_2.npy,SN II
ZTF21abvpdjh,ZTF21abvpdjh_alert_10.npy,SN Ia
ZTF21abvpdjh,ZTF21abvpdjh_alert_11.npy,SN Ia
ZTF21abvpdjh,ZTF21abvpdjh_alert_12.npy,SN Ia
ZTF21abvpdjh,ZTF21abvpdjh_alert_13.npy,SN Ia
ZTF21abvpdjh,ZTF21abvpdjh_alert_14.npy,SN Ia
ZTF21abvpdjh,ZTF21abvpdjh_alert_7.npy,SN Ia
ZTF21abvpdjh,ZTF21abvpdjh_alert_8.npy,SN Ia
ZTF21abvpdjh,ZTF21abvpdjh_alert_9.npy,SN Ia
ZTF21abwqopp,ZTF21abwqopp_alert_10.npy,SN Ia
ZTF21abwqopp,ZTF21abwqopp_alert_11.npy,SN Ia
ZTF21abwqopp,ZTF21abwqopp_alert_12.npy,SN Ia
ZTF21abwqopp,ZTF21abwqopp_alert_13.npy,SN Ia
ZTF21abwqopp,ZTF21abwqopp_alert_14.npy,SN Ia
ZTF21abwqopp,ZTF21abwqopp_alert_15.npy,SN Ia
ZTF21abwqopp,ZTF21abwqopp_alert_16.npy,SN Ia
ZTF21abwqopp,ZTF21abwqopp_alert_17.npy,SN Ia
ZTF21abwqopp,ZTF21abwqopp_alert_9.npy,SN Ia
ZTF21abwurky,ZTF21abwurky_alert_10.npy,SN Ia
ZTF21abwurky,ZTF21abwurky_alert_11.npy,SN Ia
ZTF21abwurky,ZTF21abwurky_alert_12.npy,SN Ia
ZTF21abwurky,ZTF21abwurky_alert_13.npy,SN Ia
ZTF21abwurky,ZTF21abwurky_alert_14.npy,SN Ia
ZTF21abwurky,ZTF21abwurky_alert_15.npy,SN Ia
ZTF21abwurky,ZTF21abwurky_alert_16.npy,SN Ia
ZTF21abwurky,ZTF21abwurky_alert_8.npy,SN Ia
ZTF21abwurky,ZTF21abwurky_alert_9.npy,SN Ia
ZTF21abxgqil,ZTF21abxgqil_alert_13.npy,SN II
ZTF21abxgqil,ZTF21abxgqil_alert_14.npy,SN II
ZTF21abxgqil,ZTF21abxgqil_alert_16.npy,SN II
ZTF21abxgqil,ZTF21abxgqil_alert_17.npy,SN II
ZTF21abxgqil,ZTF21abxgqil_alert_18.npy,SN II
ZTF21abxgqil,ZTF21abxgqil_alert_20.npy,SN II
ZTF21abxgqil,ZTF21abxgqil_alert_21.npy,SN II
ZTF21abxgqil,ZTF21abxgqil_alert_22.npy,SN II
ZTF21abxgqil,ZTF21abxgqil_alert_24.npy,SN II
ZTF21abxgqil,ZTF21abxgqil_alert_25.npy,SN II
ZTF21abxlmuw,ZTF21abxlmuw_alert_3.npy,SN IIn
ZTF21abxlmuw,ZTF21abxlmuw_alert_4.npy,SN IIn
ZTF21abxlmuw,ZTF21abxlmuw_alert_5.npy,SN IIn
ZTF21abxlmuw,ZTF21abxlmuw_alert_6.npy,SN IIn
ZTF21abxniow,ZTF21abxniow_alert_10.npy,SN Ia
ZTF21abxniow,ZTF21abxniow_alert_5.npy,SN Ia
ZTF21abxniow,ZTF21abxniow_alert_6.npy,SN Ia
ZTF21abxniow,ZTF21abxniow_alert_7.npy,SN Ia
ZTF21abxniow,ZTF21abxniow_alert_8.npy,SN Ia
ZTF21abxniow,ZTF21abxniow_alert_9.npy,SN Ia
ZTF21abxtfwo,ZTF21abxtfwo_alert_3.npy,SN IIn
ZTF21abxtfwo,ZTF21abxtfwo_alert_4.npy,SN IIn
ZTF21abxtfwo,ZTF21abxtfwo_alert_5.npy,SN IIn
ZTF21abyahbi,ZTF21abyahbi_alert_10.npy,SN II
ZTF21abyahbi,ZTF21abyahbi_alert_11.npy,SN II
ZTF21abyahbi,ZTF21abyahbi_alert_12.npy,SN II
ZTF21abyahbi,ZTF21abyahbi_alert_13.npy,SN II
ZTF21abyahbi,ZTF21abyahbi_alert_14.npy,SN II
ZTF21abyahbi,ZTF21abyahbi_alert_15.npy,SN II
ZTF21abyahbi,ZTF21abyahbi_alert_8.npy,SN II
ZTF21abyahbi,ZTF21abyahbi_alert_9.npy,SN II
ZTF21abzbuvf,ZTF21abzbuvf_alert_5.npy,SN Ia
ZTF21abzbuvf,ZTF21abzbuvf_alert_6.npy,SN Ia
ZTF21abzbuvf,ZTF21abzbuvf_alert_7.npy,SN Ia
ZTF21abzbuvf,ZTF21abzbuvf_alert_8.npy,SN Ia
ZTF21abzbuvf,ZTF21abzbuvf_alert_9.npy,SN Ia
ZTF21abzciqh,ZTF21abzciqh_alert_10.npy,SN II
ZTF21abzciqh,ZTF21abzciqh_alert_11.npy,SN II
ZTF21abzciqh,ZTF21abzciqh_alert_12.npy,SN II
ZTF21abzciqh,ZTF21abzciqh_alert_13.npy,SN II
ZTF21abzciqh,ZTF21abzciqh_alert_14.npy,SN II
ZTF21abzciqh,ZTF21abzciqh_alert_7.npy,SN II
ZTF21abzciqh,ZTF21abzciqh_alert_8.npy,SN II
ZTF21abzciqh,ZTF21abzciqh_alert_9.npy,SN II
ZTF21abzgzvs,ZTF21abzgzvs_alert_2.npy,SN Ia
ZTF21abzgzvs,ZTF21abzgzvs_alert_3.npy,SN Ia
ZTF21abzgzvs,ZTF21abzgzvs_alert_4.npy,SN Ia
ZTF21abzxkyv,ZTF21abzxkyv_alert_10.npy,SN Ia
ZTF21abzxkyv,ZTF21abzxkyv_alert_11.npy,SN Ia
ZTF21abzxkyv,ZTF21abzxkyv_alert_12.npy,SN Ia
ZTF21abzxkyv,ZTF21abzxkyv_alert_6.npy,SN Ia
ZTF21abzxkyv,ZTF21abzxkyv_alert_7.npy,SN Ia
ZTF21abzxkyv,ZTF21abzxkyv_alert_8.npy,SN Ia
ZTF21abzxkyv,ZTF21abzxkyv_alert_9.npy,SN Ia
ZTF21acadrzr,ZTF21acadrzr_alert_5.npy,SN II
ZTF21acadrzr,ZTF21acadrzr_alert_6.npy,SN II
ZTF21acadrzr,ZTF21acadrzr_alert_7.npy,SN II
ZTF21acadrzr,ZTF21acadrzr_alert_8.npy,SN II
ZTF21acadrzr,ZTF21acadrzr_alert_9.npy,SN II
ZTF21acafqtj,ZTF21acafqtj_alert_5.npy,SN II
ZTF21acafqtj,ZTF21acafqtj_alert_6.npy,SN II
ZTF21acafqtj,ZTF21acafqtj_alert_7.npy,SN II
ZTF21acafqtj,ZTF21acafqtj_alert_8.npy,SN II
ZTF21acafqtj,ZTF21acafqtj_alert_9.npy,SN II
ZTF21acafvhf,ZTF21acafvhf_alert_3.npy,Tidal Disruption Event
ZTF21acafvhf,ZTF21acafvhf_alert_4.npy,Tidal Disruption Event
ZTF21acafvhf,ZTF21acafvhf_alert_5.npy,Tidal Disruption Event
ZTF21acagtdn,ZTF21acagtdn_alert_2.npy,SN II
ZTF21acagtdn,ZTF21acagtdn_alert_3.npy,SN II
ZTF21acbxtqq,ZTF21acbxtqq_alert_10.npy,SN Ia
ZTF21acbxtqq,ZTF21acbxtqq_alert_11.npy,SN Ia
ZTF21acbxtqq,ZTF21acbxtqq_alert_12.npy,SN Ia
ZTF21acbxtqq,ZTF21acbxtqq_alert_13.npy,SN Ia
ZTF21acbxtqq,ZTF21acbxtqq_alert_14.npy,SN Ia
ZTF21acbxtqq,ZTF21acbxtqq_alert_7.npy,SN Ia
ZTF21acbxtqq,ZTF21acbxtqq_alert_8.npy,SN Ia
ZTF21acbxtqq,ZTF21acbxtqq_alert_9.npy,SN Ia
ZTF21acceboj,ZTF21acceboj_alert_13.npy,SN IIP
ZTF21acceboj,ZTF21acceboj_alert_14.npy,SN IIP
ZTF21acceboj,ZTF21acceboj_alert_16.npy,SN IIP
ZTF21acceboj,ZTF21acceboj_alert_17.npy,SN IIP
ZTF21acceboj,ZTF21acceboj_alert_19.npy,SN IIP
ZTF21acceboj,ZTF21acceboj_alert_20.npy,SN IIP
ZTF21acceboj,ZTF21acceboj_alert_22.npy,SN IIP
ZTF21acceboj,ZTF21acceboj_alert_23.npy,SN IIP
ZTF21acceboj,ZTF21acceboj_alert_25.npy,SN IIP
ZTF21acceboj,ZTF21acceboj_alert_26.npy,SN IIP
ZTF21accgsbf,ZTF21accgsbf_alert_2.npy,SN IIn
ZTF21accgsbf,ZTF21accgsbf_alert_3.npy,SN IIn
ZTF21accgsbf,ZTF21accgsbf_alert_4.npy,SN IIn
ZTF21acchbmn,ZTF21acchbmn_alert_16.npy,SN II
ZTF21acchbmn,ZTF21acchbmn_alert_18.npy,SN II
ZTF21acchbmn,ZTF21acchbmn_alert_19.npy,SN II
ZTF21acchbmn,ZTF21acchbmn_alert_21.npy,SN II
ZTF21acchbmn,ZTF21acchbmn_alert_23.npy,SN II
ZTF21acchbmn,ZTF21acchbmn_alert_24.npy,SN II
ZTF21acchbmn,ZTF21acchbmn_alert_26.npy,SN II
ZTF21acchbmn,ZTF21acchbmn_alert_28.npy,SN II
ZTF21acchbmn,ZTF21acchbmn_alert_29.npy,SN II
ZTF21acchbmn,ZTF21acchbmn_alert_31.npy,SN II
ZTF21acckcni,ZTF21acckcni_alert_2.npy,SN IIn
ZTF21acckcni,ZTF21acckcni_alert_3.npy,SN IIn
ZTF21acckcni,ZTF21acckcni_alert_4.npy,SN IIn
ZTF21acclizu,ZTF21acclizu_alert_5.npy,SN Ia
ZTF21acclizu,ZTF21acclizu_alert_6.npy,SN Ia
ZTF21acclizu,ZTF21acclizu_alert_7.npy,SN Ia
ZTF21acclizu,ZTF21acclizu_alert_8.npy,SN Ia
ZTF21acclizu,ZTF21acclizu_alert_9.npy,SN Ia
ZTF21accqros,ZTF21accqros_alert_1.npy,SN II
ZTF21accqros,ZTF21accqros_alert_2.npy,SN II
ZTF21accwcrh,ZTF21accwcrh_alert_3.npy,SN II
ZTF21accwcrh,ZTF21accwcrh_alert_4.npy,SN II
ZTF21accwcrh,ZTF21accwcrh_alert_5.npy,SN II
ZTF21accwcrh,ZTF21accwcrh_alert_6.npy,SN II
ZTF21accyxid,ZTF21accyxid_alert_1.npy,SN II
ZTF21accyxid,ZTF21accyxid_alert_2.npy,SN II
ZTF21acdcxaf,ZTF21acdcxaf_alert_10.npy,SN II
ZTF21acdcxaf,ZTF21acdcxaf_alert_5.npy,SN II
ZTF21acdcxaf,ZTF21acdcxaf_alert_6.npy,SN II
ZTF21acdcxaf,ZTF21acdcxaf_alert_7.npy,SN II
ZTF21acdcxaf,ZTF21acdcxaf_alert_8.npy,SN II
ZTF21acdcxaf,ZTF21acdcxaf_alert_9.npy,SN II
ZTF21acdezwk,ZTF21acdezwk_alert_10.npy,SN II
ZTF21acdezwk,ZTF21acdezwk_alert_11.npy,SN II
ZTF21acdezwk,ZTF21acdezwk_alert_12.npy,SN II
ZTF21acdezwk,ZTF21acdezwk_alert_6.npy,SN II
ZTF21acdezwk,ZTF21acdezwk_alert_7.npy,SN II
ZTF21acdezwk,ZTF21acdezwk_alert_8.npy,SN II
ZTF21acdezwk,ZTF21acdezwk_alert_9.npy,SN II
ZTF21acdjqfq,ZTF21acdjqfq_alert_3.npy,Cataclysmic
ZTF21acdjqfq,ZTF21acdjqfq_alert_4.npy,Cataclysmic
ZTF21acdjqfq,ZTF21acdjqfq_alert_5.npy,Cataclysmic
ZTF21acdjqfq,ZTF21acdjqfq_alert_6.npy,Cataclysmic
ZTF21acdontl,ZTF21acdontl_alert_5.npy,SN II
ZTF21acdontl,ZTF21acdontl_alert_6.npy,SN II
ZTF21acdontl,ZTF21acdontl_alert_7.npy,SN II
ZTF21acdontl,ZTF21acdontl_alert_8.npy,SN II
ZTF21acdontl,ZTF21acdontl_alert_9.npy,SN II
ZTF21acdwvwo,ZTF21acdwvwo_alert_4.npy,SN Ia
ZTF21acdwvwo,ZTF21acdwvwo_alert_5.npy,SN Ia
ZTF21acdwvwo,ZTF21acdwvwo_alert_6.npy,SN Ia
ZTF21acdwvwo,ZTF21acdwvwo_alert_7.npy,SN Ia
ZTF21acdwvwo,ZTF21acdwvwo_alert_8.npy,SN Ia
ZTF21acdxhuv,ZTF21acdxhuv_alert_11.npy,SN Ib
ZTF21acdxhuv,ZTF21acdxhuv_alert_12.npy,SN Ib
ZTF21acdxhuv,ZTF21acdxhuv_alert_13.npy,SN Ib
ZTF21acdxhuv,ZTF21acdxhuv_alert_15.npy,SN Ib
ZTF21acdxhuv,ZTF21acdxhuv_alert_16.npy,SN Ib
ZTF21acdxhuv,ZTF21acdxhuv_alert_17.npy,SN Ib
ZTF21acdxhuv,ZTF21acdxhuv_alert_18.npy,SN Ib
ZTF21acdxhuv,ZTF21acdxhuv_alert_20.npy,SN Ib
ZTF21acdxhuv,ZTF21acdxhuv_alert_21.npy,SN Ib
ZTF21acdxhuv,ZTF21acdxhuv_alert_22.npy,SN Ib
ZTF21aceehxt,ZTF21aceehxt_alert_4.npy,SN Ib
ZTF21aceehxt,ZTF21aceehxt_alert_5.npy,SN Ib
ZTF21aceehxt,ZTF21aceehxt_alert_6.npy,SN Ib
ZTF21aceehxt,ZTF21aceehxt_alert_7.npy,SN Ib
ZTF21aceqpgp,ZTF21aceqpgp_alert_2.npy,SN II
ZTF21aceqpgp,ZTF21aceqpgp_alert_3.npy,SN II
ZTF21acgmvhs,ZTF21acgmvhs_alert_2.npy,Cataclysmic
ZTF21acgmvhs,ZTF21acgmvhs_alert_3.npy,Cataclysmic
ZTF21acgmvhs,ZTF21acgmvhs_alert_4.npy,Cataclysmic
ZTF21acgqhru,ZTF21acgqhru_alert_10.npy,SN II
ZTF21acgqhru,ZTF21acgqhru_alert_11.npy,SN II
ZTF21acgqhru,ZTF21acgqhru_alert_12.npy,SN II
ZTF21acgqhru,ZTF21acgqhru_alert_13.npy,SN II
ZTF21acgqhru,ZTF21acgqhru_alert_14.npy,SN II
ZTF21acgqhru,ZTF21acgqhru_alert_7.npy,SN II
ZTF21acgqhru,ZTF21acgqhru_alert_8.npy,SN II
ZTF21acgqhru,ZTF21acgqhru_alert_9.npy,SN II
ZTF21acgrlmz,ZTF21acgrlmz_alert_3.npy,SN II
ZTF21acgrlmz,ZTF21acgrlmz_alert_4.npy,SN II
ZTF21acgrlmz,ZTF21acgrlmz_alert_5.npy,SN II
ZTF21acgrlmz,ZTF21acgrlmz_alert_6.npy,SN II
ZTF21acguaen,ZTF21acguaen_alert_10.npy,SN II
ZTF21acguaen,ZTF21acguaen_alert_5.npy,SN II
ZTF21acguaen,ZTF21acguaen_alert_6.npy,SN II
ZTF21acguaen,ZTF21acguaen_alert_7.npy,SN II
ZTF21acguaen,ZTF21acguaen_alert_8.npy,SN II
ZTF21acguaen,ZTF21acguaen_alert_9.npy,SN II
ZTF21acgunkr,ZTF21acgunkr_alert_5.npy,SN II
ZTF21acgunkr,ZTF21acgunkr_alert_6.npy,SN II
ZTF21acgunkr,ZTF21acgunkr_alert_7.npy,SN II
ZTF21acgunkr,ZTF21acgunkr_alert_8.npy,SN II
ZTF21acgunkr,ZTF21acgunkr_alert_9.npy,SN II
ZTF21acgyywa,ZTF21acgyywa_alert_3.npy,SN II
ZTF21acgyywa,ZTF21acgyywa_alert_4.npy,SN II
ZTF21acgyywa,ZTF21acgyywa_alert_5.npy,SN II
ZTF21acheiti,ZTF21acheiti_alert_2.npy,SN II
ZTF21acheiti,ZTF21acheiti_alert_3.npy,SN II
ZTF21achgfbk,ZTF21achgfbk_alert_5.npy,SN Ib
ZTF21achgfbk,ZTF21achgfbk_alert_6.npy,SN Ib
ZTF21achgfbk,ZTF21achgfbk_alert_7.npy,SN Ib
ZTF21achgfbk,ZTF21achgfbk_alert_8.npy,SN Ib
ZTF21achgfbk,ZTF21achgfbk_alert_9.npy,SN Ib
ZTF21achhwdz,ZTF21achhwdz_alert_10.npy,SN Ia
ZTF21achhwdz,ZTF21achhwdz_alert_11.npy,SN Ia
ZTF21achhwdz,ZTF21achhwdz_alert_6.npy,SN Ia
ZTF21achhwdz,ZTF21achhwdz_alert_7.npy,SN Ia
ZTF21achhwdz,ZTF21achhwdz_alert_8.npy,SN Ia
ZTF21achhwdz,ZTF21achhwdz_alert_9.npy,SN Ia
ZTF21achkqhi,ZTF21achkqhi_alert_10.npy,SN II
ZTF21achkqhi,ZTF21achkqhi_alert_11.npy,SN II
ZTF21achkqhi,ZTF21achkqhi_alert_6.npy,SN II
ZTF21achkqhi,ZTF21achkqhi_alert_7.npy,SN II
ZTF21achkqhi,ZTF21achkqhi_alert_8.npy,SN II
ZTF21achkqhi,ZTF21achkqhi_alert_9.npy,SN II
ZTF21achlshg,ZTF21achlshg_alert_4.npy,SN II
ZTF21achlshg,ZTF21achlshg_alert_5.npy,SN II
ZTF21achlshg,ZTF21achlshg_alert_6.npy,SN II
ZTF21achlshg,ZTF21achlshg_alert_7.npy,SN II
ZTF21achltea,ZTF21achltea_alert_3.npy,SN II
ZTF21achltea,ZTF21achltea_alert_4.npy,SN II
ZTF21achltea,ZTF21achltea_alert_5.npy,SN II
ZTF21achptrd,ZTF21achptrd_alert_3.npy,SN Ia
ZTF21achptrd,ZTF21achptrd_alert_4.npy,SN Ia
ZTF21achptrd,ZTF21achptrd_alert_5.npy,SN Ia
ZTF21achpuoa,ZTF21achpuoa_alert_10.npy,SN II
ZTF21achpuoa,ZTF21achpuoa_alert_5.npy,SN II
ZTF21achpuoa,ZTF21achpuoa_alert_6.npy,SN II
ZTF21achpuoa,ZTF21achpuoa_alert_7.npy,SN II
ZTF21achpuoa,ZTF21achpuoa_alert_8.npy,SN II
ZTF21achpuoa,ZTF21achpuoa_alert_9.npy,SN II
ZTF21achtsjd,ZTF21achtsjd_alert_1.npy,SN IIb
ZTF21achtsjd,ZTF21achtsjd_alert_2.npy,SN IIb
ZTF21acigjrl,ZTF21acigjrl_alert_3.npy,SN Ia
ZTF21acigjrl,ZTF21acigjrl_alert_4.npy,SN Ia
ZTF21acigjrl,ZTF21acigjrl_alert_5.npy,SN Ia
ZTF21acigjrl,ZTF21acigjrl_alert_6.npy,SN Ia
ZTF21aciluqg,ZTF21aciluqg_alert_10.npy,SN II
ZTF21aciluqg,ZTF21aciluqg_alert_11.npy,SN II
ZTF21aciluqg,ZTF21aciluqg_alert_6.npy,SN II
ZTF21aciluqg,ZTF21aciluqg_alert_7.npy,SN II
ZTF21aciluqg,ZTF21aciluqg_alert_8.npy,SN II
ZTF21aciluqg,ZTF21aciluqg_alert_9.npy,SN II
ZTF21aciobmz,ZTF21aciobmz_alert_2.npy,SN II
ZTF21aciobmz,ZTF21aciobmz_alert_3.npy,SN II
ZTF21aciobmz,ZTF21aciobmz_alert_4.npy,SN II
ZTF21acipvuz,ZTF21acipvuz_alert_1.npy,SN II
ZTF21aciqcge,ZTF21aciqcge_alert_10.npy,SN Ia
ZTF21aciqcge,ZTF21aciqcge_alert_11.npy,SN Ia
ZTF21aciqcge,ZTF21aciqcge_alert_12.npy,SN Ia
ZTF21aciqcge,ZTF21aciqcge_alert_13.npy,SN Ia
ZTF21aciqcge,ZTF21aciqcge_alert_14.npy,SN Ia
ZTF21aciqcge,ZTF21aciqcge_alert_15.npy,SN Ia
ZTF21aciqcge,ZTF21aciqcge_alert_8.npy,SN Ia
ZTF21aciqcge,ZTF21aciqcge_alert_9.npy,SN Ia
ZTF21acirmcv,ZTF21acirmcv_alert_3.npy,SN Ia
ZTF21acirmcv,ZTF21acirmcv_alert_4.npy,SN Ia
ZTF21acirmcv,ZTF21acirmcv_alert_5.npy,SN Ia
ZTF21acirmcv,ZTF21acirmcv_alert_6.npy,SN Ia
ZTF21acissla,ZTF21acissla_alert_4.npy,SN II
ZTF21acissla,ZTF21acissla_alert_5.npy,SN II
ZTF21acissla,ZTF21acissla_alert_6.npy,SN II
ZTF21acissla,ZTF21acissla_alert_7.npy,SN II
ZTF21acissla,ZTF21acissla_alert_8.npy,SN II
ZTF21aciuhqw,ZTF21aciuhqw_alert_16.npy,SN Ic
ZTF21aciuhqw,ZTF21aciuhqw_alert_18.npy,SN Ic
ZTF21aciuhqw,ZTF21aciuhqw_alert_19.npy,SN Ic
ZTF21aciuhqw,ZTF21aciuhqw_alert_21.npy,SN Ic
ZTF21aciuhqw,ZTF21aciuhqw_alert_23.npy,SN Ic
ZTF21aciuhqw,ZTF21aciuhqw_alert_24.npy,SN Ic
ZTF21aciuhqw,ZTF21aciuhqw_alert_26.npy,SN Ic
ZTF21aciuhqw,ZTF21aciuhqw_alert_28.npy,SN Ic
ZTF21aciuhqw,ZTF21aciuhqw_alert_29.npy,SN Ic
ZTF21aciuhqw,ZTF21aciuhqw_alert_31.npy,SN Ic
ZTF21aciuhyy,ZTF21aciuhyy_alert_21.npy,SN Ia
ZTF21aciuhyy,ZTF21aciuhyy_alert_23.npy,SN Ia
ZTF21aciuhyy,ZTF21aciuhyy_alert_25.npy,SN Ia
ZTF21aciuhyy,ZTF21aciuhyy_alert_28.npy,SN Ia
ZTF21aciuhyy,ZTF21aciuhyy_alert_30.npy,SN Ia
ZTF21aciuhyy,ZTF21aciuhyy_alert_32.npy,SN Ia
ZTF21aciuhyy,ZTF21aciuhyy_alert_34.npy,SN Ia
ZTF21aciuhyy,ZTF21aciuhyy_alert_37.npy,SN Ia
ZTF21aciuhyy,ZTF21aciuhyy_alert_39.npy,SN Ia
ZTF21aciuhyy,ZTF21aciuhyy_alert_41.npy,SN Ia
ZTF21aciuriu,ZTF21aciuriu_alert_1.npy,SN II
ZTF21aciuriu,ZTF21aciuriu_alert_2.npy,SN II
ZTF21aciustc,ZTF21aciustc_alert_1.npy,SN Ib
ZTF21aciustc,ZTF21aciustc_alert_2.npy,SN Ib
ZTF21acjateh,ZTF21acjateh_alert_11.npy,SN II
ZTF21acjateh,ZTF21acjateh_alert_12.npy,SN II
ZTF21acjateh,ZTF21acjateh_alert_13.npy,SN II
ZTF21acjateh,ZTF21acjateh_alert_14.npy,SN II
ZTF21acjateh,ZTF21acjateh_alert_15.npy,SN II
ZTF21acjateh,ZTF21acjateh_alert_17.npy,SN II
ZTF21acjateh,ZTF21acjateh_alert_18.npy,SN II
ZTF21acjateh,ZTF21acjateh_alert_19.npy,SN II
ZTF21acjateh,ZTF21acjateh_alert_20.npy,SN II
ZTF21acjateh,ZTF21acjateh_alert_21.npy,SN II
ZTF21acjbcqw,ZTF21acjbcqw_alert_5.npy,SN IIP
ZTF21acjbcqw,ZTF21acjbcqw_alert_6.npy,SN IIP
ZTF21acjbcqw,ZTF21acjbcqw_alert_7.npy,SN IIP
ZTF21acjbcqw,ZTF21acjbcqw_alert_8.npy,SN IIP
ZTF21acjbcqw,ZTF21acjbcqw_alert_9.npy,SN IIP
ZTF21acjcrzd,ZTF21acjcrzd_alert_1.npy,SN Ia
ZTF21acjcrzd,ZTF21acjcrzd_alert_2.npy,SN Ia
ZTF21acjglei,ZTF21acjglei_alert_10.npy,SN II
ZTF21acjglei,ZTF21acjglei_alert_11.npy,SN II
ZTF21acjglei,ZTF21acjglei_alert_12.npy,SN II
ZTF21acjglei,ZTF21acjglei_alert_6.npy,SN II
ZTF21acjglei,ZTF21acjglei_alert_7.npy,SN II
ZTF21acjglei,ZTF21acjglei_alert_8.npy,SN II
ZTF21acjglei,ZTF21acjglei_alert_9.npy,SN II
ZTF21acjgqjl,ZTF21acjgqjl_alert_10.npy,SN Ia
ZTF21acjgqjl,ZTF21acjgqjl_alert_5.npy,SN Ia
ZTF21acjgqjl,ZTF21acjgqjl_alert_6.npy,SN Ia
ZTF21acjgqjl,ZTF21acjgqjl_alert_7.npy,SN Ia
ZTF21acjgqjl,ZTF21acjgqjl_alert_8.npy,SN Ia
ZTF21acjgqjl,ZTF21acjgqjl_alert_9.npy,SN Ia
ZTF21acjjtmh,ZTF21acjjtmh_alert_10.npy,Cataclysmic
ZTF21acjjtmh,ZTF21acjjtmh_alert_11.npy,Cataclysmic
ZTF21acjjtmh,ZTF21acjjtmh_alert_12.npy,Cataclysmic
ZTF21acjjtmh,ZTF21acjjtmh_alert_13.npy,Cataclysmic
ZTF21acjjtmh,ZTF21acjjtmh_alert_14.npy,Cataclysmic
ZTF21acjjtmh,ZTF21acjjtmh_alert_15.npy,Cataclysmic
ZTF21acjjtmh,ZTF21acjjtmh_alert_16.npy,Cataclysmic
ZTF21acjjtmh,ZTF21acjjtmh_alert_17.npy,Cataclysmic
ZTF21acjjtmh,ZTF21acjjtmh_alert_9.npy,Cataclysmic
ZTF21acjmvhx,ZTF21acjmvhx_alert_3.npy,SN Ic
ZTF21acjmvhx,ZTF21acjmvhx_alert_4.npy,SN Ic
ZTF21acjmvhx,ZTF21acjmvhx_alert_5.npy,SN Ic
ZTF21acjmvhx,ZTF21acjmvhx_alert_6.npy,SN Ic
ZTF21acjoorl,ZTF21acjoorl_alert_10.npy,SN Ic
ZTF21acjoorl,ZTF21acjoorl_alert_5.npy,SN Ic
ZTF21acjoorl,ZTF21acjoorl_alert_6.npy,SN Ic
ZTF21acjoorl,ZTF21acjoorl_alert_7.npy,SN Ic
ZTF21acjoorl,ZTF21acjoorl_alert_8.npy,SN Ic
ZTF21acjoorl,ZTF21acjoorl_alert_9.npy,SN Ic
ZTF21acjoskd,ZTF21acjoskd_alert_3.npy,SN II
ZTF21acjoskd,ZTF21acjoskd_alert_4.npy,SN II
ZTF21acjoskd,ZTF21acjoskd_alert_5.npy,SN II
ZTF21acjoskd,ZTF21acjoskd_alert_6.npy,SN II
ZTF21acjrfhr,ZTF21acjrfhr_alert_10.npy,SN Ia
ZTF21acjrfhr,ZTF21acjrfhr_alert_5.npy,SN Ia
ZTF21acjrfhr,ZTF21acjrfhr_alert_6.npy,SN Ia
ZTF21acjrfhr,ZTF21acjrfhr_alert_7.npy,SN Ia
ZTF21acjrfhr,ZTF21acjrfhr_alert_8.npy,SN Ia
ZTF21acjrfhr,ZTF21acjrfhr_alert_9.npy,SN Ia
ZTF21acjurqj,ZTF21acjurqj_alert_3.npy,SN Ia
ZTF21acjurqj,ZTF21acjurqj_alert_4.npy,SN Ia
ZTF21acjurqj,ZTF21acjurqj_alert_5.npy,SN Ia
ZTF21acjxiqw,ZTF21acjxiqw_alert_101.npy,SN IIP
ZTF21acjxiqw,ZTF21acjxiqw_alert_108.npy,SN IIP
ZTF21acjxiqw,ZTF21acjxiqw_alert_114.npy,SN IIP
ZTF21acjxiqw,ZTF21acjxiqw_alert_121.npy,SN IIP
ZTF21acjxiqw,ZTF21acjxiqw_alert_61.npy,SN IIP
ZTF21acjxiqw,ZTF21acjxiqw_alert_68.npy,SN IIP
ZTF21acjxiqw,ZTF21acjxiqw_alert_74.npy,SN IIP
ZTF21acjxiqw,ZTF21acjxiqw_alert_81.npy,SN IIP
ZTF21acjxiqw,ZTF21acjxiqw_alert_88.npy,SN IIP
ZTF21acjxiqw,ZTF21acjxiqw_alert_94.npy,SN IIP
ZTF21acjxjpu,ZTF21acjxjpu_alert_2.npy,SN Ic
ZTF21acjxjpu,ZTF21acjxjpu_alert_3.npy,SN Ic
ZTF21acjxjpu,ZTF21acjxjpu_alert_4.npy,SN Ic
ZTF21ackbbfs,ZTF21ackbbfs_alert_10.npy,SN Ia
ZTF21ackbbfs,ZTF21ackbbfs_alert_11.npy,SN Ia
ZTF21ackbbfs,ZTF21ackbbfs_alert_12.npy,SN Ia
ZTF21ackbbfs,ZTF21ackbbfs_alert_13.npy,SN Ia
ZTF21ackbbfs,ZTF21ackbbfs_alert_14.npy,SN Ia
ZTF21ackbbfs,ZTF21ackbbfs_alert_15.npy,SN Ia
ZTF21ackbbfs,ZTF21ackbbfs_alert_16.npy,SN Ia
ZTF21ackbbfs,ZTF21ackbbfs_alert_8.npy,SN Ia
ZTF21ackbbfs,ZTF21ackbbfs_alert_9.npy,SN Ia
ZTF21ackwgzm,ZTF21ackwgzm_alert_14.npy,SN Ia
ZTF21ackwgzm,ZTF21ackwgzm_alert_15.npy,SN Ia
ZTF21ackwgzm,ZTF21ackwgzm_alert_17.npy,SN Ia
ZTF21ackwgzm,ZTF21ackwgzm_alert_18.npy,SN Ia
ZTF21ackwgzm,ZTF21ackwgzm_alert_20.npy,SN Ia
ZTF21ackwgzm,ZTF21ackwgzm_alert_21.npy,SN Ia
ZTF21ackwgzm,ZTF21ackwgzm_alert_23.npy,SN Ia
ZTF21ackwgzm,ZTF21ackwgzm_alert_24.npy,SN Ia
ZTF21ackwgzm,ZTF21ackwgzm_alert_26.npy,SN Ia
ZTF21ackwgzm,ZTF21ackwgzm_alert_27.npy,SN Ia
ZTF21acljfzt,ZTF21acljfzt_alert_10.npy,SN Ia
ZTF21acljfzt,ZTF21acljfzt_alert_5.npy,SN Ia
ZTF21acljfzt,ZTF21acljfzt_alert_6.npy,SN Ia
ZTF21acljfzt,ZTF21acljfzt_alert_7.npy,SN Ia
ZTF21acljfzt,ZTF21acljfzt_alert_8.npy,SN Ia
ZTF21acljfzt,ZTF21acljfzt_alert_9.npy,SN Ia
ZTF21aclmgzk,ZTF21aclmgzk_alert_10.npy,SN IIP
ZTF21aclmgzk,ZTF21aclmgzk_alert_11.npy,SN IIP
ZTF21aclmgzk,ZTF21aclmgzk_alert_12.npy,SN IIP
ZTF21aclmgzk,ZTF21aclmgzk_alert_13.npy,SN IIP
ZTF21aclmgzk,ZTF21aclmgzk_alert_7.npy,SN IIP
ZTF21aclmgzk,ZTF21aclmgzk_alert_8.npy,SN IIP
ZTF21aclmgzk,ZTF21aclmgzk_alert_9.npy,SN IIP
ZTF21acmrdga,ZTF21acmrdga_alert_2.npy,SN IIb
ZTF21acmrdga,ZTF21acmrdga_alert_3.npy,SN IIb
ZTF21acmrdga,ZTF21acmrdga_alert_4.npy,SN IIb
ZTF21acnfoqn,ZTF21acnfoqn_alert_10.npy,SN IIn
ZTF21acnfoqn,ZTF21acnfoqn_alert_11.npy,SN IIn
ZTF21acnfoqn,ZTF21acnfoqn_alert_6.npy,SN IIn
ZTF21acnfoqn,ZTF21acnfoqn_alert_7.npy,SN IIn
ZTF21acnfoqn,ZTF21acnfoqn_alert_8.npy,SN IIn
ZTF21acnfoqn,ZTF21acnfoqn_alert_9.npy,SN IIn
ZTF21acouzjv,ZTF21acouzjv_alert_2.npy,SN Ia
ZTF21acouzjv,ZTF21acouzjv_alert_3.npy,SN Ia
ZTF21acouzjv,ZTF21acouzjv_alert_4.npy,SN Ia
ZTF21acozrga,ZTF21acozrga_alert_1.npy,SN II
ZTF21acpeirg,ZTF21acpeirg_alert_5.npy,SN Ia
ZTF21acpeirg,ZTF21acpeirg_alert_6.npy,SN Ia
ZTF21acpeirg,ZTF21acpeirg_alert_7.npy,SN Ia
ZTF21acpeirg,ZTF21acpeirg_alert_8.npy,SN Ia
ZTF21acpeirg,ZTF21acpeirg_alert_9.npy,SN Ia
ZTF21acpkdbe,ZTF21acpkdbe_alert_2.npy,SN IIb
ZTF21acpkdbe,ZTF21acpkdbe_alert_3.npy,SN IIb
ZTF21acpocmd,ZTF21acpocmd_alert_10.npy,SN Ia
ZTF21acpocmd,ZTF21acpocmd_alert_5.npy,SN Ia
ZTF21acpocmd,ZTF21acpocmd_alert_6.npy,SN Ia
ZTF21acpocmd,ZTF21acpocmd_alert_7.npy,SN Ia
ZTF21acpocmd,ZTF21acpocmd_alert_8.npy,SN Ia
ZTF21acpocmd,ZTF21acpocmd_alert_9.npy,SN Ia
ZTF21acpompz,ZTF21acpompz_alert_4.npy,SN Ia
ZTF21acpompz,ZTF21acpompz_alert_5.npy,SN Ia
ZTF21acpompz,ZTF21acpompz_alert_6.npy,SN Ia
ZTF21acpompz,ZTF21acpompz_alert_7.npy,SN Ia
ZTF21acpoujw,ZTF21acpoujw_alert_2.npy,SN IIn
ZTF21acpoujw,ZTF21acpoujw_alert_3.npy,SN IIn
ZTF21acprymk,ZTF21acprymk_alert_1.npy,SN Ia
ZTF21acpuooz,ZTF21acpuooz_alert_2.npy,SN II
ZTF21acpzlho,ZTF21acpzlho_alert_3.npy,SN II
ZTF21acpzlho,ZTF21acpzlho_alert_4.npy,SN II
ZTF21acpzlho,ZTF21acpzlho_alert_5.npy,SN II
ZTF21acqxomi,ZTF21acqxomi_alert_1.npy,SN IIP
ZTF21acrarbx,ZTF21acrarbx_alert_1.npy,SN II
ZTF21acudpir,ZTF21acudpir_alert_2.npy,SN Ia
ZTF21acudpir,ZTF21acudpir_alert_3.npy,SN Ia
ZTF22aaabmmc,ZTF22aaabmmc_alert_4.npy,SN II
ZTF22aaabmmc,ZTF22aaabmmc_alert_5.npy,SN II
ZTF22aaabmmc,ZTF22aaabmmc_alert_6.npy,SN II
ZTF22aaabmmc,ZTF22aaabmmc_alert_7.npy,SN II
ZTF22aaabpqn,ZTF22aaabpqn_alert_1.npy,SN II
ZTF22aaacxkp,ZTF22aaacxkp_alert_1.npy,SN II
ZTF22aaaehzu,ZTF22aaaehzu_alert_2.npy,SN II
ZTF22aaaehzu,ZTF22aaaehzu_alert_3.npy,SN II
ZTF22aaaepck,ZTF22aaaepck_alert_2.npy,SN II
ZTF22aaaepck,ZTF22aaaepck_alert_3.npy,SN II
ZTF22aaaepmm,ZTF22aaaepmm_alert_1.npy,SN II
ZTF22aaafbma,ZTF22aaafbma_alert_10.npy,SN IIP
ZTF22aaafbma,ZTF22aaafbma_alert_5.npy,SN IIP
ZTF22aaafbma,ZTF22aaafbma_alert_6.npy,SN IIP
ZTF22aaafbma,ZTF22aaafbma_alert_7.npy,SN IIP
ZTF22aaafbma,ZTF22aaafbma_alert_8.npy,SN IIP
ZTF22aaafbma,ZTF22aaafbma_alert_9.npy,SN IIP
ZTF22aaafjir,ZTF22aaafjir_alert_10.npy,SN II
ZTF22aaafjir,ZTF22aaafjir_alert_11.npy,SN II
ZTF22aaafjir,ZTF22aaafjir_alert_6.npy,SN II
ZTF22aaafjir,ZTF22aaafjir_alert_7.npy,SN II
ZTF22aaafjir,ZTF22aaafjir_alert_8.npy,SN II
ZTF22aaafjir,ZTF22aaafjir_alert_9.npy,SN II
ZTF22aaafmzj,ZTF22aaafmzj_alert_10.npy,SN Ia
ZTF22aaafmzj,ZTF22aaafmzj_alert_11.npy,SN Ia
ZTF22aaafmzj,ZTF22aaafmzj_alert_12.npy,SN Ia
ZTF22aaafmzj,ZTF22aaafmzj_alert_13.npy,SN Ia
ZTF22aaafmzj,ZTF22aaafmzj_alert_14.npy,SN Ia
ZTF22aaafmzj,ZTF22aaafmzj_alert_16.npy,SN Ia
ZTF22aaafmzj,ZTF22aaafmzj_alert_17.npy,SN Ia
ZTF22aaafmzj,ZTF22aaafmzj_alert_18.npy,SN Ia
ZTF22aaafmzj,ZTF22aaafmzj_alert_19.npy,SN Ia
ZTF22aaafmzj,ZTF22aaafmzj_alert_20.npy,SN Ia
ZTF22aaagrce,ZTF22aaagrce_alert_4.npy,SN Ib
ZTF22aaagrce,ZTF22aaagrce_alert_5.npy,SN Ib
ZTF22aaagrce,ZTF22aaagrce_alert_6.npy,SN Ib
ZTF22aaagrce,ZTF22aaagrce_alert_7.npy,SN Ib
ZTF22aaagvdj,ZTF22aaagvdj_alert_3.npy,Cataclysmic
ZTF22aaagvdj,ZTF22aaagvdj_alert_4.npy,Cataclysmic
ZTF22aaagvdj,ZTF22aaagvdj_alert_5.npy,Cataclysmic
ZTF22aaagvdj,ZTF22aaagvdj_alert_6.npy,Cataclysmic
ZTF22aaahesb,ZTF22aaahesb_alert_12.npy,SN II
ZTF22aaahesb,ZTF22aaahesb_alert_13.npy,SN II
ZTF22aaahesb,ZTF22aaahesb_alert_14.npy,SN II
ZTF22aaahesb,ZTF22aaahesb_alert_16.npy,SN II
ZTF22aaahesb,ZTF22aaahesb_alert_17.npy,SN II
ZTF22aaahesb,ZTF22aaahesb_alert_18.npy,SN II
ZTF22aaahesb,ZTF22aaahesb_alert_19.npy,SN II
ZTF22aaahesb,ZTF22aaahesb_alert_21.npy,SN II
ZTF22aaahesb,ZTF22aaahesb_alert_22.npy,SN II
ZTF22aaahesb,ZTF22aaahesb_alert_23.npy,SN II
ZTF22aaahhbo,ZTF22aaahhbo_alert_3.npy,SN II
ZTF22aaahhbo,ZTF22aaahhbo_alert_4.npy,SN II
ZTF22aaahhbo,ZTF22aaahhbo_alert_5.npy,SN II
ZTF22aaahhbo,ZTF22aaahhbo_alert_6.npy,SN II
ZTF22aaahtqz,ZTF22aaahtqz_alert_3.npy,Tidal Disruption Event
ZTF22aaahtqz,ZTF22aaahtqz_alert_4.npy,Tidal Disruption Event
ZTF22aaahtqz,ZTF22aaahtqz_alert_5.npy,Tidal Disruption Event
ZTF22aaaiyzf,ZTF22aaaiyzf_alert_10.npy,SN II
ZTF22aaaiyzf,ZTF22aaaiyzf_alert_11.npy,SN II
ZTF22aaaiyzf,ZTF22aaaiyzf_alert_12.npy,SN II
ZTF22aaaiyzf,ZTF22aaaiyzf_alert_13.npy,SN II
ZTF22aaaiyzf,ZTF22aaaiyzf_alert_14.npy,SN II
ZTF22aaaiyzf,ZTF22aaaiyzf_alert_15.npy,SN II
ZTF22aaaiyzf,ZTF22aaaiyzf_alert_16.npy,SN II
ZTF22aaaiyzf,ZTF22aaaiyzf_alert_8.npy,SN II
ZTF22aaaiyzf,ZTF22aaaiyzf_alert_9.npy,SN II
ZTF22aaaowlo,ZTF22aaaowlo_alert_2.npy,SN II
ZTF22aaaowlo,ZTF22aaaowlo_alert_3.npy,SN II
ZTF22aaaowlo,ZTF22aaaowlo_alert_4.npy,SN II
ZTF22aaaxjln,ZTF22aaaxjln_alert_2.npy,SN Ia
ZTF22aaaxjln,ZTF22aaaxjln_alert_3.npy,SN Ia
ZTF22aaboeex,ZTF22aaboeex_alert_10.npy,SN Ia
ZTF22aaboeex,ZTF22aaboeex_alert_11.npy,SN Ia
ZTF22aaboeex,ZTF22aaboeex_alert_12.npy,SN Ia
ZTF22aaboeex,ZTF22aaboeex_alert_13.npy,SN Ia
ZTF22aaboeex,ZTF22aaboeex_alert_7.npy,SN Ia
ZTF22aaboeex,ZTF22aaboeex_alert_8.npy,SN Ia
ZTF22aaboeex,ZTF22aaboeex_alert_9.npy,SN Ia
ZTF22aabqtrq,ZTF22aabqtrq_alert_11.npy,SN Ia
ZTF22aabqtrq,ZTF22aabqtrq_alert_12.npy,SN Ia
ZTF22aabqtrq,ZTF22aabqtrq_alert_13.npy,SN Ia
ZTF22aabqtrq,ZTF22aabqtrq_alert_15.npy,SN Ia
ZTF22aabqtrq,ZTF22aabqtrq_alert_16.npy,SN Ia
ZTF22aabqtrq,ZTF22aabqtrq_alert_17.npy,SN Ia
ZTF22aabqtrq,ZTF22aabqtrq_alert_18.npy,SN Ia
ZTF22aabqtrq,ZTF22aabqtrq_alert_20.npy,SN Ia
ZTF22aabqtrq,ZTF22aabqtrq_alert_21.npy,SN Ia
ZTF22aabqtrq,ZTF22aabqtrq_alert_22.npy,SN Ia
ZTF22aabrkjs,ZTF22aabrkjs_alert_2.npy,SN II
ZTF22aabrkjs,ZTF22aabrkjs_alert_3.npy,SN II
ZTF22aacgcwv,ZTF22aacgcwv_alert_4.npy,Tidal Disruption Event
ZTF22aacgcwv,ZTF22aacgcwv_alert_5.npy,Tidal Disruption Event
ZTF22aacgcwv,ZTF22aacgcwv_alert_6.npy,Tidal Disruption Event
ZTF22aacgcwv,ZTF22aacgcwv_alert_7.npy,Tidal Disruption Event
ZTF22aaddtiu,ZTF22aaddtiu_alert_15.npy,SN II
ZTF22aaddtiu,ZTF22aaddtiu_alert_17.npy,SN II
ZTF22aaddtiu,ZTF22aaddtiu_alert_18.npy,SN II
ZTF22aaddtiu,ZTF22aaddtiu_alert_20.npy,SN II
ZTF22aaddtiu,ZTF22aaddtiu_alert_21.npy,SN II
ZTF22aaddtiu,ZTF22aaddtiu_alert_23.npy,SN II
ZTF22aaddtiu,ZTF22aaddtiu_alert_24.npy,SN II
ZTF22aaddtiu,ZTF22aaddtiu_alert_26.npy,SN II
ZTF22aaddtiu,ZTF22aaddtiu_alert_27.npy,SN II
ZTF22aaddtiu,ZTF22aaddtiu_alert_29.npy,SN II
ZTF22aadeqoe,ZTF22aadeqoe_alert_5.npy,SN Ia
ZTF22aadeqoe,ZTF22aadeqoe_alert_6.npy,SN Ia
ZTF22aadeqoe,ZTF22aadeqoe_alert_7.npy,SN Ia
ZTF22aadeqoe,ZTF22aadeqoe_alert_8.npy,SN Ia
ZTF22aadeqoe,ZTF22aadeqoe_alert_9.npy,SN Ia
ZTF22aadkocy,ZTF22aadkocy_alert_4.npy,SN Ia
ZTF22aadkocy,ZTF22aadkocy_alert_5.npy,SN Ia
ZTF22aadkocy,ZTF22aadkocy_alert_6.npy,SN Ia
ZTF22aadkocy,ZTF22aadkocy_alert_7.npy,SN Ia
ZTF22aadnjsh,ZTF22aadnjsh_alert_3.npy,SN Ib
ZTF22aadnjsh,ZTF22aadnjsh_alert_4.npy,SN Ib
ZTF22aadnjsh,ZTF22aadnjsh_alert_5.npy,SN Ib
ZTF22aadoypp,ZTF22aadoypp_alert_4.npy,SN II
ZTF22aadoypp,ZTF22aadoypp_alert_5.npy,SN II
ZTF22aadoypp,ZTF22aadoypp_alert_6.npy,SN II
ZTF22aadoypp,ZTF22aadoypp_alert_7.npy,SN II
ZTF22aaeaktc,ZTF22aaeaktc_alert_15.npy,SN Ia
ZTF22aaeaktc,ZTF22aaeaktc_alert_17.npy,SN Ia
ZTF22aaeaktc,ZTF22aaeaktc_alert_18.npy,SN Ia
ZTF22aaeaktc,ZTF22aaeaktc_alert_20.npy,SN Ia
ZTF22aaeaktc,ZTF22aaeaktc_alert_22.npy,SN Ia
ZTF22aaeaktc,ZTF22aaeaktc_alert_23.npy,SN Ia
ZTF22aaeaktc,ZTF22aaeaktc_alert_25.npy,SN Ia
ZTF22aaeaktc,ZTF22aaeaktc_alert_27.npy,SN Ia
ZTF22aaeaktc,ZTF22aaeaktc_alert_28.npy,SN Ia
ZTF22aaeaktc,ZTF22aaeaktc_alert_30.npy,SN Ia
ZTF22aaecdin,ZTF22aaecdin_alert_4.npy,SN IIb
ZTF22aaecdin,ZTF22aaecdin_alert_5.npy,SN IIb
ZTF22aaecdin,ZTF22aaecdin_alert_6.npy,SN IIb
ZTF22aaecdin,ZTF22aaecdin_alert_7.npy,SN IIb
ZTF22aaedebi,ZTF22aaedebi_alert_5.npy,SN II
ZTF22aaedebi,ZTF22aaedebi_alert_6.npy,SN II
ZTF22aaedebi,ZTF22aaedebi_alert_7.npy,SN II
ZTF22aaedebi,ZTF22aaedebi_alert_8.npy,SN II
ZTF22aaedebi,ZTF22aaedebi_alert_9.npy,SN II
ZTF22aaetqzk,ZTF22aaetqzk_alert_1.npy,SN IIn
ZTF22aaetqzk,ZTF22aaetqzk_alert_2.npy,SN IIn
ZTF22aaevwec,ZTF22aaevwec_alert_4.npy,SN II
ZTF22aaevwec,ZTF22aaevwec_alert_5.npy,SN II
ZTF22aaevwec,ZTF22aaevwec_alert_6.npy,SN II
ZTF22aaevwec,ZTF22aaevwec_alert_7.npy,SN II
ZTF22aaevwec,ZTF22aaevwec_alert_8.npy,SN II
ZTF22aafrjnw,ZTF22aafrjnw_alert_11.npy,SN IIb
ZTF22aafrjnw,ZTF22aafrjnw_alert_12.npy,SN IIb
ZTF22aafrjnw,ZTF22aafrjnw_alert_13.npy,SN IIb
ZTF22aafrjnw,ZTF22aafrjnw_alert_14.npy,SN IIb
ZTF22aafrjnw,ZTF22aafrjnw_alert_15.npy,SN IIb
ZTF22aafrjnw,ZTF22aafrjnw_alert_17.npy,SN IIb
ZTF22aafrjnw,ZTF22aafrjnw_alert_18.npy,SN IIb
ZTF22aafrjnw,ZTF22aafrjnw_alert_19.npy,SN IIb
ZTF22aafrjnw,ZTF22aafrjnw_alert_20.npy,SN IIb
ZTF22aafrjnw,ZTF22aafrjnw_alert_21.npy,SN IIb
ZTF22aagvxjc,ZTF22aagvxjc_alert_4.npy,SN IIn
ZTF22aagvxjc,ZTF22aagvxjc_alert_5.npy,SN IIn
ZTF22aagvxjc,ZTF22aagvxjc_alert_6.npy,SN IIn
ZTF22aagvxjc,ZTF22aagvxjc_alert_7.npy,SN IIn
ZTF22aagvxjc,ZTF22aagvxjc_alert_8.npy,SN IIn
ZTF22aahedwz,ZTF22aahedwz_alert_2.npy,SN IIn
ZTF22aahedwz,ZTF22aahedwz_alert_3.npy,SN IIn
ZTF22aahedwz,ZTF22aahedwz_alert_4.npy,SN IIn
ZTF22aahgubb,ZTF22aahgubb_alert_5.npy,SN II
ZTF22aahgubb,ZTF22aahgubb_alert_6.npy,SN II
ZTF22aahgubb,ZTF22aahgubb_alert_7.npy,SN II
ZTF22aahgubb,ZTF22aahgubb_alert_8.npy,SN II
ZTF22aahgubb,ZTF22aahgubb_alert_9.npy,SN II
ZTF22aahhrks,ZTF22aahhrks_alert_17.npy,SN II
ZTF22aahhrks,ZTF22aahhrks_alert_19.npy,SN II
ZTF22aahhrks,ZTF22aahhrks_alert_21.npy,SN II
ZTF22aahhrks,ZTF22aahhrks_alert_22.npy,SN II
ZTF22aahhrks,ZTF22aahhrks_alert_24.npy,SN II
ZTF22aahhrks,ZTF22aahhrks_alert_26.npy,SN II
ZTF22aahhrks,ZTF22aahhrks_alert_28.npy,SN II
ZTF22aahhrks,ZTF22aahhrks_alert_29.npy,SN II
ZTF22aahhrks,ZTF22aahhrks_alert_31.npy,SN II
ZTF22aahhrks,ZTF22aahhrks_alert_33.npy,SN II
ZTF22aahibvx,ZTF22aahibvx_alert_17.npy,SN II
ZTF22aahibvx,ZTF22aahibvx_alert_19.npy,SN II
ZTF22aahibvx,ZTF22aahibvx_alert_21.npy,SN II
ZTF22aahibvx,ZTF22aahibvx_alert_22.npy,SN II
ZTF22aahibvx,ZTF22aahibvx_alert_24.npy,SN II
ZTF22aahibvx,ZTF22aahibvx_alert_26.npy,SN II
ZTF22aahibvx,ZTF22aahibvx_alert_28.npy,SN II
ZTF22aahibvx,ZTF22aahibvx_alert_29.npy,SN II
ZTF22aahibvx,ZTF22aahibvx_alert_31.npy,SN II
ZTF22aahibvx,ZTF22aahibvx_alert_33.npy,SN II
ZTF22aahndul,ZTF22aahndul_alert_17.npy,SN Ia
ZTF22aahndul,ZTF22aahndul_alert_19.npy,SN Ia
ZTF22aahndul,ZTF22aahndul_alert_21.npy,SN Ia
ZTF22aahndul,ZTF22aahndul_alert_23.npy,SN Ia
ZTF22aahndul,ZTF22aahndul_alert_25.npy,SN Ia
ZTF22aahndul,ZTF22aahndul_alert_26.npy,SN Ia
ZTF22aahndul,ZTF22aahndul_alert_28.npy,SN Ia
ZTF22aahndul,ZTF22aahndul_alert_30.npy,SN Ia
ZTF22aahndul,ZTF22aahndul_alert_32.npy,SN Ia
ZTF22aahndul,ZTF22aahndul_alert_34.npy,SN Ia
ZTF22aahnkdv,ZTF22aahnkdv_alert_10.npy,SN II
ZTF22aahnkdv,ZTF22aahnkdv_alert_11.npy,SN II
ZTF22aahnkdv,ZTF22aahnkdv_alert_6.npy,SN II
ZTF22aahnkdv,ZTF22aahnkdv_alert_7.npy,SN II
ZTF22aahnkdv,ZTF22aahnkdv_alert_8.npy,SN II
ZTF22aahnkdv,ZTF22aahnkdv_alert_9.npy,SN II
ZTF22aahwlcv,ZTF22aahwlcv_alert_10.npy,SN Ia
ZTF22aahwlcv,ZTF22aahwlcv_alert_11.npy,SN Ia
ZTF22aahwlcv,ZTF22aahwlcv_alert_6.npy,SN Ia
ZTF22aahwlcv,ZTF22aahwlcv_alert_7.npy,SN Ia
ZTF22aahwlcv,ZTF22aahwlcv_alert_8.npy,SN Ia
ZTF22aahwlcv,ZTF22aahwlcv_alert_9.npy,SN Ia
ZTF22aahwmww,ZTF22aahwmww_alert_10.npy,SN II
ZTF22aahwmww,ZTF22aahwmww_alert_5.npy,SN II
ZTF22aahwmww,ZTF22aahwmww_alert_6.npy,SN II
ZTF22aahwmww,ZTF22aahwmww_alert_7.npy,SN II
ZTF22aahwmww,ZTF22aahwmww_alert_8.npy,SN II
ZTF22aahwmww,ZTF22aahwmww_alert_9.npy,SN II
ZTF22aajcupz,ZTF22aajcupz_alert_10.npy,SN IIn
ZTF22aajcupz,ZTF22aajcupz_alert_11.npy,SN IIn
ZTF22aajcupz,ZTF22aajcupz_alert_6.npy,SN IIn
ZTF22aajcupz,ZTF22aajcupz_alert_7.npy,SN IIn
ZTF22aajcupz,ZTF22aajcupz_alert_8.npy,SN IIn
ZTF22aajcupz,ZTF22aajcupz_alert_9.npy,SN IIn
ZTF22aajhkvu,ZTF22aajhkvu_alert_16.npy,SN Ia
ZTF22aajhkvu,ZTF22aajhkvu_alert_18.npy,SN Ia
ZTF22aajhkvu,ZTF22aajhkvu_alert_19.npy,SN Ia
ZTF22aajhkvu,ZTF22aajhkvu_alert_21.npy,SN Ia
ZTF22aajhkvu,ZTF22aajhkvu_alert_23.npy,SN Ia
ZTF22aajhkvu,ZTF22aajhkvu_alert_24.npy,SN Ia
ZTF22aajhkvu,ZTF22aajhkvu_alert_26.npy,SN Ia
ZTF22aajhkvu,ZTF22aajhkvu_alert_28.npy,SN Ia
ZTF22aajhkvu,ZTF22aajhkvu_alert_29.npy,SN Ia
ZTF22aajhkvu,ZTF22aajhkvu_alert_31.npy,SN Ia
ZTF22aajhyin,ZTF22aajhyin_alert_3.npy,SN II
ZTF22aajhyin,ZTF22aajhyin_alert_4.npy,SN II
ZTF22aajhyin,ZTF22aajhyin_alert_5.npy,SN II
ZTF22aajhyin,ZTF22aajhyin_alert_6.npy,SN II
ZTF22aajivyw,ZTF22aajivyw_alert_10.npy,SN II
ZTF22aajivyw,ZTF22aajivyw_alert_11.npy,SN II
ZTF22aajivyw,ZTF22aajivyw_alert_12.npy,SN II
ZTF22aajivyw,ZTF22aajivyw_alert_13.npy,SN II
ZTF22aajivyw,ZTF22aajivyw_alert_14.npy,SN II
ZTF22aajivyw,ZTF22aajivyw_alert_16.npy,SN II
ZTF22aajivyw,ZTF22aajivyw_alert_17.npy,SN II
ZTF22aajivyw,ZTF22aajivyw_alert_18.npy,SN II
ZTF22aajivyw,ZTF22aajivyw_alert_19.npy,SN II
ZTF22aajivyw,ZTF22aajivyw_alert_20.npy,SN II
ZTF22aajjawt,ZTF22aajjawt_alert_11.npy,SN II
ZTF22aajjawt,ZTF22aajjawt_alert_12.npy,SN II
ZTF22aajjawt,ZTF22aajjawt_alert_13.npy,SN II
ZTF22aajjawt,ZTF22aajjawt_alert_14.npy,SN II
ZTF22aajjawt,ZTF22aajjawt_alert_15.npy,SN II
ZTF22aajjawt,ZTF22aajjawt_alert_17.npy,SN II
ZTF22aajjawt,ZTF22aajjawt_alert_18.npy,SN II
ZTF22aajjawt,ZTF22aajjawt_alert_19.npy,SN II
ZTF22aajjawt,ZTF22aajjawt_alert_20.npy,SN II
ZTF22aajjawt,ZTF22aajjawt_alert_21.npy,SN II
ZTF22aajjojx,ZTF22aajjojx_alert_1.npy,SN IIn
ZTF22aajjqti,ZTF22aajjqti_alert_3.npy,Cataclysmic
ZTF22aajjqti,ZTF22aajjqti_alert_4.npy,Cataclysmic
ZTF22aajjqti,ZTF22aajjqti_alert_5.npy,Cataclysmic
ZTF22aajjqti,ZTF22aajjqti_alert_6.npy,Cataclysmic
ZTF22aajowwt,ZTF22aajowwt_alert_1.npy,SN II
ZTF22aajpzwm,ZTF22aajpzwm_alert_10.npy,SN Ia
ZTF22aajpzwm,ZTF22aajpzwm_alert_11.npy,SN Ia
ZTF22aajpzwm,ZTF22aajpzwm_alert_12.npy,SN Ia
ZTF22aajpzwm,ZTF22aajpzwm_alert_13.npy,SN Ia
ZTF22aajpzwm,ZTF22aajpzwm_alert_14.npy,SN Ia
ZTF22aajpzwm,ZTF22aajpzwm_alert_7.npy,SN Ia
ZTF22aajpzwm,ZTF22aajpzwm_alert_8.npy,SN Ia
ZTF22aajpzwm,ZTF22aajpzwm_alert_9.npy,SN Ia
ZTF22aajuufc,ZTF22aajuufc_alert_2.npy,SN II
ZTF22aajuufc,ZTF22aajuufc_alert_3.npy,SN II
ZTF22aakmhas,ZTF22aakmhas_alert_2.npy,SN Ia
ZTF22aakmhas,ZTF22aakmhas_alert_3.npy,SN Ia
ZTF22aakpyqw,ZTF22aakpyqw_alert_4.npy,SN Ib
ZTF22aakpyqw,ZTF22aakpyqw_alert_5.npy,SN Ib
ZTF22aakpyqw,ZTF22aakpyqw_alert_6.npy,SN Ib
ZTF22aakpyqw,ZTF22aakpyqw_alert_7.npy,SN Ib
ZTF22aakpyqw,ZTF22aakpyqw_alert_8.npy,SN Ib
ZTF22aakquvw,ZTF22aakquvw_alert_3.npy,SN Ia
ZTF22aakquvw,ZTF22aakquvw_alert_4.npy,SN Ia
ZTF22aakquvw,ZTF22aakquvw_alert_5.npy,SN Ia
ZTF22aakzsrj,ZTF22aakzsrj_alert_4.npy,Cataclysmic
ZTF22aakzsrj,ZTF22aakzsrj_alert_5.npy,Cataclysmic
ZTF22aakzsrj,ZTF22aakzsrj_alert_6.npy,Cataclysmic
ZTF22aakzsrj,ZTF22aakzsrj_alert_7.npy,Cataclysmic
ZTF22aakzsrj,ZTF22aakzsrj_alert_8.npy,Cataclysmic
ZTF22aalfmec,ZTF22aalfmec_alert_4.npy,SN Ic
ZTF22aalfmec,ZTF22aalfmec_alert_5.npy,SN Ic
ZTF22aalfmec,ZTF22aalfmec_alert_6.npy,SN Ic
ZTF22aalfmec,ZTF22aalfmec_alert_7.npy,SN Ic
ZTF22aalfmec,ZTF22aalfmec_alert_8.npy,SN Ic
ZTF22aalmqrv,ZTF22aalmqrv_alert_10.npy,SN Ia
ZTF22aalmqrv,ZTF22aalmqrv_alert_11.npy,SN Ia
ZTF22aalmqrv,ZTF22aalmqrv_alert_12.npy,SN Ia
ZTF22aalmqrv,ZTF22aalmqrv_alert_6.npy,SN Ia
ZTF22aalmqrv,ZTF22aalmqrv_alert_7.npy,SN Ia
ZTF22aalmqrv,ZTF22aalmqrv_alert_8.npy,SN Ia
ZTF22aalmqrv,ZTF22aalmqrv_alert_9.npy,SN Ia
ZTF22aalorla,ZTF22aalorla_alert_10.npy,SN II
ZTF22aalorla,ZTF22aalorla_alert_11.npy,SN II
ZTF22aalorla,ZTF22aalorla_alert_6.npy,SN II
ZTF22aalorla,ZTF22aalorla_alert_7.npy,SN II
ZTF22aalorla,ZTF22aalorla_alert_8.npy,SN II
ZTF22aalorla,ZTF22aalorla_alert_9.npy,SN II
ZTF22aalsabr,ZTF22aalsabr_alert_3.npy,SN Ia
ZTF22aalsabr,ZTF22aalsabr_alert_4.npy,SN Ia
ZTF22aalsabr,ZTF22aalsabr_alert_5.npy,SN Ia
ZTF22aalwbqe,ZTF22aalwbqe_alert_10.npy,SN Ia
ZTF22aalwbqe,ZTF22aalwbqe_alert_5.npy,SN Ia
ZTF22aalwbqe,ZTF22aalwbqe_alert_6.npy,SN Ia
ZTF22aalwbqe,ZTF22aalwbqe_alert_7.npy,SN Ia
ZTF22aalwbqe,ZTF22aalwbqe_alert_8.npy,SN Ia
ZTF22aalwbqe,ZTF22aalwbqe_alert_9.npy,SN Ia
ZTF22aalxmtp,ZTF22aalxmtp_alert_10.npy,SN Ia
ZTF22aalxmtp,ZTF22aalxmtp_alert_11.npy,SN Ia
ZTF22aalxmtp,ZTF22aalxmtp_alert_12.npy,SN Ia
ZTF22aalxmtp,ZTF22aalxmtp_alert_6.npy,SN Ia
ZTF22aalxmtp,ZTF22aalxmtp_alert_7.npy,SN Ia
ZTF22aalxmtp,ZTF22aalxmtp_alert_8.npy,SN Ia
ZTF22aalxmtp,ZTF22aalxmtp_alert_9.npy,SN Ia
ZTF22aamfjun,ZTF22aamfjun_alert_10.npy,SN Ia
ZTF22aamfjun,ZTF22aamfjun_alert_11.npy,SN Ia
ZTF22aamfjun,ZTF22aamfjun_alert_12.npy,SN Ia
ZTF22aamfjun,ZTF22aamfjun_alert_13.npy,SN Ia
ZTF22aamfjun,ZTF22aamfjun_alert_14.npy,SN Ia
ZTF22aamfjun,ZTF22aamfjun_alert_7.npy,SN Ia
ZTF22aamfjun,ZTF22aamfjun_alert_8.npy,SN Ia
ZTF22aamfjun,ZTF22aamfjun_alert_9.npy,SN Ia
ZTF22aamrhna,ZTF22aamrhna_alert_4.npy,SN Ia
ZTF22aamrhna,ZTF22aamrhna_alert_5.npy,SN Ia
ZTF22aamrhna,ZTF22aamrhna_alert_6.npy,SN Ia
ZTF22aamrhna,ZTF22aamrhna_alert_7.npy,SN Ia
ZTF22aamssbr,ZTF22aamssbr_alert_17.npy,SN II
ZTF22aamssbr,ZTF22aamssbr_alert_19.npy,SN II
ZTF22aamssbr,ZTF22aamssbr_alert_21.npy,SN II
ZTF22aamssbr,ZTF22aamssbr_alert_23.npy,SN II
ZTF22aamssbr,ZTF22aamssbr_alert_25.npy,SN II
ZTF22aamssbr,ZTF22aamssbr_alert_26.npy,SN II
ZTF22aamssbr,ZTF22aamssbr_alert_28.npy,SN II
ZTF22aamssbr,ZTF22aamssbr_alert_30.npy,SN II
ZTF22aamssbr,ZTF22aamssbr_alert_32.npy,SN II
ZTF22aamssbr,ZTF22aamssbr_alert_34.npy,SN II
ZTF22aanesux,ZTF22aanesux_alert_16.npy,SN IIn
ZTF22aanesux,ZTF22aanesux_alert_18.npy,SN IIn
ZTF22aanesux,ZTF22aanesux_alert_19.npy,SN IIn
ZTF22aanesux,ZTF22aanesux_alert_21.npy,SN IIn
ZTF22aanesux,ZTF22aanesux_alert_23.npy,SN IIn
ZTF22aanesux,ZTF22aanesux_alert_24.npy,SN IIn
ZTF22aanesux,ZTF22aanesux_alert_26.npy,SN IIn
ZTF22aanesux,ZTF22aanesux_alert_28.npy,SN IIn
ZTF22aanesux,ZTF22aanesux_alert_29.npy,SN IIn
ZTF22aanesux,ZTF22aanesux_alert_31.npy,SN IIn
ZTF22aankxcq,ZTF22aankxcq_alert_10.npy,SN Ia
ZTF22aankxcq,ZTF22aankxcq_alert_11.npy,SN Ia
ZTF22aankxcq,ZTF22aankxcq_alert_12.npy,SN Ia
ZTF22aankxcq,ZTF22aankxcq_alert_13.npy,SN Ia
ZTF22aankxcq,ZTF22aankxcq_alert_14.npy,SN Ia
ZTF22aankxcq,ZTF22aankxcq_alert_15.npy,SN Ia
ZTF22aankxcq,ZTF22aankxcq_alert_8.npy,SN Ia
ZTF22aankxcq,ZTF22aankxcq_alert_9.npy,SN Ia
ZTF22aaoidkm,ZTF22aaoidkm_alert_10.npy,SN Ia
ZTF22aaoidkm,ZTF22aaoidkm_alert_11.npy,SN Ia
ZTF22aaoidkm,ZTF22aaoidkm_alert_12.npy,SN Ia
ZTF22aaoidkm,ZTF22aaoidkm_alert_13.npy,SN Ia
ZTF22aaoidkm,ZTF22aaoidkm_alert_14.npy,SN Ia
ZTF22aaoidkm,ZTF22aaoidkm_alert_15.npy,SN Ia
ZTF22aaoidkm,ZTF22aaoidkm_alert_16.npy,SN Ia
ZTF22aaoidkm,ZTF22aaoidkm_alert_17.npy,SN Ia
ZTF22aaoidkm,ZTF22aaoidkm_alert_18.npy,SN Ia
ZTF22aaoidkm,ZTF22aaoidkm_alert_19.npy,SN Ia
ZTF22aaojcoc,ZTF22aaojcoc_alert_1.npy,SN Ia
ZTF22aaotgrc,ZTF22aaotgrc_alert_4.npy,SN IIb
ZTF22aaotgrc,ZTF22aaotgrc_alert_5.npy,SN IIb
ZTF22aaotgrc,ZTF22aaotgrc_alert_6.npy,SN IIb
ZTF22aaotgrc,ZTF22aaotgrc_alert_7.npy,SN IIb
ZTF22aaovsee,ZTF22aaovsee_alert_10.npy,SN Ia
ZTF22aaovsee,ZTF22aaovsee_alert_11.npy,SN Ia
ZTF22aaovsee,ZTF22aaovsee_alert_12.npy,SN Ia
ZTF22aaovsee,ZTF22aaovsee_alert_13.npy,SN Ia
ZTF22aaovsee,ZTF22aaovsee_alert_14.npy,SN Ia
ZTF22aaovsee,ZTF22aaovsee_alert_15.npy,SN Ia
ZTF22aaovsee,ZTF22aaovsee_alert_16.npy,SN Ia
ZTF22aaovsee,ZTF22aaovsee_alert_17.npy,SN Ia
ZTF22aaovsee,ZTF22aaovsee_alert_18.npy,SN Ia
ZTF22aaovsee,ZTF22aaovsee_alert_9.npy,SN Ia
ZTF22aapjrvz,ZTF22aapjrvz_alert_10.npy,SN II
ZTF22aapjrvz,ZTF22aapjrvz_alert_11.npy,SN II
ZTF22aapjrvz,ZTF22aapjrvz_alert_12.npy,SN II
ZTF22aapjrvz,ZTF22aapjrvz_alert_6.npy,SN II
ZTF22aapjrvz,ZTF22aapjrvz_alert_7.npy,SN II
ZTF22aapjrvz,ZTF22aapjrvz_alert_8.npy,SN II
ZTF22aapjrvz,ZTF22aapjrvz_alert_9.npy,SN II
ZTF22aapmawo,ZTF22aapmawo_alert_10.npy,SN IIn
ZTF22aapmawo,ZTF22aapmawo_alert_11.npy,SN IIn
ZTF22aapmawo,ZTF22aapmawo_alert_12.npy,SN IIn
ZTF22aapmawo,ZTF22aapmawo_alert_6.npy,SN IIn
ZTF22aapmawo,ZTF22aapmawo_alert_7.npy,SN IIn
ZTF22aapmawo,ZTF22aapmawo_alert_8.npy,SN IIn
ZTF22aapmawo,ZTF22aapmawo_alert_9.npy,SN IIn
ZTF22aapqaqe,ZTF22aapqaqe_alert_4.npy,SN IIP
ZTF22aapqaqe,ZTF22aapqaqe_alert_5.npy,SN IIP
ZTF22aapqaqe,ZTF22aapqaqe_alert_6.npy,SN IIP
ZTF22aapqaqe,ZTF22aapqaqe_alert_7.npy,SN IIP
ZTF22aaqpwef,ZTF22aaqpwef_alert_10.npy,SN II
ZTF22aaqpwef,ZTF22aaqpwef_alert_11.npy,SN II
ZTF22aaqpwef,ZTF22aaqpwef_alert_12.npy,SN II
ZTF22aaqpwef,ZTF22aaqpwef_alert_13.npy,SN II
ZTF22aaqpwef,ZTF22aaqpwef_alert_14.npy,SN II
ZTF22aaqpwef,ZTF22aaqpwef_alert_15.npy,SN II
ZTF22aaqpwef,ZTF22aaqpwef_alert_16.npy,SN II
ZTF22aaqpwef,ZTF22aaqpwef_alert_17.npy,SN II
ZTF22aaqpwef,ZTF22aaqpwef_alert_9.npy,SN II
ZTF22aarbard,ZTF22aarbard_alert_10.npy,SN Ib
ZTF22aarbard,ZTF22aarbard_alert_11.npy,SN Ib
ZTF22aarbard,ZTF22aarbard_alert_12.npy,SN Ib
ZTF22aarbard,ZTF22aarbard_alert_6.npy,SN Ib
ZTF22aarbard,ZTF22aarbard_alert_7.npy,SN Ib
ZTF22aarbard,ZTF22aarbard_alert_8.npy,SN Ib
ZTF22aarbard,ZTF22aarbard_alert_9.npy,SN Ib
ZTF22aarrbne,ZTF22aarrbne_alert_4.npy,SN Ia
ZTF22aarrbne,ZTF22aarrbne_alert_5.npy,SN Ia
ZTF22aarrbne,ZTF22aarrbne_alert_6.npy,SN Ia
ZTF22aarrbne,ZTF22aarrbne_alert_7.npy,SN Ia
ZTF22aaskqqq,ZTF22aaskqqq_alert_10.npy,SN Ia
ZTF22aaskqqq,ZTF22aaskqqq_alert_11.npy,SN Ia
ZTF22aaskqqq,ZTF22aaskqqq_alert_12.npy,SN Ia
ZTF22aaskqqq,ZTF22aaskqqq_alert_13.npy,SN Ia
ZTF22aaskqqq,ZTF22aaskqqq_alert_14.npy,SN Ia
ZTF22aaskqqq,ZTF22aaskqqq_alert_16.npy,SN Ia
ZTF22aaskqqq,ZTF22aaskqqq_alert_17.npy,SN Ia
ZTF22aaskqqq,ZTF22aaskqqq_alert_18.npy,SN Ia
ZTF22aaskqqq,ZTF22aaskqqq_alert_19.npy,SN Ia
ZTF22aaskqqq,ZTF22aaskqqq_alert_20.npy,SN Ia
ZTF22aaslyzf,ZTF22aaslyzf_alert_10.npy,SN II
ZTF22aaslyzf,ZTF22aaslyzf_alert_11.npy,SN II
ZTF22aaslyzf,ZTF22aaslyzf_alert_12.npy,SN II
ZTF22aaslyzf,ZTF22aaslyzf_alert_13.npy,SN II
ZTF22aaslyzf,ZTF22aaslyzf_alert_14.npy,SN II
ZTF22aaslyzf,ZTF22aaslyzf_alert_15.npy,SN II
ZTF22aaslyzf,ZTF22aaslyzf_alert_16.npy,SN II
ZTF22aaslyzf,ZTF22aaslyzf_alert_8.npy,SN II
ZTF22aaslyzf,ZTF22aaslyzf_alert_9.npy,SN II
ZTF22aaslyzj,ZTF22aaslyzj_alert_13.npy,SN Ia
ZTF22aaslyzj,ZTF22aaslyzj_alert_14.npy,SN Ia
ZTF22aaslyzj,ZTF22aaslyzj_alert_16.npy,SN Ia
ZTF22aaslyzj,ZTF22aaslyzj_alert_17.npy,SN Ia
ZTF22aaslyzj,ZTF22aaslyzj_alert_19.npy,SN Ia
ZTF22aaslyzj,ZTF22aaslyzj_alert_20.npy,SN Ia
ZTF22aaslyzj,ZTF22aaslyzj_alert_22.npy,SN Ia
ZTF22aaslyzj,ZTF22aaslyzj_alert_23.npy,SN Ia
ZTF22aaslyzj,ZTF22aaslyzj_alert_25.npy,SN Ia
ZTF22aaslyzj,ZTF22aaslyzj_alert_26.npy,SN Ia
ZTF22aasmgbb,ZTF22aasmgbb_alert_16.npy,SN Ia
ZTF22aasmgbb,ZTF22aasmgbb_alert_18.npy,SN Ia
ZTF22aasmgbb,ZTF22aasmgbb_alert_20.npy,SN Ia
ZTF22aasmgbb,ZTF22aasmgbb_alert_21.npy,SN Ia
ZTF22aasmgbb,ZTF22aasmgbb_alert_23.npy,SN Ia
ZTF22aasmgbb,ZTF22aasmgbb_alert_25.npy,SN Ia
ZTF22aasmgbb,ZTF22aasmgbb_alert_27.npy,SN Ia
ZTF22aasmgbb,ZTF22aasmgbb_alert_28.npy,SN Ia
ZTF22aasmgbb,ZTF22aasmgbb_alert_30.npy,SN Ia
ZTF22aasmgbb,ZTF22aasmgbb_alert_32.npy,SN Ia
ZTF22aasoali,ZTF22aasoali_alert_3.npy,SN IIn
ZTF22aasoali,ZTF22aasoali_alert_4.npy,SN IIn
ZTF22aasoali,ZTF22aasoali_alert_5.npy,SN IIn
ZTF22aasojye,ZTF22aasojye_alert_4.npy,SN II
ZTF22aasojye,ZTF22aasojye_alert_5.npy,SN II
ZTF22aasojye,ZTF22aasojye_alert_6.npy,SN II
ZTF22aasojye,ZTF22aasojye_alert_7.npy,SN II
ZTF22aasojye,ZTF22aasojye_alert_8.npy,SN II
ZTF22aaspijs,ZTF22aaspijs_alert_10.npy,SN Ia
ZTF22aaspijs,ZTF22aaspijs_alert_11.npy,SN Ia
ZTF22aaspijs,ZTF22aaspijs_alert_12.npy,SN Ia
ZTF22aaspijs,ZTF22aaspijs_alert_13.npy,SN Ia
ZTF22aaspijs,ZTF22aaspijs_alert_14.npy,SN Ia
ZTF22aaspijs,ZTF22aaspijs_alert_15.npy,SN Ia
ZTF22aaspijs,ZTF22aaspijs_alert_16.npy,SN Ia
ZTF22aaspijs,ZTF22aaspijs_alert_17.npy,SN Ia
ZTF22aaspijs,ZTF22aaspijs_alert_18.npy,SN Ia
ZTF22aaspijs,ZTF22aaspijs_alert_19.npy,SN Ia
ZTF22aaspkif,ZTF22aaspkif_alert_1.npy,SN II
ZTF22aaspkif,ZTF22aaspkif_alert_2.npy,SN II
ZTF22aasxgjp,ZTF22aasxgjp_alert_16.npy,SN Ic
ZTF22aasxgjp,ZTF22aasxgjp_alert_18.npy,SN Ic
ZTF22aasxgjp,ZTF22aasxgjp_alert_19.npy,SN Ic
ZTF22aasxgjp,ZTF22aasxgjp_alert_21.npy,SN Ic
ZTF22aasxgjp,ZTF22aasxgjp_alert_23.npy,SN Ic
ZTF22aasxgjp,ZTF22aasxgjp_alert_24.npy,SN Ic
ZTF22aasxgjp,ZTF22aasxgjp_alert_26.npy,SN Ic
ZTF22aasxgjp,ZTF22aasxgjp_alert_28.npy,SN Ic
ZTF22aasxgjp,ZTF22aasxgjp_alert_29.npy,SN Ic
ZTF22aasxgjp,ZTF22aasxgjp_alert_31.npy,SN Ic
ZTF22aasyitj,ZTF22aasyitj_alert_1.npy,SN Ia
ZTF22aatnyqk,ZTF22aatnyqk_alert_15.npy,SN Ia
ZTF22aatnyqk,ZTF22aatnyqk_alert_17.npy,SN Ia
ZTF22aatnyqk,ZTF22aatnyqk_alert_18.npy,SN Ia
ZTF22aatnyqk,ZTF22aatnyqk_alert_20.npy,SN Ia
ZTF22aatnyqk,ZTF22aatnyqk_alert_21.npy,SN Ia
ZTF22aatnyqk,ZTF22aatnyqk_alert_23.npy,SN Ia
ZTF22aatnyqk,ZTF22aatnyqk_alert_24.npy,SN Ia
ZTF22aatnyqk,ZTF22aatnyqk_alert_26.npy,SN Ia
ZTF22aatnyqk,ZTF22aatnyqk_alert_27.npy,SN Ia
ZTF22aatnyqk,ZTF22aatnyqk_alert_29.npy,SN Ia
ZTF22aattfmb,ZTF22aattfmb_alert_3.npy,SN II
ZTF22aattfmb,ZTF22aattfmb_alert_4.npy,SN II
ZTF22aattfmb,ZTF22aattfmb_alert_5.npy,SN II
ZTF22aattfmb,ZTF22aattfmb_alert_6.npy,SN II
ZTF22aatunnt,ZTF22aatunnt_alert_10.npy,SN Ib
ZTF22aatunnt,ZTF22aatunnt_alert_11.npy,SN Ib
ZTF22aatunnt,ZTF22aatunnt_alert_12.npy,SN Ib
ZTF22aatunnt,ZTF22aatunnt_alert_13.npy,SN Ib
ZTF22aatunnt,ZTF22aatunnt_alert_14.npy,SN Ib
ZTF22aatunnt,ZTF22aatunnt_alert_7.npy,SN Ib
ZTF22aatunnt,ZTF22aatunnt_alert_8.npy,SN Ib
ZTF22aatunnt,ZTF22aatunnt_alert_9.npy,SN Ib
ZTF22aatuxjc,ZTF22aatuxjc_alert_10.npy,SN Ia
ZTF22aatuxjc,ZTF22aatuxjc_alert_11.npy,SN Ia
ZTF22aatuxjc,ZTF22aatuxjc_alert_12.npy,SN Ia
ZTF22aatuxjc,ZTF22aatuxjc_alert_6.npy,SN Ia
ZTF22aatuxjc,ZTF22aatuxjc_alert_7.npy,SN Ia
ZTF22aatuxjc,ZTF22aatuxjc_alert_8.npy,SN Ia
ZTF22aatuxjc,ZTF22aatuxjc_alert_9.npy,SN Ia
ZTF22aaucozn,ZTF22aaucozn_alert_5.npy,SN Ia
ZTF22aaucozn,ZTF22aaucozn_alert_6.npy,SN Ia
ZTF22aaucozn,ZTF22aaucozn_alert_7.npy,SN Ia
ZTF22aaucozn,ZTF22aaucozn_alert_8.npy,SN Ia
ZTF22aaucozn,ZTF22aaucozn_alert_9.npy,SN Ia
ZTF22aauggpa,ZTF22aauggpa_alert_3.npy,SN Ia
ZTF22aauggpa,ZTF22aauggpa_alert_4.npy,SN Ia
ZTF22aauggpa,ZTF22aauggpa_alert_5.npy,SN Ia
ZTF22aauggpa,ZTF22aauggpa_alert_6.npy,SN Ia
ZTF22aausixa,ZTF22aausixa_alert_10.npy,SN Ia
ZTF22aausixa,ZTF22aausixa_alert_11.npy,SN Ia
ZTF22aausixa,ZTF22aausixa_alert_12.npy,SN Ia
ZTF22aausixa,ZTF22aausixa_alert_13.npy,SN Ia
ZTF22aausixa,ZTF22aausixa_alert_14.npy,SN Ia
ZTF22aausixa,ZTF22aausixa_alert_15.npy,SN Ia
ZTF22aausixa,ZTF22aausixa_alert_16.npy,SN Ia
ZTF22aausixa,ZTF22aausixa_alert_8.npy,SN Ia
ZTF22aausixa,ZTF22aausixa_alert_9.npy,SN Ia
ZTF22aavcvgd,ZTF22aavcvgd_alert_4.npy,SN II
ZTF22aavcvgd,ZTF22aavcvgd_alert_5.npy,SN II
ZTF22aavcvgd,ZTF22aavcvgd_alert_6.npy,SN II
ZTF22aavcvgd,ZTF22aavcvgd_alert_7.npy,SN II
ZTF22aavcvgd,ZTF22aavcvgd_alert_8.npy,SN II
ZTF22aavqlzi,ZTF22aavqlzi_alert_1.npy,SN Ia
ZTF22aavqlzi,ZTF22aavqlzi_alert_2.npy,SN Ia
ZTF22aavvqyh,ZTF22aavvqyh_alert_2.npy,Tidal Disruption Event
ZTF22aavvqyh,ZTF22aavvqyh_alert_3.npy,Tidal Disruption Event
ZTF22aavvqyh,ZTF22aavvqyh_alert_4.npy,Tidal Disruption Event
ZTF22aawptbl,ZTF22aawptbl_alert_1.npy,SN II
ZTF22aawptbl,ZTF22aawptbl_alert_2.npy,SN II
ZTF22aaxgujq,ZTF22aaxgujq_alert_3.npy,SN II
ZTF22aaxgujq,ZTF22aaxgujq_alert_4.npy,SN II
ZTF22aaxgujq,ZTF22aaxgujq_alert_5.npy,SN II
ZTF22aaypvib,ZTF22aaypvib_alert_4.npy,SN Ia
ZTF22aaypvib,ZTF22aaypvib_alert_5.npy,SN Ia
ZTF22aaypvib,ZTF22aaypvib_alert_6.npy,SN Ia
ZTF22aaypvib,ZTF22aaypvib_alert_7.npy,SN Ia
ZTF22aazgaus,ZTF22aazgaus_alert_10.npy,SN Ia
ZTF22aazgaus,ZTF22aazgaus_alert_11.npy,SN Ia
ZTF22aazgaus,ZTF22aazgaus_alert_12.npy,SN Ia
ZTF22aazgaus,ZTF22aazgaus_alert_13.npy,SN Ia
ZTF22aazgaus,ZTF22aazgaus_alert_14.npy,SN Ia
ZTF22aazgaus,ZTF22aazgaus_alert_15.npy,SN Ia
ZTF22aazgaus,ZTF22aazgaus_alert_8.npy,SN Ia
ZTF22aazgaus,ZTF22aazgaus_alert_9.npy,SN Ia
ZTF22aazjiam,ZTF22aazjiam_alert_1.npy,SN II
ZTF22aazjiam,ZTF22aazjiam_alert_2.npy,SN II
ZTF22aazprmk,ZTF22aazprmk_alert_3.npy,SN Ia
ZTF22aazprmk,ZTF22aazprmk_alert_4.npy,SN Ia
ZTF22aazprmk,ZTF22aazprmk_alert_5.npy,SN Ia
ZTF22aazuuin,ZTF22aazuuin_alert_2.npy,SN IIb
ZTF22aazuuin,ZTF22aazuuin_alert_3.npy,SN IIb
ZTF22ababhmy,ZTF22ababhmy_alert_2.npy,SN II
ZTF22ababhmy,ZTF22ababhmy_alert_3.npy,SN II
ZTF22abaette,ZTF22abaette_alert_1.npy,SN Ia
ZTF22abaette,ZTF22abaette_alert_2.npy,SN Ia
ZTF22abajyqm,ZTF22abajyqm_alert_1.npy,SN IIn
ZTF22abajyqm,ZTF22abajyqm_alert_2.npy,SN IIn
ZTF22abaseoc,ZTF22abaseoc_alert_4.npy,SN Ia
ZTF22abaseoc,ZTF22abaseoc_alert_5.npy,SN Ia
ZTF22abaseoc,ZTF22abaseoc_alert_6.npy,SN Ia
ZTF22abaseoc,ZTF22abaseoc_alert_7.npy,SN Ia
ZTF22abaseoc,ZTF22abaseoc_alert_8.npy,SN Ia
ZTF22abaxqlk,ZTF22abaxqlk_alert_10.npy,SN Ia
ZTF22abaxqlk,ZTF22abaxqlk_alert_5.npy,SN Ia
ZTF22abaxqlk,ZTF22abaxqlk_alert_6.npy,SN Ia
ZTF22abaxqlk,ZTF22abaxqlk_alert_7.npy,SN Ia
ZTF22abaxqlk,ZTF22abaxqlk_alert_8.npy,SN Ia
ZTF22abaxqlk,ZTF22abaxqlk_alert_9.npy,SN Ia
ZTF22abbbwtl,ZTF22abbbwtl_alert_10.npy,SN Ia
ZTF22abbbwtl,ZTF22abbbwtl_alert_11.npy,SN Ia
ZTF22abbbwtl,ZTF22abbbwtl_alert_6.npy,SN Ia
ZTF22abbbwtl,ZTF22abbbwtl_alert_7.npy,SN Ia
ZTF22abbbwtl,ZTF22abbbwtl_alert_8.npy,SN Ia
ZTF22abbbwtl,ZTF22abbbwtl_alert_9.npy,SN Ia
ZTF22abbiwrr,ZTF22abbiwrr_alert_5.npy,SN II
ZTF22abbiwrr,ZTF22abbiwrr_alert_6.npy,SN II
ZTF22abbiwrr,ZTF22abbiwrr_alert_7.npy,SN II
ZTF22abbiwrr,ZTF22abbiwrr_alert_8.npy,SN II
ZTF22abbiwrr,ZTF22abbiwrr_alert_9.npy,SN II
ZTF22abbtzfm,ZTF22abbtzfm_alert_2.npy,SN II
ZTF22abbtzfm,ZTF22abbtzfm_alert_3.npy,SN II
ZTF22abdxbyh,ZTF22abdxbyh_alert_10.npy,SN Ia
ZTF22abdxbyh,ZTF22abdxbyh_alert_11.npy,SN Ia
ZTF22abdxbyh,ZTF22abdxbyh_alert_12.npy,SN Ia
ZTF22abdxbyh,ZTF22abdxbyh_alert_13.npy,SN Ia
ZTF22abdxbyh,ZTF22abdxbyh_alert_14.npy,SN Ia
ZTF22abdxbyh,ZTF22abdxbyh_alert_7.npy,SN Ia
ZTF22abdxbyh,ZTF22abdxbyh_alert_8.npy,SN Ia
ZTF22abdxbyh,ZTF22abdxbyh_alert_9.npy,SN Ia
ZTF22abecbbd,ZTF22abecbbd_alert_16.npy,SN Ia
ZTF22abecbbd,ZTF22abecbbd_alert_18.npy,SN Ia
ZTF22abecbbd,ZTF22abecbbd_alert_19.npy,SN Ia
ZTF22abecbbd,ZTF22abecbbd_alert_21.npy,SN Ia
ZTF22abecbbd,ZTF22abecbbd_alert_23.npy,SN Ia
ZTF22abecbbd,ZTF22abecbbd_alert_24.npy,SN Ia
ZTF22abecbbd,ZTF22abecbbd_alert_26.npy,SN Ia
ZTF22abecbbd,ZTF22abecbbd_alert_28.npy,SN Ia
ZTF22abecbbd,ZTF22abecbbd_alert_29.npy,SN Ia
ZTF22abecbbd,ZTF22abecbbd_alert_31.npy,SN Ia
ZTF22abehuah,ZTF22abehuah_alert_13.npy,SN Ia
ZTF22abehuah,ZTF22abehuah_alert_14.npy,SN Ia
ZTF22abehuah,ZTF22abehuah_alert_16.npy,SN Ia
ZTF22abehuah,ZTF22abehuah_alert_17.npy,SN Ia
ZTF22abehuah,ZTF22abehuah_alert_19.npy,SN Ia
ZTF22abehuah,ZTF22abehuah_alert_20.npy,SN Ia
ZTF22abehuah,ZTF22abehuah_alert_22.npy,SN Ia
ZTF22abehuah,ZTF22abehuah_alert_23.npy,SN Ia
ZTF22abehuah,ZTF22abehuah_alert_25.npy,SN Ia
ZTF22abehuah,ZTF22abehuah_alert_26.npy,SN Ia
ZTF22abelwtb,ZTF22abelwtb_alert_2.npy,SN Ia
ZTF22abelwtb,ZTF22abelwtb_alert_3.npy,SN Ia
ZTF22abemaki,ZTF22abemaki_alert_3.npy,SN Ia
ZTF22abemaki,ZTF22abemaki_alert_4.npy,SN Ia
ZTF22abemaki,ZTF22abemaki_alert_5.npy,SN Ia
ZTF22abepfmn,ZTF22abepfmn_alert_3.npy,SN II
ZTF22abepfmn,ZTF22abepfmn_alert_4.npy,SN II
ZTF22abepfmn,ZTF22abepfmn_alert_5.npy,SN II
ZTF22abevczq,ZTF22abevczq_alert_2.npy,Cataclysmic
ZTF22abevczq,ZTF22abevczq_alert_3.npy,Cataclysmic
ZTF22abevczq,ZTF22abevczq_alert_4.npy,Cataclysmic
ZTF22abeyzcl,ZTF22abeyzcl_alert_3.npy,SN IIn
ZTF22abeyzcl,ZTF22abeyzcl_alert_4.npy,SN IIn
ZTF22abeyzcl,ZTF22abeyzcl_alert_5.npy,SN IIn
ZTF22abeyzcl,ZTF22abeyzcl_alert_6.npy,SN IIn
ZTF22abfnfud,ZTF22abfnfud_alert_1.npy,SN IIn
ZTF22abfrkoh,ZTF22abfrkoh_alert_1.npy,SN Ic
ZTF22abfunyc,ZTF22abfunyc_alert_16.npy,SN Ia
ZTF22abfunyc,ZTF22abfunyc_alert_18.npy,SN Ia
ZTF22abfunyc,ZTF22abfunyc_alert_19.npy,SN Ia
ZTF22abfunyc,ZTF22abfunyc_alert_21.npy,SN Ia
ZTF22abfunyc,ZTF22abfunyc_alert_23.npy,SN Ia
ZTF22abfunyc,ZTF22abfunyc_alert_24.npy,SN Ia
ZTF22abfunyc,ZTF22abfunyc_alert_26.npy,SN Ia
ZTF22abfunyc,ZTF22abfunyc_alert_28.npy,SN Ia
ZTF22abfunyc,ZTF22abfunyc_alert_29.npy,SN Ia
ZTF22abfunyc,ZTF22abfunyc_alert_31.npy,SN Ia
ZTF22abfutmm,ZTF22abfutmm_alert_11.npy,SN Ia
ZTF22abfutmm,ZTF22abfutmm_alert_12.npy,SN Ia
ZTF22abfutmm,ZTF22abfutmm_alert_13.npy,SN Ia
ZTF22abfutmm,ZTF22abfutmm_alert_14.npy,SN Ia
ZTF22abfutmm,ZTF22abfutmm_alert_15.npy,SN Ia
ZTF22abfutmm,ZTF22abfutmm_alert_17.npy,SN Ia
ZTF22abfutmm,ZTF22abfutmm_alert_18.npy,SN Ia
ZTF22abfutmm,ZTF22abfutmm_alert_19.npy,SN Ia
ZTF22abfutmm,ZTF22abfutmm_alert_20.npy,SN Ia
ZTF22abfutmm,ZTF22abfutmm_alert_21.npy,SN Ia
ZTF22abfuwel,ZTF22abfuwel_alert_20.npy,SN Ib
ZTF22abfuwel,ZTF22abfuwel_alert_22.npy,SN Ib
ZTF22abfuwel,ZTF22abfuwel_alert_24.npy,SN Ib
ZTF22abfuwel,ZTF22abfuwel_alert_27.npy,SN Ib
ZTF22abfuwel,ZTF22abfuwel_alert_29.npy,SN Ib
ZTF22abfuwel,ZTF22abfuwel_alert_31.npy,SN Ib
ZTF22abfuwel,ZTF22abfuwel_alert_33.npy,SN Ib
ZTF22abfuwel,ZTF22abfuwel_alert_36.npy,SN Ib
ZTF22abfuwel,ZTF22abfuwel_alert_38.npy,SN Ib
ZTF22abfuwel,ZTF22abfuwel_alert_40.npy,SN Ib
ZTF22abfviis,ZTF22abfviis_alert_10.npy,SN Ia
ZTF22abfviis,ZTF22abfviis_alert_5.npy,SN Ia
ZTF22abfviis,ZTF22abfviis_alert_6.npy,SN Ia
ZTF22abfviis,ZTF22abfviis_alert_7.npy,SN Ia
ZTF22abfviis,ZTF22abfviis_alert_8.npy,SN Ia
ZTF22abfviis,ZTF22abfviis_alert_9.npy,SN Ia
ZTF22abfwchw,ZTF22abfwchw_alert_10.npy,SN II
ZTF22abfwchw,ZTF22abfwchw_alert_5.npy,SN II
ZTF22abfwchw,ZTF22abfwchw_alert_6.npy,SN II
ZTF22abfwchw,ZTF22abfwchw_alert_7.npy,SN II
ZTF22abfwchw,ZTF22abfwchw_alert_8.npy,SN II
ZTF22abfwchw,ZTF22abfwchw_alert_9.npy,SN II
ZTF22abfwign,ZTF22abfwign_alert_10.npy,SN II
ZTF22abfwign,ZTF22abfwign_alert_5.npy,SN II
ZTF22abfwign,ZTF22abfwign_alert_6.npy,SN II
ZTF22abfwign,ZTF22abfwign_alert_7.npy,SN II
ZTF22abfwign,ZTF22abfwign_alert_8.npy,SN II
ZTF22abfwign,ZTF22abfwign_alert_9.npy,SN II
ZTF22abfwxtr,ZTF22abfwxtr_alert_21.npy,SN II
ZTF22abfwxtr,ZTF22abfwxtr_alert_23.npy,SN II
ZTF22abfwxtr,ZTF22abfwxtr_alert_26.npy,SN II
ZTF22abfwxtr,ZTF22abfwxtr_alert_28.npy,SN II
ZTF22abfwxtr,ZTF22abfwxtr_alert_30.npy,SN II
ZTF22abfwxtr,ZTF22abfwxtr_alert_33.npy,SN II
ZTF22abfwxtr,ZTF22abfwxtr_alert_35.npy,SN II
ZTF22abfwxtr,ZTF22abfwxtr_alert_37.npy,SN II
ZTF22abfwxtr,ZTF22abfwxtr_alert_40.npy,SN II
ZTF22abfwxtr,ZTF22abfwxtr_alert_42.npy,SN II
ZTF22abfynid,ZTF22abfynid_alert_4.npy,SN Ia
ZTF22abfynid,ZTF22abfynid_alert_5.npy,SN Ia
ZTF22abfynid,ZTF22abfynid_alert_6.npy,SN Ia
ZTF22abfynid,ZTF22abfynid_alert_7.npy,SN Ia
ZTF22abfyqsc,ZTF22abfyqsc_alert_4.npy,SN Ib
ZTF22abfyqsc,ZTF22abfyqsc_alert_5.npy,SN Ib
ZTF22abfyqsc,ZTF22abfyqsc_alert_6.npy,SN Ib
ZTF22abfyqsc,ZTF22abfyqsc_alert_7.npy,SN Ib
ZTF22abfyqsc,ZTF22abfyqsc_alert_8.npy,SN Ib
ZTF22abfyrxh,ZTF22abfyrxh_alert_10.npy,SN Ia
ZTF22abfyrxh,ZTF22abfyrxh_alert_11.npy,SN Ia
ZTF22abfyrxh,ZTF22abfyrxh_alert_12.npy,SN Ia
ZTF22abfyrxh,ZTF22abfyrxh_alert_6.npy,SN Ia
ZTF22abfyrxh,ZTF22abfyrxh_alert_7.npy,SN Ia
ZTF22abfyrxh,ZTF22abfyrxh_alert_8.npy,SN Ia
ZTF22abfyrxh,ZTF22abfyrxh_alert_9.npy,SN Ia
ZTF22abgheca,ZTF22abgheca_alert_10.npy,SN IIP
ZTF22abgheca,ZTF22abgheca_alert_11.npy,SN IIP
ZTF22abgheca,ZTF22abgheca_alert_12.npy,SN IIP
ZTF22abgheca,ZTF22abgheca_alert_6.npy,SN IIP
ZTF22abgheca,ZTF22abgheca_alert_7.npy,SN IIP
ZTF22abgheca,ZTF22abgheca_alert_8.npy,SN IIP
ZTF22abgheca,ZTF22abgheca_alert_9.npy,SN IIP
ZTF22abgveih,ZTF22abgveih_alert_14.npy,SN II
ZTF22abgveih,ZTF22abgveih_alert_16.npy,SN II
ZTF22abgveih,ZTF22abgveih_alert_17.npy,SN II
ZTF22abgveih,ZTF22abgveih_alert_19.npy,SN II
ZTF22abgveih,ZTF22abgveih_alert_20.npy,SN II
ZTF22abgveih,ZTF22abgveih_alert_22.npy,SN II
ZTF22abgveih,ZTF22abgveih_alert_23.npy,SN II
ZTF22abgveih,ZTF22abgveih_alert_25.npy,SN II
ZTF22abgveih,ZTF22abgveih_alert_26.npy,SN II
ZTF22abgveih,ZTF22abgveih_alert_28.npy,SN II
ZTF22abibgsa,ZTF22abibgsa_alert_3.npy,SN Ia
ZTF22abibgsa,ZTF22abibgsa_alert_4.npy,SN Ia
ZTF22abibgsa,ZTF22abibgsa_alert_5.npy,SN Ia
ZTF22abiyeae,ZTF22abiyeae_alert_10.npy,SN Ia
ZTF22abiyeae,ZTF22abiyeae_alert_11.npy,SN Ia
ZTF22abiyeae,ZTF22abiyeae_alert_6.npy,SN Ia
ZTF22abiyeae,ZTF22abiyeae_alert_7.npy,SN Ia
ZTF22abiyeae,ZTF22abiyeae_alert_8.npy,SN Ia
ZTF22abiyeae,ZTF22abiyeae_alert_9.npy,SN Ia
ZTF22abizuah,ZTF22abizuah_alert_10.npy,SN IIn
ZTF22abizuah,ZTF22abizuah_alert_5.npy,SN IIn
ZTF22abizuah,ZTF22abizuah_alert_6.npy,SN IIn
ZTF22abizuah,ZTF22abizuah_alert_7.npy,SN IIn
ZTF22abizuah,ZTF22abizuah_alert_8.npy,SN IIn
ZTF22abizuah,ZTF22abizuah_alert_9.npy,SN IIn
ZTF22abjvyib,ZTF22abjvyib_alert_3.npy,SN IIn
ZTF22abjvyib,ZTF22abjvyib_alert_4.npy,SN IIn
ZTF22abjvyib,ZTF22abjvyib_alert_5.npy,SN IIn
ZTF22abjvyib,ZTF22abjvyib_alert_6.npy,SN IIn
ZTF22ablnrcv,ZTF22ablnrcv_alert_3.npy,SN II
ZTF22ablnrcv,ZTF22ablnrcv_alert_4.npy,SN II
ZTF22ablnrcv,ZTF22ablnrcv_alert_5.npy,SN II
ZTF22abmicob,ZTF22abmicob_alert_4.npy,SN Ia
ZTF22abmicob,ZTF22abmicob_alert_5.npy,SN Ia
ZTF22abmicob,ZTF22abmicob_alert_6.npy,SN Ia
ZTF22abmicob,ZTF22abmicob_alert_7.npy,SN Ia
ZTF22abnfjsm,ZTF22abnfjsm_alert_2.npy,SN IIn
ZTF22abnlwjv,ZTF22abnlwjv_alert_2.npy,SN Ia
ZTF22abnlwjv,ZTF22abnlwjv_alert_3.npy,SN Ia
ZTF22abobobs,ZTF22abobobs_alert_4.npy,SN Ia
ZTF22abobobs,ZTF22abobobs_alert_5.npy,SN Ia
ZTF22abobobs,ZTF22abobobs_alert_6.npy,SN Ia
ZTF22abobobs,ZTF22abobobs_alert_7.npy,SN Ia
ZTF22abobobs,ZTF22abobobs_alert_8.npy,SN Ia
ZTF22abppdqh,ZTF22abppdqh_alert_12.npy,SN Ia
ZTF22abppdqh,ZTF22abppdqh_alert_13.npy,SN Ia
ZTF22abppdqh,ZTF22abppdqh_alert_14.npy,SN Ia
ZTF22abppdqh,ZTF22abppdqh_alert_16.npy,SN Ia
ZTF22abppdqh,ZTF22abppdqh_alert_17.npy,SN Ia
ZTF22abppdqh,ZTF22abppdqh_alert_18.npy,SN Ia
ZTF22abppdqh,ZTF22abppdqh_alert_19.npy,SN Ia
ZTF22abppdqh,ZTF22abppdqh_alert_21.npy,SN Ia
ZTF22abppdqh,ZTF22abppdqh_alert_22.npy,SN Ia
ZTF22abppdqh,ZTF22abppdqh_alert_23.npy,SN Ia
ZTF22abpusrt,ZTF22abpusrt_alert_3.npy,SN Ia
ZTF22abpusrt,ZTF22abpusrt_alert_4.npy,SN Ia
ZTF22abpusrt,ZTF22abpusrt_alert_5.npy,SN Ia
ZTF22abpusrt,ZTF22abpusrt_alert_6.npy,SN Ia
ZTF22abqseiq,ZTF22abqseiq_alert_10.npy,SN IIn
ZTF22abqseiq,ZTF22abqseiq_alert_11.npy,SN IIn
ZTF22abqseiq,ZTF22abqseiq_alert_12.npy,SN IIn
ZTF22abqseiq,ZTF22abqseiq_alert_13.npy,SN IIn
ZTF22abqseiq,ZTF22abqseiq_alert_14.npy,SN IIn
ZTF22abqseiq,ZTF22abqseiq_alert_15.npy,SN IIn
ZTF22abqseiq,ZTF22abqseiq_alert_16.npy,SN IIn
ZTF22abqseiq,ZTF22abqseiq_alert_17.npy,SN IIn
ZTF22abqseiq,ZTF22abqseiq_alert_9.npy,SN IIn
ZTF22abqwahz,ZTF22abqwahz_alert_1.npy,SN Ia
ZTF22abqwahz,ZTF22abqwahz_alert_2.npy,SN Ia
ZTF22absdier,ZTF22absdier_alert_2.npy,SN Ia
ZTF22absdier,ZTF22absdier_alert_3.npy,SN Ia
ZTF22absmdsy,ZTF22absmdsy_alert_2.npy,SN II
ZTF22absmdsy,ZTF22absmdsy_alert_3.npy,SN II
ZTF22absphlp,ZTF22absphlp_alert_2.npy,SN Ia
ZTF22absphlp,ZTF22absphlp_alert_3.npy,SN Ia
ZTF22absphuu,ZTF22absphuu_alert_10.npy,SN Ib
ZTF22absphuu,ZTF22absphuu_alert_11.npy,SN Ib
ZTF22absphuu,ZTF22absphuu_alert_12.npy,SN Ib
ZTF22absphuu,ZTF22absphuu_alert_13.npy,SN Ib
ZTF22absphuu,ZTF22absphuu_alert_14.npy,SN Ib
ZTF22absphuu,ZTF22absphuu_alert_15.npy,SN Ib
ZTF22absphuu,ZTF22absphuu_alert_16.npy,SN Ib
ZTF22absphuu,ZTF22absphuu_alert_17.npy,SN Ib
ZTF22absphuu,ZTF22absphuu_alert_9.npy,SN Ib
ZTF22absqhkw,ZTF22absqhkw_alert_3.npy,SN II
ZTF22absqhkw,ZTF22absqhkw_alert_4.npy,SN II
ZTF22absqhkw,ZTF22absqhkw_alert_5.npy,SN II
ZTF22absxaxv,ZTF22absxaxv_alert_3.npy,SN Ia
ZTF22absxaxv,ZTF22absxaxv_alert_4.npy,SN Ia
ZTF22absxaxv,ZTF22absxaxv_alert_5.npy,SN Ia
ZTF22absxaxv,ZTF22absxaxv_alert_6.npy,SN Ia
ZTF22abtcphd,ZTF22abtcphd_alert_5.npy,SN II
ZTF22abtcphd,ZTF22abtcphd_alert_6.npy,SN II
ZTF22abtcphd,ZTF22abtcphd_alert_7.npy,SN II
ZTF22abtcphd,ZTF22abtcphd_alert_8.npy,SN II
ZTF22abtcphd,ZTF22abtcphd_alert_9.npy,SN II
ZTF22abtcpig,ZTF22abtcpig_alert_5.npy,SN IIn
ZTF22abtcpig,ZTF22abtcpig_alert_6.npy,SN IIn
ZTF22abtcpig,ZTF22abtcpig_alert_7.npy,SN IIn
ZTF22abtcpig,ZTF22abtcpig_alert_8.npy,SN IIn
ZTF22abtcpig,ZTF22abtcpig_alert_9.npy,SN IIn
ZTF22abtctvo,ZTF22abtctvo_alert_23.npy,SN Ia
ZTF22abtctvo,ZTF22abtctvo_alert_25.npy,SN Ia
ZTF22abtctvo,ZTF22abtctvo_alert_28.npy,SN Ia
ZTF22abtctvo,ZTF22abtctvo_alert_30.npy,SN Ia
ZTF22abtctvo,ZTF22abtctvo_alert_33.npy,SN Ia
ZTF22abtctvo,ZTF22abtctvo_alert_35.npy,SN Ia
ZTF22abtctvo,ZTF22abtctvo_alert_38.npy,SN Ia
ZTF22abtctvo,ZTF22abtctvo_alert_40.npy,SN Ia
ZTF22abtctvo,ZTF22abtctvo_alert_43.npy,SN Ia
ZTF22abtctvo,ZTF22abtctvo_alert_45.npy,SN Ia
ZTF22abtcyhv,ZTF22abtcyhv_alert_10.npy,SN II
ZTF22abtcyhv,ZTF22abtcyhv_alert_5.npy,SN II
ZTF22abtcyhv,ZTF22abtcyhv_alert_6.npy,SN II
ZTF22abtcyhv,ZTF22abtcyhv_alert_7.npy,SN II
ZTF22abtcyhv,ZTF22abtcyhv_alert_8.npy,SN II
ZTF22abtcyhv,ZTF22abtcyhv_alert_9.npy,SN II
ZTF22abtdarf,ZTF22abtdarf_alert_4.npy,SN Ia
ZTF22abtdarf,ZTF22abtdarf_alert_5.npy,SN Ia
ZTF22abtdarf,ZTF22abtdarf_alert_6.npy,SN Ia
ZTF22abtdarf,ZTF22abtdarf_alert_7.npy,SN Ia
ZTF22abtdzyw,ZTF22abtdzyw_alert_3.npy,SN Ia
ZTF22abtdzyw,ZTF22abtdzyw_alert_4.npy,SN Ia
ZTF22abtdzyw,ZTF22abtdzyw_alert_5.npy,SN Ia
ZTF22abtspsw,ZTF22abtspsw_alert_10.npy,SN II
ZTF22abtspsw,ZTF22abtspsw_alert_5.npy,SN II
ZTF22abtspsw,ZTF22abtspsw_alert_6.npy,SN II
ZTF22abtspsw,ZTF22abtspsw_alert_7.npy,SN II
ZTF22abtspsw,ZTF22abtspsw_alert_8.npy,SN II
ZTF22abtspsw,ZTF22abtspsw_alert_9.npy,SN II
ZTF22abtsttg,ZTF22abtsttg_alert_10.npy,SN II
ZTF22abtsttg,ZTF22abtsttg_alert_11.npy,SN II
ZTF22abtsttg,ZTF22abtsttg_alert_6.npy,SN II
ZTF22abtsttg,ZTF22abtsttg_alert_7.npy,SN II
ZTF22abtsttg,ZTF22abtsttg_alert_8.npy,SN II
ZTF22abtsttg,ZTF22abtsttg_alert_9.npy,SN II
ZTF22abueufz,ZTF22abueufz_alert_4.npy,SN Ia
ZTF22abueufz,ZTF22abueufz_alert_5.npy,SN Ia
ZTF22abueufz,ZTF22abueufz_alert_6.npy,SN Ia
ZTF22abueufz,ZTF22abueufz_alert_7.npy,SN Ia
ZTF22abueufz,ZTF22abueufz_alert_8.npy,SN Ia
ZTF22abulmbx,ZTF22abulmbx_alert_10.npy,SN Ia
ZTF22abulmbx,ZTF22abulmbx_alert_11.npy,SN Ia
ZTF22abulmbx,ZTF22abulmbx_alert_12.npy,SN Ia
ZTF22abulmbx,ZTF22abulmbx_alert_13.npy,SN Ia
ZTF22abulmbx,ZTF22abulmbx_alert_14.npy,SN Ia
ZTF22abulmbx,ZTF22abulmbx_alert_7.npy,SN Ia
ZTF22abulmbx,ZTF22abulmbx_alert_8.npy,SN Ia
ZTF22abulmbx,ZTF22abulmbx_alert_9.npy,SN Ia
ZTF22abulusd,ZTF22abulusd_alert_4.npy,SN II
ZTF22abulusd,ZTF22abulusd_alert_5.npy,SN II
ZTF22abulusd,ZTF22abulusd_alert_6.npy,SN II
ZTF22abulusd,ZTF22abulusd_alert_7.npy,SN II
ZTF22abulusd,ZTF22abulusd_alert_8.npy,SN II
ZTF22abunrnh,ZTF22abunrnh_alert_12.npy,SN II
ZTF22abunrnh,ZTF22abunrnh_alert_13.npy,SN II
ZTF22abunrnh,ZTF22abunrnh_alert_15.npy,SN II
ZTF22abunrnh,ZTF22abunrnh_alert_16.npy,SN II
ZTF22abunrnh,ZTF22abunrnh_alert_17.npy,SN II
ZTF22abunrnh,ZTF22abunrnh_alert_19.npy,SN II
ZTF22abunrnh,ZTF22abunrnh_alert_20.npy,SN II
ZTF22abunrnh,ZTF22abunrnh_alert_21.npy,SN II
ZTF22abunrnh,ZTF22abunrnh_alert_23.npy,SN II
ZTF22abunrnh,ZTF22abunrnh_alert_24.npy,SN II
ZTF22abuqitl,ZTF22abuqitl_alert_17.npy,SN Ia
ZTF22abuqitl,ZTF22abuqitl_alert_19.npy,SN Ia
ZTF22abuqitl,ZTF22abuqitl_alert_21.npy,SN Ia
ZTF22abuqitl,ZTF22abuqitl_alert_23.npy,SN Ia
ZTF22abuqitl,ZTF22abuqitl_alert_25.npy,SN Ia
ZTF22abuqitl,ZTF22abuqitl_alert_26.npy,SN Ia
ZTF22abuqitl,ZTF22abuqitl_alert_28.npy,SN Ia
ZTF22abuqitl,ZTF22abuqitl_alert_30.npy,SN Ia
ZTF22abuqitl,ZTF22abuqitl_alert_32.npy,SN Ia
ZTF22abuqitl,ZTF22abuqitl_alert_34.npy,SN Ia
ZTF22abwlapx,ZTF22abwlapx_alert_12.npy,SN Ia
ZTF22abwlapx,ZTF22abwlapx_alert_13.npy,SN Ia
ZTF22abwlapx,ZTF22abwlapx_alert_14.npy,SN Ia
ZTF22abwlapx,ZTF22abwlapx_alert_16.npy,SN Ia
ZTF22abwlapx,ZTF22abwlapx_alert_17.npy,SN Ia
ZTF22abwlapx,ZTF22abwlapx_alert_18.npy,SN Ia
ZTF22abwlapx,ZTF22abwlapx_alert_19.npy,SN Ia
ZTF22abwlapx,ZTF22abwlapx_alert_21.npy,SN Ia
ZTF22abwlapx,ZTF22abwlapx_alert_22.npy,SN Ia
ZTF22abwlapx,ZTF22abwlapx_alert_23.npy,SN Ia
ZTF22abxkfjy,ZTF22abxkfjy_alert_2.npy,SN Ia
ZTF22abxkfjy,ZTF22abxkfjy_alert_3.npy,SN Ia
ZTF22abxkfjy,ZTF22abxkfjy_alert_4.npy,SN Ia
ZTF22abxlfpl,ZTF22abxlfpl_alert_1.npy,SN Ic
ZTF22abxlqvc,ZTF22abxlqvc_alert_1.npy,SN Ia
ZTF22abyiisu,ZTF22abyiisu_alert_2.npy,SN II
ZTF22abyiisu,ZTF22abyiisu_alert_3.npy,SN II
ZTF22abyiisu,ZTF22abyiisu_alert_4.npy,SN II
ZTF22abyivor,ZTF22abyivor_alert_3.npy,SN II
ZTF22abyivor,ZTF22abyivor_alert_4.npy,SN II
ZTF22abyivor,ZTF22abyivor_alert_5.npy,SN II
ZTF22abyoczz,ZTF22abyoczz_alert_4.npy,SN IIb
ZTF22abyoczz,ZTF22abyoczz_alert_5.npy,SN IIb
ZTF22abyoczz,ZTF22abyoczz_alert_6.npy,SN IIb
ZTF22abyoczz,ZTF22abyoczz_alert_7.npy,SN IIb
ZTF22abyokkf,ZTF22abyokkf_alert_1.npy,SN II
ZTF22abyokle,ZTF22abyokle_alert_1.npy,SN Ia
ZTF22abyrvsz,ZTF22abyrvsz_alert_2.npy,SN II
ZTF22abyrvsz,ZTF22abyrvsz_alert_3.npy,SN II
ZTF22abyrvsz,ZTF22abyrvsz_alert_4.npy,SN II
ZTF22abysshb,ZTF22abysshb_alert_10.npy,SN II
ZTF22abysshb,ZTF22abysshb_alert_11.npy,SN II
ZTF22abysshb,ZTF22abysshb_alert_12.npy,SN II
ZTF22abysshb,ZTF22abysshb_alert_13.npy,SN II
ZTF22abysshb,ZTF22abysshb_alert_14.npy,SN II
ZTF22abysshb,ZTF22abysshb_alert_15.npy,SN II
ZTF22abysshb,ZTF22abysshb_alert_16.npy,SN II
ZTF22abysshb,ZTF22abysshb_alert_17.npy,SN II
ZTF22abysshb,ZTF22abysshb_alert_18.npy,SN II
ZTF22abysshb,ZTF22abysshb_alert_19.npy,SN II
ZTF22abyttje,ZTF22abyttje_alert_2.npy,SN II
ZTF22abyttje,ZTF22abyttje_alert_3.npy,SN II
ZTF22abytwjj,ZTF22abytwjj_alert_3.npy,SN Ib
ZTF22abytwjj,ZTF22abytwjj_alert_4.npy,SN Ib
ZTF22abytwjj,ZTF22abytwjj_alert_5.npy,SN Ib
ZTF22abytwjj,ZTF22abytwjj_alert_6.npy,SN Ib
ZTF22abzaiuz,ZTF22abzaiuz_alert_4.npy,SN Ia
ZTF22abzaiuz,ZTF22abzaiuz_alert_5.npy,SN Ia
ZTF22abzaiuz,ZTF22abzaiuz_alert_6.npy,SN Ia
ZTF22abzaiuz,ZTF22abzaiuz_alert_7.npy,SN Ia
ZTF22abzdnij,ZTF22abzdnij_alert_1.npy,SN Ic
ZTF22abzgbtq,ZTF22abzgbtq_alert_10.npy,SN IIn
ZTF22abzgbtq,ZTF22abzgbtq_alert_11.npy,SN IIn
ZTF22abzgbtq,ZTF22abzgbtq_alert_12.npy,SN IIn
ZTF22abzgbtq,ZTF22abzgbtq_alert_13.npy,SN IIn
ZTF22abzgbtq,ZTF22abzgbtq_alert_7.npy,SN IIn
ZTF22abzgbtq,ZTF22abzgbtq_alert_8.npy,SN IIn
ZTF22abzgbtq,ZTF22abzgbtq_alert_9.npy,SN IIn
ZTF22acaeaok,ZTF22acaeaok_alert_2.npy,SN Ia
ZTF22acaeaok,ZTF22acaeaok_alert_3.npy,SN Ia
ZTF22acahury,ZTF22acahury_alert_1.npy,SN II
ZTF22acahury,ZTF22acahury_alert_2.npy,SN II
ZTF22acaipir,ZTF22acaipir_alert_2.npy,SN II
ZTF22acaipir,ZTF22acaipir_alert_3.npy,SN II
ZTF22acaipir,ZTF22acaipir_alert_4.npy,SN II
ZTF23aaaahhb,ZTF23aaaahhb_alert_5.npy,SN II
ZTF23aaaahhb,ZTF23aaaahhb_alert_6.npy,SN II
ZTF23aaaahhb,ZTF23aaaahhb_alert_7.npy,SN II
ZTF23aaaahhb,ZTF23aaaahhb_alert_8.npy,SN II
ZTF23aaaahhb,ZTF23aaaahhb_alert_9.npy,SN II
ZTF23aaaatjn,ZTF23aaaatjn_alert_2.npy,SN II
ZTF23aaaatjn,ZTF23aaaatjn_alert_3.npy,SN II
ZTF23aaaatjn,ZTF23aaaatjn_alert_4.npy,SN II
ZTF23aaabcgx,ZTF23aaabcgx_alert_1.npy,SN Ia
ZTF23aaaifls,ZTF23aaaifls_alert_1.npy,SN II
ZTF23aaaifls,ZTF23aaaifls_alert_2.npy,SN II
ZTF23aaaigqy,ZTF23aaaigqy_alert_1.npy,SN II
ZTF23aaaigqy,ZTF23aaaigqy_alert_2.npy,SN II
ZTF23aaasblk,ZTF23aaasblk_alert_2.npy,SN II
ZTF23aaasblk,ZTF23aaasblk_alert_3.npy,SN II
ZTF23aaawatw,ZTF23aaawatw_alert_1.npy,SN II
ZTF23aaawatw,ZTF23aaawatw_alert_2.npy,SN II
ZTF23aaawbre,ZTF23aaawbre_alert_2.npy,SN Ic
ZTF23aaawbre,ZTF23aaawbre_alert_3.npy,SN Ic
ZTF23aaawbre,ZTF23aaawbre_alert_4.npy,SN Ic
ZTF23aabfyfn,ZTF23aabfyfn_alert_3.npy,SN Ia
ZTF23aabfyfn,ZTF23aabfyfn_alert_4.npy,SN Ia
ZTF23aabfyfn,ZTF23aabfyfn_alert_5.npy,SN Ia
ZTF23aabfyfn,ZTF23aabfyfn_alert_6.npy,SN Ia
ZTF23aabnyfa,ZTF23aabnyfa_alert_10.npy,SN II
ZTF23aabnyfa,ZTF23aabnyfa_alert_11.npy,SN II
ZTF23aabnyfa,ZTF23aabnyfa_alert_12.npy,SN II
ZTF23aabnyfa,ZTF23aabnyfa_alert_13.npy,SN II
ZTF23aabnyfa,ZTF23aabnyfa_alert_14.npy,SN II
ZTF23aabnyfa,ZTF23aabnyfa_alert_15.npy,SN II
ZTF23aabnyfa,ZTF23aabnyfa_alert_16.npy,SN II
ZTF23aabnyfa,ZTF23aabnyfa_alert_17.npy,SN II
ZTF23aabnyfa,ZTF23aabnyfa_alert_9.npy,SN II
ZTF23aabplmy,ZTF23aabplmy_alert_3.npy,SN IIn
ZTF23aabplmy,ZTF23aabplmy_alert_4.npy,SN IIn
ZTF23aabplmy,ZTF23aabplmy_alert_5.npy,SN IIn
ZTF23aabplmy,ZTF23aabplmy_alert_6.npy,SN IIn
ZTF23aabtarg,ZTF23aabtarg_alert_4.npy,SN Ia
ZTF23aabtarg,ZTF23aabtarg_alert_5.npy,SN Ia
ZTF23aabtarg,ZTF23aabtarg_alert_6.npy,SN Ia
ZTF23aabtarg,ZTF23aabtarg_alert_7.npy,SN Ia
ZTF23aabtarg,ZTF23aabtarg_alert_8.npy,SN Ia
ZTF23aabtgej,ZTF23aabtgej_alert_3.npy,SN Ia
ZTF23aabtgej,ZTF23aabtgej_alert_4.npy,SN Ia
ZTF23aabtgej,ZTF23aabtgej_alert_5.npy,SN Ia
ZTF23aabtgej,ZTF23aabtgej_alert_6.npy,SN Ia
ZTF23aabtjdm,ZTF23aabtjdm_alert_1.npy,SN Ia
ZTF23aabtjdm,ZTF23aabtjdm_alert_2.npy,SN Ia
ZTF23aabutcv,ZTF23aabutcv_alert_1.npy,SN II
ZTF23aabutzu,ZTF23aabutzu_alert_1.npy,SN II
ZTF23aabvcmb,ZTF23aabvcmb_alert_3.npy,SN IIn
ZTF23aabvcmb,ZTF23aabvcmb_alert_4.npy,SN IIn
ZTF23aabvcmb,ZTF23aabvcmb_alert_5.npy,SN IIn
ZTF23aacafsp,ZTF23aacafsp_alert_2.npy,SN Ia
ZTF23aacafsp,ZTF23aacafsp_alert_3.npy,SN Ia
ZTF23aacafsp,ZTF23aacafsp_alert_4.npy,SN Ia
ZTF23aacdlsh,ZTF23aacdlsh_alert_2.npy,SN II
ZTF23aacdlsh,ZTF23aacdlsh_alert_3.npy,SN II
ZTF23aacfkak,ZTF23aacfkak_alert_2.npy,SN II
ZTF23aacfkak,ZTF23aacfkak_alert_3.npy,SN II
ZTF23aacjetk,ZTF23aacjetk_alert_10.npy,SN II
ZTF23aacjetk,ZTF23aacjetk_alert_11.npy,SN II
ZTF23aacjetk,ZTF23aacjetk_alert_12.npy,SN II
ZTF23aacjetk,ZTF23aacjetk_alert_13.npy,SN II
ZTF23aacjetk,ZTF23aacjetk_alert_14.npy,SN II
ZTF23aacjetk,ZTF23aacjetk_alert_15.npy,SN II
ZTF23aacjetk,ZTF23aacjetk_alert_16.npy,SN II
ZTF23aacjetk,ZTF23aacjetk_alert_17.npy,SN II
ZTF23aacjetk,ZTF23aacjetk_alert_18.npy,SN II
ZTF23aacjetk,ZTF23aacjetk_alert_9.npy,SN II
ZTF23aackjhs,ZTF23aackjhs_alert_3.npy,SN II
ZTF23aackjhs,ZTF23aackjhs_alert_4.npy,SN II
ZTF23aackjhs,ZTF23aackjhs_alert_5.npy,SN II
ZTF23aacxtsd,ZTF23aacxtsd_alert_1.npy,SN Ib
ZTF23aaczpkm,ZTF23aaczpkm_alert_1.npy,SN IIn
ZTF23aadbbxv,ZTF23aadbbxv_alert_2.npy,SN II
ZTF23aadbbxv,ZTF23aadbbxv_alert_3.npy,SN II
ZTF23aadbwtw,ZTF23aadbwtw_alert_1.npy,SN II
ZTF23aadbwtw,ZTF23aadbwtw_alert_2.npy,SN II
ZTF23aadcgak,ZTF23aadcgak_alert_2.npy,SN II
ZTF23aadcgak,ZTF23aadcgak_alert_3.npy,SN II
ZTF23aadtvmb,ZTF23aadtvmb_alert_2.npy,SN IIn
ZTF23aadvxih,ZTF23aadvxih_alert_2.npy,SN Ia
ZTF23aadvxih,ZTF23aadvxih_alert_3.npy,SN Ia
ZTF23aaebopi,ZTF23aaebopi_alert_2.npy,SN Ia
ZTF23aaedvtn,ZTF23aaedvtn_alert_2.npy,SN II
ZTF23aaedvtn,ZTF23aaedvtn_alert_3.npy,SN II
ZTF23aaedvtn,ZTF23aaedvtn_alert_4.npy,SN II
ZTF23aaeeugd,ZTF23aaeeugd_alert_10.npy,SN II
ZTF23aaeeugd,ZTF23aaeeugd_alert_11.npy,SN II
ZTF23aaeeugd,ZTF23aaeeugd_alert_12.npy,SN II
ZTF23aaeeugd,ZTF23aaeeugd_alert_13.npy,SN II
ZTF23aaeeugd,ZTF23aaeeugd_alert_14.npy,SN II
ZTF23aaeeugd,ZTF23aaeeugd_alert_7.npy,SN II
ZTF23aaeeugd,ZTF23aaeeugd_alert_8.npy,SN II
ZTF23aaeeugd,ZTF23aaeeugd_alert_9.npy,SN II
ZTF23aaemepn,ZTF23aaemepn_alert_3.npy,SN Ia
ZTF23aaemepn,ZTF23aaemepn_alert_4.npy,SN Ia
ZTF23aaemepn,ZTF23aaemepn_alert_5.npy,SN Ia
ZTF23aaemnzd,ZTF23aaemnzd_alert_4.npy,SN Ic
ZTF23aaemnzd,ZTF23aaemnzd_alert_5.npy,SN Ic
ZTF23aaemnzd,ZTF23aaemnzd_alert_6.npy,SN Ic
ZTF23aaemnzd,ZTF23aaemnzd_alert_7.npy,SN Ic
ZTF23aaemnzd,ZTF23aaemnzd_alert_8.npy,SN Ic
ZTF23aaetxqb,ZTF23aaetxqb_alert_4.npy,SN Ia
ZTF23aaetxqb,ZTF23aaetxqb_alert_5.npy,SN Ia
ZTF23aaetxqb,ZTF23aaetxqb_alert_6.npy,SN Ia
ZTF23aaetxqb,ZTF23aaetxqb_alert_7.npy,SN Ia
ZTF23aaeyncp,ZTF23aaeyncp_alert_3.npy,SN Ia
ZTF23aaeyncp,ZTF23aaeyncp_alert_4.npy,SN Ia
ZTF23aaeyncp,ZTF23aaeyncp_alert_5.npy,SN Ia
ZTF23aaflnok,ZTF23aaflnok_alert_4.npy,SN II
ZTF23aaflnok,ZTF23aaflnok_alert_5.npy,SN II
ZTF23aaflnok,ZTF23aaflnok_alert_6.npy,SN II
ZTF23aaflnok,ZTF23aaflnok_alert_7.npy,SN II
ZTF23aaflnok,ZTF23aaflnok_alert_8.npy,SN II
ZTF23aafumlg,ZTF23aafumlg_alert_10.npy,SN II
ZTF23aafumlg,ZTF23aafumlg_alert_11.npy,SN II
ZTF23aafumlg,ZTF23aafumlg_alert_12.npy,SN II
ZTF23aafumlg,ZTF23aafumlg_alert_13.npy,SN II
ZTF23aafumlg,ZTF23aafumlg_alert_14.npy,SN II
ZTF23aafumlg,ZTF23aafumlg_alert_7.npy,SN II
ZTF23aafumlg,ZTF23aafumlg_alert_8.npy,SN II
ZTF23aafumlg,ZTF23aafumlg_alert_9.npy,SN II
ZTF23aafwykt,ZTF23aafwykt_alert_10.npy,SN Ic
ZTF23aafwykt,ZTF23aafwykt_alert_11.npy,SN Ic
ZTF23aafwykt,ZTF23aafwykt_alert_12.npy,SN Ic
ZTF23aafwykt,ZTF23aafwykt_alert_13.npy,SN Ic
ZTF23aafwykt,ZTF23aafwykt_alert_14.npy,SN Ic
ZTF23aafwykt,ZTF23aafwykt_alert_7.npy,SN Ic
ZTF23aafwykt,ZTF23aafwykt_alert_8.npy,SN Ic
ZTF23aafwykt,ZTF23aafwykt_alert_9.npy,SN Ic
ZTF23aagdamr,ZTF23aagdamr_alert_10.npy,SN Ia
ZTF23aagdamr,ZTF23aagdamr_alert_11.npy,SN Ia
ZTF23aagdamr,ZTF23aagdamr_alert_12.npy,SN Ia
ZTF23aagdamr,ZTF23aagdamr_alert_6.npy,SN Ia
ZTF23aagdamr,ZTF23aagdamr_alert_7.npy,SN Ia
ZTF23aagdamr,ZTF23aagdamr_alert_8.npy,SN Ia
ZTF23aagdamr,ZTF23aagdamr_alert_9.npy,SN Ia
ZTF23aagklwb,ZTF23aagklwb_alert_2.npy,SN II
ZTF23aagklwb,ZTF23aagklwb_alert_3.npy,SN II
ZTF23aagkutf,ZTF23aagkutf_alert_4.npy,SN II
ZTF23aagkutf,ZTF23aagkutf_alert_5.npy,SN II
ZTF23aagkutf,ZTF23aagkutf_alert_6.npy,SN II
ZTF23aagkutf,ZTF23aagkutf_alert_7.npy,SN II
ZTF23aagkutf,ZTF23aagkutf_alert_8.npy,SN II
ZTF23aagmbuf,ZTF23aagmbuf_alert_11.npy,SN Ia
ZTF23aagmbuf,ZTF23aagmbuf_alert_12.npy,SN Ia
ZTF23aagmbuf,ZTF23aagmbuf_alert_13.npy,SN Ia
ZTF23aagmbuf,ZTF23aagmbuf_alert_15.npy,SN Ia
ZTF23aagmbuf,ZTF23aagmbuf_alert_16.npy,SN Ia
ZTF23aagmbuf,ZTF23aagmbuf_alert_17.npy,SN Ia
ZTF23aagmbuf,ZTF23aagmbuf_alert_18.npy,SN Ia
ZTF23aagmbuf,ZTF23aagmbuf_alert_20.npy,SN Ia
ZTF23aagmbuf,ZTF23aagmbuf_alert_21.npy,SN Ia
ZTF23aagmbuf,ZTF23aagmbuf_alert_22.npy,SN Ia
ZTF23aagqyym,ZTF23aagqyym_alert_5.npy,SN II
ZTF23aagqyym,ZTF23aagqyym_alert_6.npy,SN II
ZTF23aagqyym,ZTF23aagqyym_alert_7.npy,SN II
ZTF23aagqyym,ZTF23aagqyym_alert_8.npy,SN II
ZTF23aagqyym,ZTF23aagqyym_alert_9.npy,SN II
ZTF23aahnabd,ZTF23aahnabd_alert_10.npy,SN Ia
ZTF23aahnabd,ZTF23aahnabd_alert_11.npy,SN Ia
ZTF23aahnabd,ZTF23aahnabd_alert_12.npy,SN Ia
ZTF23aahnabd,ZTF23aahnabd_alert_13.npy,SN Ia
ZTF23aahnabd,ZTF23aahnabd_alert_14.npy,SN Ia
ZTF23aahnabd,ZTF23aahnabd_alert_15.npy,SN Ia
ZTF23aahnabd,ZTF23aahnabd_alert_8.npy,SN Ia
ZTF23aahnabd,ZTF23aahnabd_alert_9.npy,SN Ia
ZTF23aahnmag,ZTF23aahnmag_alert_10.npy,SN Ic
ZTF23aahnmag,ZTF23aahnmag_alert_11.npy,SN Ic
ZTF23aahnmag,ZTF23aahnmag_alert_12.npy,SN Ic
ZTF23aahnmag,ZTF23aahnmag_alert_13.npy,SN Ic
ZTF23aahnmag,ZTF23aahnmag_alert_7.npy,SN Ic
ZTF23aahnmag,ZTF23aahnmag_alert_8.npy,SN Ic
ZTF23aahnmag,ZTF23aahnmag_alert_9.npy,SN Ic
ZTF23aahqvtz,ZTF23aahqvtz_alert_10.npy,SN II
ZTF23aahqvtz,ZTF23aahqvtz_alert_11.npy,SN II
ZTF23aahqvtz,ZTF23aahqvtz_alert_12.npy,SN II
ZTF23aahqvtz,ZTF23aahqvtz_alert_13.npy,SN II
ZTF23aahqvtz,ZTF23aahqvtz_alert_14.npy,SN II
ZTF23aahqvtz,ZTF23aahqvtz_alert_15.npy,SN II
ZTF23aahqvtz,ZTF23aahqvtz_alert_16.npy,SN II
ZTF23aahqvtz,ZTF23aahqvtz_alert_17.npy,SN II
ZTF23aahqvtz,ZTF23aahqvtz_alert_9.npy,SN II
ZTF23aahxdhe,ZTF23aahxdhe_alert_10.npy,SN Ia
ZTF23aahxdhe,ZTF23aahxdhe_alert_11.npy,SN Ia
ZTF23aahxdhe,ZTF23aahxdhe_alert_12.npy,SN Ia
ZTF23aahxdhe,ZTF23aahxdhe_alert_13.npy,SN Ia
ZTF23aahxdhe,ZTF23aahxdhe_alert_7.npy,SN Ia
ZTF23aahxdhe,ZTF23aahxdhe_alert_8.npy,SN Ia
ZTF23aahxdhe,ZTF23aahxdhe_alert_9.npy,SN Ia
ZTF23aaihsvm,ZTF23aaihsvm_alert_10.npy,SN II
ZTF23aaihsvm,ZTF23aaihsvm_alert_11.npy,SN II
ZTF23aaihsvm,ZTF23aaihsvm_alert_12.npy,SN II
ZTF23aaihsvm,ZTF23aaihsvm_alert_6.npy,SN II
ZTF23aaihsvm,ZTF23aaihsvm_alert_7.npy,SN II
ZTF23aaihsvm,ZTF23aaihsvm_alert_8.npy,SN II
ZTF23aaihsvm,ZTF23aaihsvm_alert_9.npy,SN II
ZTF23aaikakr,ZTF23aaikakr_alert_4.npy,Cataclysmic
ZTF23aaikakr,ZTF23aaikakr_alert_5.npy,Cataclysmic
ZTF23aaikakr,ZTF23aaikakr_alert_6.npy,Cataclysmic
ZTF23aaikakr,ZTF23aaikakr_alert_7.npy,Cataclysmic
ZTF23aaikakr,ZTF23aaikakr_alert_8.npy,Cataclysmic
ZTF23aailjjs,ZTF23aailjjs_alert_2.npy,SN II
ZTF23aailjjs,ZTF23aailjjs_alert_3.npy,SN II
ZTF23aailodz,ZTF23aailodz_alert_1.npy,SN Ia
ZTF23aaixdcm,ZTF23aaixdcm_alert_1.npy,SN II
ZTF23aaixruf,ZTF23aaixruf_alert_1.npy,SN II
ZTF23aaiyexs,ZTF23aaiyexs_alert_4.npy,SN Ia
ZTF23aaiyexs,ZTF23aaiyexs_alert_5.npy,SN Ia
ZTF23aaiyexs,ZTF23aaiyexs_alert_6.npy,SN Ia
ZTF23aaiyexs,ZTF23aaiyexs_alert_7.npy,SN Ia
ZTF23aajfdxf,ZTF23aajfdxf_alert_10.npy,SN Ib
ZTF23aajfdxf,ZTF23aajfdxf_alert_11.npy,SN Ib
ZTF23aajfdxf,ZTF23aajfdxf_alert_12.npy,SN Ib
ZTF23aajfdxf,ZTF23aajfdxf_alert_6.npy,SN Ib
ZTF23aajfdxf,ZTF23aajfdxf_alert_7.npy,SN Ib
ZTF23aajfdxf,ZTF23aajfdxf_alert_8.npy,SN Ib
ZTF23aajfdxf,ZTF23aajfdxf_alert_9.npy,SN Ib
ZTF23aajfere,ZTF23aajfere_alert_13.npy,SN Ic
ZTF23aajfere,ZTF23aajfere_alert_14.npy,SN Ic
ZTF23aajfere,ZTF23aajfere_alert_16.npy,SN Ic
ZTF23aajfere,ZTF23aajfere_alert_17.npy,SN Ic
ZTF23aajfere,ZTF23aajfere_alert_18.npy,SN Ic
ZTF23aajfere,ZTF23aajfere_alert_20.npy,SN Ic
ZTF23aajfere,ZTF23aajfere_alert_21.npy,SN Ic
ZTF23aajfere,ZTF23aajfere_alert_22.npy,SN Ic
ZTF23aajfere,ZTF23aajfere_alert_24.npy,SN Ic
ZTF23aajfere,ZTF23aajfere_alert_25.npy,SN Ic
ZTF23aajhosl,ZTF23aajhosl_alert_4.npy,SN II
ZTF23aajhosl,ZTF23aajhosl_alert_5.npy,SN II
ZTF23aajhosl,ZTF23aajhosl_alert_6.npy,SN II
ZTF23aajhosl,ZTF23aajhosl_alert_7.npy,SN II
ZTF23aajjayv,ZTF23aajjayv_alert_10.npy,Cataclysmic
ZTF23aajjayv,ZTF23aajjayv_alert_11.npy,Cataclysmic
ZTF23aajjayv,ZTF23aajjayv_alert_12.npy,Cataclysmic
ZTF23aajjayv,ZTF23aajjayv_alert_13.npy,Cataclysmic
ZTF23aajjayv,ZTF23aajjayv_alert_7.npy,Cataclysmic
ZTF23aajjayv,ZTF23aajjayv_alert_8.npy,Cataclysmic
ZTF23aajjayv,ZTF23aajjayv_alert_9.npy,Cataclysmic
ZTF23aajjzbm,ZTF23aajjzbm_alert_4.npy,SN IIn
ZTF23aajjzbm,ZTF23aajjzbm_alert_5.npy,SN IIn
ZTF23aajjzbm,ZTF23aajjzbm_alert_6.npy,SN IIn
ZTF23aajjzbm,ZTF23aajjzbm_alert_7.npy,SN IIn
ZTF23aajkfls,ZTF23aajkfls_alert_10.npy,SN II
ZTF23aajkfls,ZTF23aajkfls_alert_11.npy,SN II
ZTF23aajkfls,ZTF23aajkfls_alert_12.npy,SN II
ZTF23aajkfls,ZTF23aajkfls_alert_6.npy,SN II
ZTF23aajkfls,ZTF23aajkfls_alert_7.npy,SN II
ZTF23aajkfls,ZTF23aajkfls_alert_8.npy,SN II
ZTF23aajkfls,ZTF23aajkfls_alert_9.npy,SN II
ZTF23aajkisd,ZTF23aajkisd_alert_2.npy,SN IIn
ZTF23aajkisd,ZTF23aajkisd_alert_3.npy,SN IIn
ZTF23aajkjxm,ZTF23aajkjxm_alert_20.npy,SN II
ZTF23aajkjxm,ZTF23aajkjxm_alert_22.npy,SN II
ZTF23aajkjxm,ZTF23aajkjxm_alert_24.npy,SN II
ZTF23aajkjxm,ZTF23aajkjxm_alert_26.npy,SN II
ZTF23aajkjxm,ZTF23aajkjxm_alert_28.npy,SN II
ZTF23aajkjxm,ZTF23aajkjxm_alert_31.npy,SN II
ZTF23aajkjxm,ZTF23aajkjxm_alert_33.npy,SN II
ZTF23aajkjxm,ZTF23aajkjxm_alert_35.npy,SN II
ZTF23aajkjxm,ZTF23aajkjxm_alert_37.npy,SN II
ZTF23aajkjxm,ZTF23aajkjxm_alert_39.npy,SN II
ZTF23aajucmw,ZTF23aajucmw_alert_10.npy,SN II
ZTF23aajucmw,ZTF23aajucmw_alert_11.npy,SN II
ZTF23aajucmw,ZTF23aajucmw_alert_12.npy,SN II
ZTF23aajucmw,ZTF23aajucmw_alert_13.npy,SN II
ZTF23aajucmw,ZTF23aajucmw_alert_14.npy,SN II
ZTF23aajucmw,ZTF23aajucmw_alert_15.npy,SN II
ZTF23aajucmw,ZTF23aajucmw_alert_16.npy,SN II
ZTF23aajucmw,ZTF23aajucmw_alert_17.npy,SN II
ZTF23aajucmw,ZTF23aajucmw_alert_9.npy,SN II
ZTF23aakaqht,ZTF23aakaqht_alert_4.npy,SN Ia
ZTF23aakaqht,ZTF23aakaqht_alert_5.npy,SN Ia
ZTF23aakaqht,ZTF23aakaqht_alert_6.npy,SN Ia
ZTF23aakaqht,ZTF23aakaqht_alert_7.npy,SN Ia
ZTF23aakaqht,ZTF23aakaqht_alert_8.npy,SN Ia
ZTF23aakidwn,ZTF23aakidwn_alert_4.npy,SN Ia
ZTF23aakidwn,ZTF23aakidwn_alert_5.npy,SN Ia
ZTF23aakidwn,ZTF23aakidwn_alert_6.npy,SN Ia
ZTF23aakidwn,ZTF23aakidwn_alert_7.npy,SN Ia
ZTF23aakidwn,ZTF23aakidwn_alert_8.npy,SN Ia
ZTF23aalgqsq,ZTF23aalgqsq_alert_3.npy,SN IIn
ZTF23aalgqsq,ZTF23aalgqsq_alert_4.npy,SN IIn
ZTF23aalgqsq,ZTF23aalgqsq_alert_5.npy,SN IIn
ZTF23aalwuua,ZTF23aalwuua_alert_3.npy,SN II
ZTF23aalwuua,ZTF23aalwuua_alert_4.npy,SN II
ZTF23aalwuua,ZTF23aalwuua_alert_5.npy,SN II
ZTF23aalzwdn,ZTF23aalzwdn_alert_2.npy,SN Ia
ZTF23aalzwdn,ZTF23aalzwdn_alert_3.npy,SN Ia
ZTF23aalzwdn,ZTF23aalzwdn_alert_4.npy,SN Ia
ZTF23aamfqxc,ZTF23aamfqxc_alert_2.npy,SN II
ZTF23aamfqxc,ZTF23aamfqxc_alert_3.npy,SN II
ZTF23aamqycj,ZTF23aamqycj_alert_3.npy,SN II
ZTF23aamqycj,ZTF23aamqycj_alert_4.npy,SN II
ZTF23aamqycj,ZTF23aamqycj_alert_5.npy,SN II
ZTF23aamqycj,ZTF23aamqycj_alert_6.npy,SN II
ZTF23aamsarj,ZTF23aamsarj_alert_2.npy,SN II
ZTF23aamsarj,ZTF23aamsarj_alert_3.npy,SN II
ZTF23aamsarj,ZTF23aamsarj_alert_4.npy,SN II
ZTF23aamsddm,ZTF23aamsddm_alert_1.npy,SN Ia
ZTF23aamsddm,ZTF23aamsddm_alert_2.npy,SN Ia
ZTF23aamskdj,ZTF23aamskdj_alert_14.npy,SN II
ZTF23aamskdj,ZTF23aamskdj_alert_15.npy,SN II
ZTF23aamskdj,ZTF23aamskdj_alert_17.npy,SN II
ZTF23aamskdj,ZTF23aamskdj_alert_18.npy,SN II
ZTF23aamskdj,ZTF23aamskdj_alert_20.npy,SN II
ZTF23aamskdj,ZTF23aamskdj_alert_21.npy,SN II
ZTF23aamskdj,ZTF23aamskdj_alert_23.npy,SN II
ZTF23aamskdj,ZTF23aamskdj_alert_24.npy,SN II
ZTF23aamskdj,ZTF23aamskdj_alert_26.npy,SN II
ZTF23aamskdj,ZTF23aamskdj_alert_27.npy,SN II
ZTF23aamwiqd,ZTF23aamwiqd_alert_2.npy,SN Ia
ZTF23aamwiqd,ZTF23aamwiqd_alert_3.npy,SN Ia
ZTF23aamwiqd,ZTF23aamwiqd_alert_4.npy,SN Ia
ZTF23aamzljd,ZTF23aamzljd_alert_11.npy,SN Ic
ZTF23aamzljd,ZTF23aamzljd_alert_12.npy,SN Ic
ZTF23aamzljd,ZTF23aamzljd_alert_13.npy,SN Ic
ZTF23aamzljd,ZTF23aamzljd_alert_15.npy,SN Ic
ZTF23aamzljd,ZTF23aamzljd_alert_16.npy,SN Ic
ZTF23aamzljd,ZTF23aamzljd_alert_17.npy,SN Ic
ZTF23aamzljd,ZTF23aamzljd_alert_18.npy,SN Ic
ZTF23aamzljd,ZTF23aamzljd_alert_20.npy,SN Ic
ZTF23aamzljd,ZTF23aamzljd_alert_21.npy,SN Ic
ZTF23aamzljd,ZTF23aamzljd_alert_22.npy,SN Ic
ZTF23aanexof,ZTF23aanexof_alert_2.npy,SN II
ZTF23aanexof,ZTF23aanexof_alert_3.npy,SN II
ZTF23aanexof,ZTF23aanexof_alert_4.npy,SN II
ZTF23aanqoyo,ZTF23aanqoyo_alert_4.npy,SN Ib
ZTF23aanqoyo,ZTF23aanqoyo_alert_5.npy,SN Ib
ZTF23aanqoyo,ZTF23aanqoyo_alert_6.npy,SN Ib
ZTF23aanqoyo,ZTF23aanqoyo_alert_7.npy,SN Ib
ZTF23aanqoyo,ZTF23aanqoyo_alert_8.npy,SN Ib
ZTF23aanqwir,ZTF23aanqwir_alert_16.npy,SN Ia
ZTF23aanqwir,ZTF23aanqwir_alert_18.npy,SN Ia
ZTF23aanqwir,ZTF23aanqwir_alert_19.npy,SN Ia
ZTF23aanqwir,ZTF23aanqwir_alert_21.npy,SN Ia
ZTF23aanqwir,ZTF23aanqwir_alert_23.npy,SN Ia
ZTF23aanqwir,ZTF23aanqwir_alert_24.npy,SN Ia
ZTF23aanqwir,ZTF23aanqwir_alert_26.npy,SN Ia
ZTF23aanqwir,ZTF23aanqwir_alert_28.npy,SN Ia
ZTF23aanqwir,ZTF23aanqwir_alert_29.npy,SN Ia
ZTF23aanqwir,ZTF23aanqwir_alert_31.npy,SN Ia
ZTF23aansdlc,ZTF23aansdlc_alert_5.npy,SN IIn
ZTF23aansdlc,ZTF23aansdlc_alert_6.npy,SN IIn
ZTF23aansdlc,ZTF23aansdlc_alert_7.npy,SN IIn
ZTF23aansdlc,ZTF23aansdlc_alert_8.npy,SN IIn
ZTF23aansdlc,ZTF23aansdlc_alert_9.npy,SN IIn
ZTF23aanxepa,ZTF23aanxepa_alert_10.npy,SN Ia
ZTF23aanxepa,ZTF23aanxepa_alert_11.npy,SN Ia
ZTF23aanxepa,ZTF23aanxepa_alert_12.npy,SN Ia
ZTF23aanxepa,ZTF23aanxepa_alert_13.npy,SN Ia
ZTF23aanxepa,ZTF23aanxepa_alert_7.npy,SN Ia
ZTF23aanxepa,ZTF23aanxepa_alert_8.npy,SN Ia
ZTF23aanxepa,ZTF23aanxepa_alert_9.npy,SN Ia
ZTF23aanxrjm,ZTF23aanxrjm_alert_3.npy,SN II
ZTF23aanxrjm,ZTF23aanxrjm_alert_4.npy,SN II
ZTF23aanxrjm,ZTF23aanxrjm_alert_5.npy,SN II
ZTF23aanzmoz,ZTF23aanzmoz_alert_2.npy,SN II
ZTF23aanzmoz,ZTF23aanzmoz_alert_3.npy,SN II
ZTF23aaohfxx,ZTF23aaohfxx_alert_4.npy,SN II
ZTF23aaohfxx,ZTF23aaohfxx_alert_5.npy,SN II
ZTF23aaohfxx,ZTF23aaohfxx_alert_6.npy,SN II
ZTF23aaohfxx,ZTF23aaohfxx_alert_7.npy,SN II
ZTF23aaoihto,ZTF23aaoihto_alert_26.npy,SN II
ZTF23aaoihto,ZTF23aaoihto_alert_29.npy,SN II
ZTF23aaoihto,ZTF23aaoihto_alert_32.npy,SN II
ZTF23aaoihto,ZTF23aaoihto_alert_35.npy,SN II
ZTF23aaoihto,ZTF23aaoihto_alert_38.npy,SN II
ZTF23aaoihto,ZTF23aaoihto_alert_40.npy,SN II
ZTF23aaoihto,ZTF23aaoihto_alert_43.npy,SN II
ZTF23aaoihto,ZTF23aaoihto_alert_46.npy,SN II
ZTF23aaoihto,ZTF23aaoihto_alert_49.npy,SN II
ZTF23aaoihto,ZTF23aaoihto_alert_52.npy,SN II
ZTF23aaomkar,ZTF23aaomkar_alert_5.npy,SN II
ZTF23aaomkar,ZTF23aaomkar_alert_6.npy,SN II
ZTF23aaomkar,ZTF23aaomkar_alert_7.npy,SN II
ZTF23aaomkar,ZTF23aaomkar_alert_8.npy,SN II
ZTF23aaomkar,ZTF23aaomkar_alert_9.npy,SN II
ZTF23aaozatq,ZTF23aaozatq_alert_42.npy,SN II
ZTF23aaozatq,ZTF23aaozatq_alert_47.npy,SN II
ZTF23aaozatq,ZTF23aaozatq_alert_51.npy,SN II
ZTF23aaozatq,ZTF23aaozatq_alert_56.npy,SN II
ZTF23aaozatq,ZTF23aaozatq_alert_61.npy,SN II
ZTF23aaozatq,ZTF23aaozatq_alert_65.npy,SN II
ZTF23aaozatq,ZTF23aaozatq_alert_70.npy,SN II
ZTF23aaozatq,ZTF23aaozatq_alert_75.npy,SN II
ZTF23aaozatq,ZTF23aaozatq_alert_79.npy,SN II
ZTF23aaozatq,ZTF23aaozatq_alert_84.npy,SN II
ZTF23aapcllu,ZTF23aapcllu_alert_10.npy,SN II
ZTF23aapcllu,ZTF23aapcllu_alert_5.npy,SN II
ZTF23aapcllu,ZTF23aapcllu_alert_6.npy,SN II
ZTF23aapcllu,ZTF23aapcllu_alert_7.npy,SN II
ZTF23aapcllu,ZTF23aapcllu_alert_8.npy,SN II
ZTF23aapcllu,ZTF23aapcllu_alert_9.npy,SN II
ZTF23aapfrwv,ZTF23aapfrwv_alert_10.npy,SN Ia
ZTF23aapfrwv,ZTF23aapfrwv_alert_11.npy,SN Ia
ZTF23aapfrwv,ZTF23aapfrwv_alert_12.npy,SN Ia
ZTF23aapfrwv,ZTF23aapfrwv_alert_13.npy,SN Ia
ZTF23aapfrwv,ZTF23aapfrwv_alert_14.npy,SN Ia
ZTF23aapfrwv,ZTF23aapfrwv_alert_15.npy,SN Ia
ZTF23aapfrwv,ZTF23aapfrwv_alert_16.npy,SN Ia
ZTF23aapfrwv,ZTF23aapfrwv_alert_17.npy,SN Ia
ZTF23aapfrwv,ZTF23aapfrwv_alert_18.npy,SN Ia
ZTF23aapfrwv,ZTF23aapfrwv_alert_19.npy,SN Ia
ZTF23aapgckf,ZTF23aapgckf_alert_3.npy,SN II
ZTF23aapgckf,ZTF23aapgckf_alert_4.npy,SN II
ZTF23aapgckf,ZTF23aapgckf_alert_5.npy,SN II
ZTF23aaphnyz,ZTF23aaphnyz_alert_25.npy,SN II
ZTF23aaphnyz,ZTF23aaphnyz_alert_28.npy,SN II
ZTF23aaphnyz,ZTF23aaphnyz_alert_31.npy,SN II
ZTF23aaphnyz,ZTF23aaphnyz_alert_33.npy,SN II
ZTF23aaphnyz,ZTF23aaphnyz_alert_36.npy,SN II
ZTF23aaphnyz,ZTF23aaphnyz_alert_39.npy,SN II
ZTF23aaphnyz,ZTF23aaphnyz_alert_42.npy,SN II
ZTF23aaphnyz,ZTF23aaphnyz_alert_44.npy,SN II
ZTF23aaphnyz,ZTF23aaphnyz_alert_47.npy,SN II
ZTF23aaphnyz,ZTF23aaphnyz_alert_50.npy,SN II
ZTF23aapiyqi,ZTF23aapiyqi_alert_5.npy,SN Ia
ZTF23aapiyqi,ZTF23aapiyqi_alert_6.npy,SN Ia
ZTF23aapiyqi,ZTF23aapiyqi_alert_7.npy,SN Ia
ZTF23aapiyqi,ZTF23aapiyqi_alert_8.npy,SN Ia
ZTF23aapiyqi,ZTF23aapiyqi_alert_9.npy,SN Ia
ZTF23aapnnuq,ZTF23aapnnuq_alert_10.npy,SN Ia
ZTF23aapnnuq,ZTF23aapnnuq_alert_11.npy,SN Ia
ZTF23aapnnuq,ZTF23aapnnuq_alert_12.npy,SN Ia
ZTF23aapnnuq,ZTF23aapnnuq_alert_13.npy,SN Ia
ZTF23aapnnuq,ZTF23aapnnuq_alert_14.npy,SN Ia
ZTF23aapnnuq,ZTF23aapnnuq_alert_15.npy,SN Ia
ZTF23aapnnuq,ZTF23aapnnuq_alert_16.npy,SN Ia
ZTF23aapnnuq,ZTF23aapnnuq_alert_17.npy,SN Ia
ZTF23aapnnuq,ZTF23aapnnuq_alert_18.npy,SN Ia
ZTF23aapnnuq,ZTF23aapnnuq_alert_9.npy,SN Ia
ZTF23aapuknd,ZTF23aapuknd_alert_15.npy,SN II
ZTF23aapuknd,ZTF23aapuknd_alert_17.npy,SN II
ZTF23aapuknd,ZTF23aapuknd_alert_18.npy,SN II
ZTF23aapuknd,ZTF23aapuknd_alert_20.npy,SN II
ZTF23aapuknd,ZTF23aapuknd_alert_21.npy,SN II
ZTF23aapuknd,ZTF23aapuknd_alert_23.npy,SN II
ZTF23aapuknd,ZTF23aapuknd_alert_24.npy,SN II
ZTF23aapuknd,ZTF23aapuknd_alert_26.npy,SN II
ZTF23aapuknd,ZTF23aapuknd_alert_27.npy,SN II
ZTF23aapuknd,ZTF23aapuknd_alert_29.npy,SN II
ZTF23aapvuyy,ZTF23aapvuyy_alert_10.npy,SN II
ZTF23aapvuyy,ZTF23aapvuyy_alert_11.npy,SN II
ZTF23aapvuyy,ZTF23aapvuyy_alert_6.npy,SN II
ZTF23aapvuyy,ZTF23aapvuyy_alert_7.npy,SN II
ZTF23aapvuyy,ZTF23aapvuyy_alert_8.npy,SN II
ZTF23aapvuyy,ZTF23aapvuyy_alert_9.npy,SN II
ZTF23aapyidj,ZTF23aapyidj_alert_1.npy,Tidal Disruption Event
ZTF23aapzsik,ZTF23aapzsik_alert_1.npy,SN Ia
ZTF23aaqknaw,ZTF23aaqknaw_alert_3.npy,SN II
ZTF23aaqknaw,ZTF23aaqknaw_alert_4.npy,SN II
ZTF23aaqknaw,ZTF23aaqknaw_alert_5.npy,SN II
ZTF23aaqmxxo,ZTF23aaqmxxo_alert_4.npy,SN II
ZTF23aaqmxxo,ZTF23aaqmxxo_alert_5.npy,SN II
ZTF23aaqmxxo,ZTF23aaqmxxo_alert_6.npy,SN II
ZTF23aaqmxxo,ZTF23aaqmxxo_alert_7.npy,SN II
ZTF23aaqqfks,ZTF23aaqqfks_alert_2.npy,SN Ia
ZTF23aaquhaz,ZTF23aaquhaz_alert_4.npy,SN II
ZTF23aaquhaz,ZTF23aaquhaz_alert_5.npy,SN II
ZTF23aaquhaz,ZTF23aaquhaz_alert_6.npy,SN II
ZTF23aaquhaz,ZTF23aaquhaz_alert_7.npy,SN II
ZTF23aaquhaz,ZTF23aaquhaz_alert_8.npy,SN II
ZTF23aaquolj,ZTF23aaquolj_alert_4.npy,SN IIn
ZTF23aaquolj,ZTF23aaquolj_alert_5.npy,SN IIn
ZTF23aaquolj,ZTF23aaquolj_alert_6.npy,SN IIn
ZTF23aaquolj,ZTF23aaquolj_alert_7.npy,SN IIn
ZTF23aaquolj,ZTF23aaquolj_alert_8.npy,SN IIn
ZTF23aaraamx,ZTF23aaraamx_alert_10.npy,SN II
ZTF23aaraamx,ZTF23aaraamx_alert_11.npy,SN II
ZTF23aaraamx,ZTF23aaraamx_alert_12.npy,SN II
ZTF23aaraamx,ZTF23aaraamx_alert_13.npy,SN II
ZTF23aaraamx,ZTF23aaraamx_alert_14.npy,SN II
ZTF23aaraamx,ZTF23aaraamx_alert_16.npy,SN II
ZTF23aaraamx,ZTF23aaraamx_alert_17.npy,SN II
ZTF23aaraamx,ZTF23aaraamx_alert_18.npy,SN II
ZTF23aaraamx,ZTF23aaraamx_alert_19.npy,SN II
ZTF23aaraamx,ZTF23aaraamx_alert_20.npy,SN II
ZTF23aarqyio,ZTF23aarqyio_alert_5.npy,SN Ia
ZTF23aarqyio,ZTF23aarqyio_alert_6.npy,SN Ia
ZTF23aarqyio,ZTF23aarqyio_alert_7.npy,SN Ia
ZTF23aarqyio,ZTF23aarqyio_alert_8.npy,SN Ia
ZTF23aarqyio,ZTF23aarqyio_alert_9.npy,SN Ia
ZTF23aarvrvd,ZTF23aarvrvd_alert_10.npy,SN Ia
ZTF23aarvrvd,ZTF23aarvrvd_alert_5.npy,SN Ia
ZTF23aarvrvd,ZTF23aarvrvd_alert_6.npy,SN Ia
ZTF23aarvrvd,ZTF23aarvrvd_alert_7.npy,SN Ia
ZTF23aarvrvd,ZTF23aarvrvd_alert_8.npy,SN Ia
ZTF23aarvrvd,ZTF23aarvrvd_alert_9.npy,SN Ia
ZTF23aarxtku,ZTF23aarxtku_alert_3.npy,SN Ia
ZTF23aarxtku,ZTF23aarxtku_alert_4.npy,SN Ia
ZTF23aarxtku,ZTF23aarxtku_alert_5.npy,SN Ia
ZTF23aasocjj,ZTF23aasocjj_alert_10.npy,SN II
ZTF23aasocjj,ZTF23aasocjj_alert_5.npy,SN II
ZTF23aasocjj,ZTF23aasocjj_alert_6.npy,SN II
ZTF23aasocjj,ZTF23aasocjj_alert_7.npy,SN II
ZTF23aasocjj,ZTF23aasocjj_alert_8.npy,SN II
ZTF23aasocjj,ZTF23aasocjj_alert_9.npy,SN II
ZTF23aasrcyv,ZTF23aasrcyv_alert_1.npy,SN II
ZTF23aasrcyv,ZTF23aasrcyv_alert_2.npy,SN II
ZTF23aasyrup,ZTF23aasyrup_alert_1.npy,SN II
ZTF23aasyvbf,ZTF23aasyvbf_alert_2.npy,SN II
ZTF23aasyvbf,ZTF23aasyvbf_alert_3.npy,SN II
ZTF23aatdcey,ZTF23aatdcey_alert_5.npy,SN II
ZTF23aatdcey,ZTF23aatdcey_alert_6.npy,SN II
ZTF23aatdcey,ZTF23aatdcey_alert_7.npy,SN II
ZTF23aatdcey,ZTF23aatdcey_alert_8.npy,SN II
ZTF23aatdcey,ZTF23aatdcey_alert_9.npy,SN II
ZTF23aausgkl,ZTF23aausgkl_alert_3.npy,SN II
ZTF23aausgkl,ZTF23aausgkl_alert_4.npy,SN II
ZTF23aausgkl,ZTF23aausgkl_alert_5.npy,SN II
ZTF23aauzfbi,ZTF23aauzfbi_alert_2.npy,SN II
ZTF23aauzfbi,ZTF23aauzfbi_alert_3.npy,SN II
ZTF23aauzfbi,ZTF23aauzfbi_alert_4.npy,SN II
ZTF23aauzxfh,ZTF23aauzxfh_alert_1.npy,SN Ia
ZTF23aavmycb,ZTF23aavmycb_alert_1.npy,SN Ia
ZTF23aavolri,ZTF23aavolri_alert_3.npy,SN Ia
ZTF23aavolri,ZTF23aavolri_alert_4.npy,SN Ia
ZTF23aavolri,ZTF23aavolri_alert_5.npy,SN Ia
ZTF23aavshwi,ZTF23aavshwi_alert_1.npy,SN Ia
ZTF23aavshwi,ZTF23aavshwi_alert_2.npy,SN Ia
ZTF23aavugjj,ZTF23aavugjj_alert_2.npy,SN Ia
ZTF23aavugjj,ZTF23aavugjj_alert_3.npy,SN Ia
ZTF23aavugjj,ZTF23aavugjj_alert_4.npy,SN Ia
ZTF23aawgcgu,ZTF23aawgcgu_alert_1.npy,SN II
ZTF23aawgkqa,ZTF23aawgkqa_alert_2.npy,SN II
ZTF23aawgkqa,ZTF23aawgkqa_alert_3.npy,SN II
ZTF23aawgkqa,ZTF23aawgkqa_alert_4.npy,SN II
ZTF23aawrcrb,ZTF23aawrcrb_alert_2.npy,SN II
ZTF23aawrcrb,ZTF23aawrcrb_alert_3.npy,SN II
ZTF23aawrcrb,ZTF23aawrcrb_alert_4.npy,SN II
ZTF23aawyiyk,ZTF23aawyiyk_alert_3.npy,SN II
ZTF23aawyiyk,ZTF23aawyiyk_alert_4.npy,SN II
ZTF23aawyiyk,ZTF23aawyiyk_alert_5.npy,SN II
ZTF23aaxadel,ZTF23aaxadel_alert_12.npy,SN II
ZTF23aaxadel,ZTF23aaxadel_alert_13.npy,SN II
ZTF23aaxadel,ZTF23aaxadel_alert_15.npy,SN II
ZTF23aaxadel,ZTF23aaxadel_alert_16.npy,SN II
ZTF23aaxadel,ZTF23aaxadel_alert_17.npy,SN II
ZTF23aaxadel,ZTF23aaxadel_alert_19.npy,SN II
ZTF23aaxadel,ZTF23aaxadel_alert_20.npy,SN II
ZTF23aaxadel,ZTF23aaxadel_alert_21.npy,SN II
ZTF23aaxadel,ZTF23aaxadel_alert_23.npy,SN II
ZTF23aaxadel,ZTF23aaxadel_alert_24.npy,SN II
ZTF23aaxcriv,ZTF23aaxcriv_alert_12.npy,SN II
ZTF23aaxcriv,ZTF23aaxcriv_alert_13.npy,SN II
ZTF23aaxcriv,ZTF23aaxcriv_alert_14.npy,SN II
ZTF23aaxcriv,ZTF23aaxcriv_alert_16.npy,SN II
ZTF23aaxcriv,ZTF23aaxcriv_alert_17.npy,SN II
ZTF23aaxcriv,ZTF23aaxcriv_alert_18.npy,SN II
ZTF23aaxcriv,ZTF23aaxcriv_alert_19.npy,SN II
ZTF23aaxcriv,ZTF23aaxcriv_alert_21.npy,SN II
ZTF23aaxcriv,ZTF23aaxcriv_alert_22.npy,SN II
ZTF23aaxcriv,ZTF23aaxcriv_alert_23.npy,SN II
ZTF23aaxdfya,ZTF23aaxdfya_alert_10.npy,SN II
ZTF23aaxdfya,ZTF23aaxdfya_alert_11.npy,SN II
ZTF23aaxdfya,ZTF23aaxdfya_alert_12.npy,SN II
ZTF23aaxdfya,ZTF23aaxdfya_alert_13.npy,SN II
ZTF23aaxdfya,ZTF23aaxdfya_alert_14.npy,SN II
ZTF23aaxdfya,ZTF23aaxdfya_alert_15.npy,SN II
ZTF23aaxdfya,ZTF23aaxdfya_alert_16.npy,SN II
ZTF23aaxdfya,ZTF23aaxdfya_alert_8.npy,SN II
ZTF23aaxdfya,ZTF23aaxdfya_alert_9.npy,SN II
ZTF23aaxufrf,ZTF23aaxufrf_alert_10.npy,SN IIb
ZTF23aaxufrf,ZTF23aaxufrf_alert_11.npy,SN IIb
ZTF23aaxufrf,ZTF23aaxufrf_alert_12.npy,SN IIb
ZTF23aaxufrf,ZTF23aaxufrf_alert_6.npy,SN IIb
ZTF23aaxufrf,ZTF23aaxufrf_alert_7.npy,SN IIb
ZTF23aaxufrf,ZTF23aaxufrf_alert_8.npy,SN IIb
ZTF23aaxufrf,ZTF23aaxufrf_alert_9.npy,SN IIb
ZTF23aazltms,ZTF23aazltms_alert_3.npy,SN II
ZTF23aazltms,ZTF23aazltms_alert_4.npy,SN II
ZTF23aazltms,ZTF23aazltms_alert_5.npy,SN II
ZTF23aazltms,ZTF23aazltms_alert_6.npy,SN II
ZTF23aazrbus,ZTF23aazrbus_alert_2.npy,SN Ia
ZTF23aazrbus,ZTF23aazrbus_alert_3.npy,SN Ia
ZTF23aazrbus,ZTF23aazrbus_alert_4.npy,SN Ia
ZTF23abaderr,ZTF23abaderr_alert_1.npy,SN Ia
ZTF23abaderr,ZTF23abaderr_alert_2.npy,SN Ia
ZTF23abaebbd,ZTF23abaebbd_alert_5.npy,SN II
ZTF23abaebbd,ZTF23abaebbd_alert_6.npy,SN II
ZTF23abaebbd,ZTF23abaebbd_alert_7.npy,SN II
ZTF23abaebbd,ZTF23abaebbd_alert_8.npy,SN II
ZTF23abaebbd,ZTF23abaebbd_alert_9.npy,SN II
ZTF23abaeenk,ZTF23abaeenk_alert_4.npy,SN II
ZTF23abaeenk,ZTF23abaeenk_alert_5.npy,SN II
ZTF23abaeenk,ZTF23abaeenk_alert_6.npy,SN II
ZTF23abaeenk,ZTF23abaeenk_alert_7.npy,SN II
ZTF23abahmkx,ZTF23abahmkx_alert_1.npy,SN II
ZTF23abahmkx,ZTF23abahmkx_alert_2.npy,SN II
ZTF23abascqa,ZTF23abascqa_alert_3.npy,SN II
ZTF23abascqa,ZTF23abascqa_alert_4.npy,SN II
ZTF23abascqa,ZTF23abascqa_alert_5.npy,SN II
ZTF23abauhvi,ZTF23abauhvi_alert_15.npy,SN Ia
ZTF23abauhvi,ZTF23abauhvi_alert_17.npy,SN Ia
ZTF23abauhvi,ZTF23abauhvi_alert_18.npy,SN Ia
ZTF23abauhvi,ZTF23abauhvi_alert_20.npy,SN Ia
ZTF23abauhvi,ZTF23abauhvi_alert_21.npy,SN Ia
ZTF23abauhvi,ZTF23abauhvi_alert_23.npy,SN Ia
ZTF23abauhvi,ZTF23abauhvi_alert_24.npy,SN Ia
ZTF23abauhvi,ZTF23abauhvi_alert_26.npy,SN Ia
ZTF23abauhvi,ZTF23abauhvi_alert_27.npy,SN Ia
ZTF23abauhvi,ZTF23abauhvi_alert_29.npy,SN Ia
ZTF23abavrya,ZTF23abavrya_alert_3.npy,SN Ia
ZTF23abavrya,ZTF23abavrya_alert_4.npy,SN Ia
ZTF23abavrya,ZTF23abavrya_alert_5.npy,SN Ia
ZTF23abavrya,ZTF23abavrya_alert_6.npy,SN Ia
ZTF23abawdgm,ZTF23abawdgm_alert_3.npy,SN II
ZTF23abawdgm,ZTF23abawdgm_alert_4.npy,SN II
ZTF23abawdgm,ZTF23abawdgm_alert_5.npy,SN II
ZTF23abaxkvy,ZTF23abaxkvy_alert_4.npy,SN Ia
ZTF23abaxkvy,ZTF23abaxkvy_alert_5.npy,SN Ia
ZTF23abaxkvy,ZTF23abaxkvy_alert_6.npy,SN Ia
ZTF23abaxkvy,ZTF23abaxkvy_alert_7.npy,SN Ia
ZTF23abaxkvy,ZTF23abaxkvy_alert_8.npy,SN Ia
ZTF23abaxlrz,ZTF23abaxlrz_alert_10.npy,SN Ic
ZTF23abaxlrz,ZTF23abaxlrz_alert_5.npy,SN Ic
ZTF23abaxlrz,ZTF23abaxlrz_alert_6.npy,SN Ic
ZTF23abaxlrz,ZTF23abaxlrz_alert_7.npy,SN Ic
ZTF23abaxlrz,ZTF23abaxlrz_alert_8.npy,SN Ic
ZTF23abaxlrz,ZTF23abaxlrz_alert_9.npy,SN Ic
ZTF23abaxtlq,ZTF23abaxtlq_alert_10.npy,SN II
ZTF23abaxtlq,ZTF23abaxtlq_alert_11.npy,SN II
ZTF23abaxtlq,ZTF23abaxtlq_alert_12.npy,SN II
ZTF23abaxtlq,ZTF23abaxtlq_alert_13.npy,SN II
ZTF23abaxtlq,ZTF23abaxtlq_alert_14.npy,SN II
ZTF23abaxtlq,ZTF23abaxtlq_alert_7.npy,SN II
ZTF23abaxtlq,ZTF23abaxtlq_alert_8.npy,SN II
ZTF23abaxtlq,ZTF23abaxtlq_alert_9.npy,SN II
ZTF23abbcycg,ZTF23abbcycg_alert_4.npy,SN II
ZTF23abbcycg,ZTF23abbcycg_alert_5.npy,SN II
ZTF23abbcycg,ZTF23abbcycg_alert_6.npy,SN II
ZTF23abbcycg,ZTF23abbcycg_alert_7.npy,SN II
ZTF23abbdbsh,ZTF23abbdbsh_alert_2.npy,SN II
ZTF23abbdbsh,ZTF23abbdbsh_alert_3.npy,SN II
ZTF23abbdbsh,ZTF23abbdbsh_alert_4.npy,SN II
ZTF23abbdoqg,ZTF23abbdoqg_alert_5.npy,SN Ia
ZTF23abbdoqg,ZTF23abbdoqg_alert_6.npy,SN Ia
ZTF23abbdoqg,ZTF23abbdoqg_alert_7.npy,SN Ia
ZTF23abbdoqg,ZTF23abbdoqg_alert_8.npy,SN Ia
ZTF23abbdoqg,ZTF23abbdoqg_alert_9.npy,SN Ia
ZTF23abbejvg,ZTF23abbejvg_alert_3.npy,SN II
ZTF23abbejvg,ZTF23abbejvg_alert_4.npy,SN II
ZTF23abbejvg,ZTF23abbejvg_alert_5.npy,SN II
ZTF23abbejvg,ZTF23abbejvg_alert_6.npy,SN II
ZTF23abbekte,ZTF23abbekte_alert_4.npy,SN Ia
ZTF23abbekte,ZTF23abbekte_alert_5.npy,SN Ia
ZTF23abbekte,ZTF23abbekte_alert_6.npy,SN Ia
ZTF23abbekte,ZTF23abbekte_alert_7.npy,SN Ia
ZTF23abbekte,ZTF23abbekte_alert_8.npy,SN Ia
ZTF23abbimnx,ZTF23abbimnx_alert_10.npy,SN Ia
ZTF23abbimnx,ZTF23abbimnx_alert_11.npy,SN Ia
ZTF23abbimnx,ZTF23abbimnx_alert_12.npy,SN Ia
ZTF23abbimnx,ZTF23abbimnx_alert_6.npy,SN Ia
ZTF23abbimnx,ZTF23abbimnx_alert_7.npy,SN Ia
ZTF23abbimnx,ZTF23abbimnx_alert_8.npy,SN Ia
ZTF23abbimnx,ZTF23abbimnx_alert_9.npy,SN Ia
ZTF23abbpswf,ZTF23abbpswf_alert_3.npy,SN Ib
ZTF23abbpswf,ZTF23abbpswf_alert_4.npy,SN Ib
ZTF23abbpswf,ZTF23abbpswf_alert_5.npy,SN Ib
ZTF23abbpswf,ZTF23abbpswf_alert_6.npy,SN Ib
ZTF23abbteqg,ZTF23abbteqg_alert_2.npy,SN Ia
ZTF23abbteqg,ZTF23abbteqg_alert_3.npy,SN Ia
ZTF23abbteqg,ZTF23abbteqg_alert_4.npy,SN Ia
ZTF23abbtkrv,ZTF23abbtkrv_alert_16.npy,SN II
ZTF23abbtkrv,ZTF23abbtkrv_alert_18.npy,SN II
ZTF23abbtkrv,ZTF23abbtkrv_alert_19.npy,SN II
ZTF23abbtkrv,ZTF23abbtkrv_alert_21.npy,SN II
ZTF23abbtkrv,ZTF23abbtkrv_alert_23.npy,SN II
ZTF23abbtkrv,ZTF23abbtkrv_alert_24.npy,SN II
ZTF23abbtkrv,ZTF23abbtkrv_alert_26.npy,SN II
ZTF23abbtkrv,ZTF23abbtkrv_alert_28.npy,SN II
ZTF23abbtkrv,ZTF23abbtkrv_alert_29.npy,SN II
ZTF23abbtkrv,ZTF23abbtkrv_alert_31.npy,SN II
ZTF23abbzdoj,ZTF23abbzdoj_alert_10.npy,SN II
ZTF23abbzdoj,ZTF23abbzdoj_alert_5.npy,SN II
ZTF23abbzdoj,ZTF23abbzdoj_alert_6.npy,SN II
ZTF23abbzdoj,ZTF23abbzdoj_alert_7.npy,SN II
ZTF23abbzdoj,ZTF23abbzdoj_alert_8.npy,SN II
ZTF23abbzdoj,ZTF23abbzdoj_alert_9.npy,SN II
ZTF23abbzhug,ZTF23abbzhug_alert_15.npy,SN II
ZTF23abbzhug,ZTF23abbzhug_alert_17.npy,SN II
ZTF23abbzhug,ZTF23abbzhug_alert_18.npy,SN II
ZTF23abbzhug,ZTF23abbzhug_alert_20.npy,SN II
ZTF23abbzhug,ZTF23abbzhug_alert_22.npy,SN II
ZTF23abbzhug,ZTF23abbzhug_alert_23.npy,SN II
ZTF23abbzhug,ZTF23abbzhug_alert_25.npy,SN II
ZTF23abbzhug,ZTF23abbzhug_alert_27.npy,SN II
ZTF23abbzhug,ZTF23abbzhug_alert_28.npy,SN II
ZTF23abbzhug,ZTF23abbzhug_alert_30.npy,SN II
ZTF23abccimv,ZTF23abccimv_alert_3.npy,SN II
ZTF23abccimv,ZTF23abccimv_alert_4.npy,SN II
ZTF23abccimv,ZTF23abccimv_alert_5.npy,SN II
ZTF23abcdorg,ZTF23abcdorg_alert_13.npy,SN IIP
ZTF23abcdorg,ZTF23abcdorg_alert_14.npy,SN IIP
ZTF23abcdorg,ZTF23abcdorg_alert_16.npy,SN IIP
ZTF23abcdorg,ZTF23abcdorg_alert_17.npy,SN IIP
ZTF23abcdorg,ZTF23abcdorg_alert_18.npy,SN IIP
ZTF23abcdorg,ZTF23abcdorg_alert_20.npy,SN IIP
ZTF23abcdorg,ZTF23abcdorg_alert_21.npy,SN IIP
ZTF23abcdorg,ZTF23abcdorg_alert_22.npy,SN IIP
ZTF23abcdorg,ZTF23abcdorg_alert_24.npy,SN IIP
ZTF23abcdorg,ZTF23abcdorg_alert_25.npy,SN IIP
ZTF23abcglga,ZTF23abcglga_alert_3.npy,SN Ic
ZTF23abcglga,ZTF23abcglga_alert_4.npy,SN Ic
ZTF23abcglga,ZTF23abcglga_alert_5.npy,SN Ic
ZTF23abcvbqq,ZTF23abcvbqq_alert_1.npy,Tidal Disruption Event
ZTF23abcvbqq,ZTF23abcvbqq_alert_2.npy,Tidal Disruption Event
ZTF23abdefkq,ZTF23abdefkq_alert_10.npy,SN Ia
ZTF23abdefkq,ZTF23abdefkq_alert_11.npy,SN Ia
ZTF23abdefkq,ZTF23abdefkq_alert_12.npy,SN Ia
ZTF23abdefkq,ZTF23abdefkq_alert_13.npy,SN Ia
ZTF23abdefkq,ZTF23abdefkq_alert_14.npy,SN Ia
ZTF23abdefkq,ZTF23abdefkq_alert_15.npy,SN Ia
ZTF23abdefkq,ZTF23abdefkq_alert_8.npy,SN Ia
ZTF23abdefkq,ZTF23abdefkq_alert_9.npy,SN Ia
ZTF23abdgswy,ZTF23abdgswy_alert_20.npy,SN II
ZTF23abdgswy,ZTF23abdgswy_alert_22.npy,SN II
ZTF23abdgswy,ZTF23abdgswy_alert_24.npy,SN II
ZTF23abdgswy,ZTF23abdgswy_alert_26.npy,SN II
ZTF23abdgswy,ZTF23abdgswy_alert_28.npy,SN II
ZTF23abdgswy,ZTF23abdgswy_alert_31.npy,SN II
ZTF23abdgswy,ZTF23abdgswy_alert_33.npy,SN II
ZTF23abdgswy,ZTF23abdgswy_alert_35.npy,SN II
ZTF23abdgswy,ZTF23abdgswy_alert_37.npy,SN II
ZTF23abdgswy,ZTF23abdgswy_alert_39.npy,SN II
ZTF23abdshvl,ZTF23abdshvl_alert_10.npy,SN Ic
ZTF23abdshvl,ZTF23abdshvl_alert_11.npy,SN Ic
ZTF23abdshvl,ZTF23abdshvl_alert_12.npy,SN Ic
ZTF23abdshvl,ZTF23abdshvl_alert_13.npy,SN Ic
ZTF23abdshvl,ZTF23abdshvl_alert_14.npy,SN Ic
ZTF23abdshvl,ZTF23abdshvl_alert_15.npy,SN Ic
ZTF23abdshvl,ZTF23abdshvl_alert_16.npy,SN Ic
ZTF23abdshvl,ZTF23abdshvl_alert_8.npy,SN Ic
ZTF23abdshvl,ZTF23abdshvl_alert_9.npy,SN Ic
ZTF23abecphw,ZTF23abecphw_alert_4.npy,SN II
ZTF23abecphw,ZTF23abecphw_alert_5.npy,SN II
ZTF23abecphw,ZTF23abecphw_alert_6.npy,SN II
ZTF23abecphw,ZTF23abecphw_alert_7.npy,SN II
ZTF23abefecu,ZTF23abefecu_alert_13.npy,SN II
ZTF23abefecu,ZTF23abefecu_alert_14.npy,SN II
ZTF23abefecu,ZTF23abefecu_alert_16.npy,SN II
ZTF23abefecu,ZTF23abefecu_alert_17.npy,SN II
ZTF23abefecu,ZTF23abefecu_alert_19.npy,SN II
ZTF23abefecu,ZTF23abefecu_alert_20.npy,SN II
ZTF23abefecu,ZTF23abefecu_alert_22.npy,SN II
ZTF23abefecu,ZTF23abefecu_alert_23.npy,SN II
ZTF23abefecu,ZTF23abefecu_alert_25.npy,SN II
ZTF23abefecu,ZTF23abefecu_alert_26.npy,SN II
ZTF23abetodb,ZTF23abetodb_alert_16.npy,SN Ia
ZTF23abetodb,ZTF23abetodb_alert_18.npy,SN Ia
ZTF23abetodb,ZTF23abetodb_alert_20.npy,SN Ia
ZTF23abetodb,ZTF23abetodb_alert_21.npy,SN Ia
ZTF23abetodb,ZTF23abetodb_alert_23.npy,SN Ia
ZTF23abetodb,ZTF23abetodb_alert_25.npy,SN Ia
ZTF23abetodb,ZTF23abetodb_alert_27.npy,SN Ia
ZTF23abetodb,ZTF23abetodb_alert_28.npy,SN Ia
ZTF23abetodb,ZTF23abetodb_alert_30.npy,SN Ia
ZTF23abetodb,ZTF23abetodb_alert_32.npy,SN Ia
ZTF23abfpegt,ZTF23abfpegt_alert_20.npy,SN IIb
ZTF23abfpegt,ZTF23abfpegt_alert_22.npy,SN IIb
ZTF23abfpegt,ZTF23abfpegt_alert_24.npy,SN IIb
ZTF23abfpegt,ZTF23abfpegt_alert_27.npy,SN IIb
ZTF23abfpegt,ZTF23abfpegt_alert_29.npy,SN IIb
ZTF23abfpegt,ZTF23abfpegt_alert_31.npy,SN IIb
ZTF23abfpegt,ZTF23abfpegt_alert_33.npy,SN IIb
ZTF23abfpegt,ZTF23abfpegt_alert_36.npy,SN IIb
ZTF23abfpegt,ZTF23abfpegt_alert_38.npy,SN IIb
ZTF23abfpegt,ZTF23abfpegt_alert_40.npy,SN IIb
ZTF23abgjggv,ZTF23abgjggv_alert_10.npy,SN Ia
ZTF23abgjggv,ZTF23abgjggv_alert_5.npy,SN Ia
ZTF23abgjggv,ZTF23abgjggv_alert_6.npy,SN Ia
ZTF23abgjggv,ZTF23abgjggv_alert_7.npy,SN Ia
ZTF23abgjggv,ZTF23abgjggv_alert_8.npy,SN Ia
ZTF23abgjggv,ZTF23abgjggv_alert_9.npy,SN Ia
ZTF23abgnvsh,ZTF23abgnvsh_alert_14.npy,SN II
ZTF23abgnvsh,ZTF23abgnvsh_alert_15.npy,SN II
ZTF23abgnvsh,ZTF23abgnvsh_alert_17.npy,SN II
ZTF23abgnvsh,ZTF23abgnvsh_alert_18.npy,SN II
ZTF23abgnvsh,ZTF23abgnvsh_alert_20.npy,SN II
ZTF23abgnvsh,ZTF23abgnvsh_alert_21.npy,SN II
ZTF23abgnvsh,ZTF23abgnvsh_alert_23.npy,SN II
ZTF23abgnvsh,ZTF23abgnvsh_alert_24.npy,SN II
ZTF23abgnvsh,ZTF23abgnvsh_alert_26.npy,SN II
ZTF23abgnvsh,ZTF23abgnvsh_alert_27.npy,SN II
ZTF23abgnxri,ZTF23abgnxri_alert_11.npy,SN IIn
ZTF23abgnxri,ZTF23abgnxri_alert_12.npy,SN IIn
ZTF23abgnxri,ZTF23abgnxri_alert_13.npy,SN IIn
ZTF23abgnxri,ZTF23abgnxri_alert_14.npy,SN IIn
ZTF23abgnxri,ZTF23abgnxri_alert_15.npy,SN IIn
ZTF23abgnxri,ZTF23abgnxri_alert_17.npy,SN IIn
ZTF23abgnxri,ZTF23abgnxri_alert_18.npy,SN IIn
ZTF23abgnxri,ZTF23abgnxri_alert_19.npy,SN IIn
ZTF23abgnxri,ZTF23abgnxri_alert_20.npy,SN IIn
ZTF23abgnxri,ZTF23abgnxri_alert_21.npy,SN IIn
ZTF23abgspzj,ZTF23abgspzj_alert_4.npy,SN Ia
ZTF23abgspzj,ZTF23abgspzj_alert_5.npy,SN Ia
ZTF23abgspzj,ZTF23abgspzj_alert_6.npy,SN Ia
ZTF23abgspzj,ZTF23abgspzj_alert_7.npy,SN Ia
ZTF23abgspzj,ZTF23abgspzj_alert_8.npy,SN Ia
ZTF23abgtmzs,ZTF23abgtmzs_alert_3.npy,SN Ia
ZTF23abgtmzs,ZTF23abgtmzs_alert_4.npy,SN Ia
ZTF23abgtmzs,ZTF23abgtmzs_alert_5.npy,SN Ia
ZTF23abgyyvj,ZTF23abgyyvj_alert_10.npy,SN II
ZTF23abgyyvj,ZTF23abgyyvj_alert_5.npy,SN II
ZTF23abgyyvj,ZTF23abgyyvj_alert_6.npy,SN II
ZTF23abgyyvj,ZTF23abgyyvj_alert_7.npy,SN II
ZTF23abgyyvj,ZTF23abgyyvj_alert_8.npy,SN II
ZTF23abgyyvj,ZTF23abgyyvj_alert_9.npy,SN II
ZTF23abhvlji,ZTF23abhvlji_alert_2.npy,SN Ia
ZTF23abhvlji,ZTF23abhvlji_alert_3.npy,SN Ia
ZTF23abhvlji,ZTF23abhvlji_alert_4.npy,SN Ia
ZTF23abhyroo,ZTF23abhyroo_alert_19.npy,SN II
ZTF23abhyroo,ZTF23abhyroo_alert_21.npy,SN II
ZTF23abhyroo,ZTF23abhyroo_alert_23.npy,SN II
ZTF23abhyroo,ZTF23abhyroo_alert_25.npy,SN II
ZTF23abhyroo,ZTF23abhyroo_alert_27.npy,SN II
ZTF23abhyroo,ZTF23abhyroo_alert_29.npy,SN II
ZTF23abhyroo,ZTF23abhyroo_alert_31.npy,SN II
ZTF23abhyroo,ZTF23abhyroo_alert_33.npy,SN II
ZTF23abhyroo,ZTF23abhyroo_alert_35.npy,SN II
ZTF23abhyroo,ZTF23abhyroo_alert_37.npy,SN II
ZTF23abhyssf,ZTF23abhyssf_alert_12.npy,SN II
ZTF23abhyssf,ZTF23abhyssf_alert_13.npy,SN II
ZTF23abhyssf,ZTF23abhyssf_alert_15.npy,SN II
ZTF23abhyssf,ZTF23abhyssf_alert_16.npy,SN II
ZTF23abhyssf,ZTF23abhyssf_alert_17.npy,SN II
ZTF23abhyssf,ZTF23abhyssf_alert_19.npy,SN II
ZTF23abhyssf,ZTF23abhyssf_alert_20.npy,SN II
ZTF23abhyssf,ZTF23abhyssf_alert_21.npy,SN II
ZTF23abhyssf,ZTF23abhyssf_alert_23.npy,SN II
ZTF23abhyssf,ZTF23abhyssf_alert_24.npy,SN II
ZTF23abhzfww,ZTF23abhzfww_alert_1.npy,SN II
ZTF23abiearq,ZTF23abiearq_alert_10.npy,SN Ia
ZTF23abiearq,ZTF23abiearq_alert_11.npy,SN Ia
ZTF23abiearq,ZTF23abiearq_alert_12.npy,SN Ia
ZTF23abiearq,ZTF23abiearq_alert_13.npy,SN Ia
ZTF23abiearq,ZTF23abiearq_alert_14.npy,SN Ia
ZTF23abiearq,ZTF23abiearq_alert_15.npy,SN Ia
ZTF23abiearq,ZTF23abiearq_alert_8.npy,SN Ia
ZTF23abiearq,ZTF23abiearq_alert_9.npy,SN Ia
ZTF23abiixsk,ZTF23abiixsk_alert_13.npy,SN Ia
ZTF23abiixsk,ZTF23abiixsk_alert_14.npy,SN Ia
ZTF23abiixsk,ZTF23abiixsk_alert_16.npy,SN Ia
ZTF23abiixsk,ZTF23abiixsk_alert_17.npy,SN Ia
ZTF23abiixsk,ZTF23abiixsk_alert_19.npy,SN Ia
ZTF23abiixsk,ZTF23abiixsk_alert_20.npy,SN Ia
ZTF23abiixsk,ZTF23abiixsk_alert_22.npy,SN Ia
ZTF23abiixsk,ZTF23abiixsk_alert_23.npy,SN Ia
ZTF23abiixsk,ZTF23abiixsk_alert_25.npy,SN Ia
ZTF23abiixsk,ZTF23abiixsk_alert_26.npy,SN Ia
ZTF23abjbkau,ZTF23abjbkau_alert_4.npy,SN Ia
ZTF23abjbkau,ZTF23abjbkau_alert_5.npy,SN Ia
ZTF23abjbkau,ZTF23abjbkau_alert_6.npy,SN Ia
ZTF23abjbkau,ZTF23abjbkau_alert_7.npy,SN Ia
ZTF23abjbkau,ZTF23abjbkau_alert_8.npy,SN Ia
ZTF23abjfuhi,ZTF23abjfuhi_alert_16.npy,SN Ia
ZTF23abjfuhi,ZTF23abjfuhi_alert_18.npy,SN Ia
ZTF23abjfuhi,ZTF23abjfuhi_alert_19.npy,SN Ia
ZTF23abjfuhi,ZTF23abjfuhi_alert_21.npy,SN Ia
ZTF23abjfuhi,ZTF23abjfuhi_alert_23.npy,SN Ia
ZTF23abjfuhi,ZTF23abjfuhi_alert_24.npy,SN Ia
ZTF23abjfuhi,ZTF23abjfuhi_alert_26.npy,SN Ia
ZTF23abjfuhi,ZTF23abjfuhi_alert_28.npy,SN Ia
ZTF23abjfuhi,ZTF23abjfuhi_alert_29.npy,SN Ia
ZTF23abjfuhi,ZTF23abjfuhi_alert_31.npy,SN Ia
ZTF23abjhwem,ZTF23abjhwem_alert_14.npy,SN IIn
ZTF23abjhwem,ZTF23abjhwem_alert_16.npy,SN IIn
ZTF23abjhwem,ZTF23abjhwem_alert_17.npy,SN IIn
ZTF23abjhwem,ZTF23abjhwem_alert_19.npy,SN IIn
ZTF23abjhwem,ZTF23abjhwem_alert_20.npy,SN IIn
ZTF23abjhwem,ZTF23abjhwem_alert_22.npy,SN IIn
ZTF23abjhwem,ZTF23abjhwem_alert_23.npy,SN IIn
ZTF23abjhwem,ZTF23abjhwem_alert_25.npy,SN IIn
ZTF23abjhwem,ZTF23abjhwem_alert_26.npy,SN IIn
ZTF23abjhwem,ZTF23abjhwem_alert_28.npy,SN IIn
ZTF23abjikaf,ZTF23abjikaf_alert_4.npy,SN IIn
ZTF23abjikaf,ZTF23abjikaf_alert_5.npy,SN IIn
ZTF23abjikaf,ZTF23abjikaf_alert_6.npy,SN IIn
ZTF23abjikaf,ZTF23abjikaf_alert_7.npy,SN IIn
ZTF23abjrdem,ZTF23abjrdem_alert_16.npy,SN IIP
ZTF23abjrdem,ZTF23abjrdem_alert_18.npy,SN IIP
ZTF23abjrdem,ZTF23abjrdem_alert_20.npy,SN IIP
ZTF23abjrdem,ZTF23abjrdem_alert_21.npy,SN IIP
ZTF23abjrdem,ZTF23abjrdem_alert_23.npy,SN IIP
ZTF23abjrdem,ZTF23abjrdem_alert_25.npy,SN IIP
ZTF23abjrdem,ZTF23abjrdem_alert_27.npy,SN IIP
ZTF23abjrdem,ZTF23abjrdem_alert_28.npy,SN IIP
ZTF23abjrdem,ZTF23abjrdem_alert_30.npy,SN IIP
ZTF23abjrdem,ZTF23abjrdem_alert_32.npy,SN IIP
ZTF23abjrolf,ZTF23abjrolf_alert_3.npy,SN II
ZTF23abjrolf,ZTF23abjrolf_alert_4.npy,SN II
ZTF23abjrolf,ZTF23abjrolf_alert_5.npy,SN II
ZTF23abjrolf,ZTF23abjrolf_alert_6.npy,SN II
ZTF23abjstcg,ZTF23abjstcg_alert_5.npy,SN II
ZTF23abjstcg,ZTF23abjstcg_alert_6.npy,SN II
ZTF23abjstcg,ZTF23abjstcg_alert_7.npy,SN II
ZTF23abjstcg,ZTF23abjstcg_alert_8.npy,SN II
ZTF23abjstcg,ZTF23abjstcg_alert_9.npy,SN II
ZTF23abjzcde,ZTF23abjzcde_alert_10.npy,SN II
ZTF23abjzcde,ZTF23abjzcde_alert_11.npy,SN II
ZTF23abjzcde,ZTF23abjzcde_alert_6.npy,SN II
ZTF23abjzcde,ZTF23abjzcde_alert_7.npy,SN II
ZTF23abjzcde,ZTF23abjzcde_alert_8.npy,SN II
ZTF23abjzcde,ZTF23abjzcde_alert_9.npy,SN II
ZTF23abkhwgb,ZTF23abkhwgb_alert_1.npy,SN IIn
ZTF23abkhwgb,ZTF23abkhwgb_alert_2.npy,SN IIn
ZTF23abkixdb,ZTF23abkixdb_alert_2.npy,Tidal Disruption Event
ZTF23abkixdb,ZTF23abkixdb_alert_3.npy,Tidal Disruption Event
ZTF23abkixdb,ZTF23abkixdb_alert_4.npy,Tidal Disruption Event
ZTF23abkixfb,ZTF23abkixfb_alert_10.npy,SN II
ZTF23abkixfb,ZTF23abkixfb_alert_5.npy,SN II
ZTF23abkixfb,ZTF23abkixfb_alert_6.npy,SN II
ZTF23abkixfb,ZTF23abkixfb_alert_7.npy,SN II
ZTF23abkixfb,ZTF23abkixfb_alert_8.npy,SN II
ZTF23abkixfb,ZTF23abkixfb_alert_9.npy,SN II
ZTF23abkornc,ZTF23abkornc_alert_3.npy,SN II
ZTF23abkornc,ZTF23abkornc_alert_4.npy,SN II
ZTF23abkornc,ZTF23abkornc_alert_5.npy,SN II
ZTF23abkornc,ZTF23abkornc_alert_6.npy,SN II
ZTF23ablpfnb,ZTF23ablpfnb_alert_18.npy,SN Ia
ZTF23ablpfnb,ZTF23ablpfnb_alert_20.npy,SN Ia
ZTF23ablpfnb,ZTF23ablpfnb_alert_22.npy,SN Ia
ZTF23ablpfnb,ZTF23ablpfnb_alert_24.npy,SN Ia
ZTF23ablpfnb,ZTF23ablpfnb_alert_26.npy,SN Ia
ZTF23ablpfnb,ZTF23ablpfnb_alert_27.npy,SN Ia
ZTF23ablpfnb,ZTF23ablpfnb_alert_29.npy,SN Ia
ZTF23ablpfnb,ZTF23ablpfnb_alert_31.npy,SN Ia
ZTF23ablpfnb,ZTF23ablpfnb_alert_33.npy,SN Ia
ZTF23ablpfnb,ZTF23ablpfnb_alert_35.npy,SN Ia
ZTF23abmoxlu,ZTF23abmoxlu_alert_2.npy,SN II
ZTF23abmoxlu,ZTF23abmoxlu_alert_3.npy,SN II
ZTF23abmoxlu,ZTF23abmoxlu_alert_4.npy,SN II
ZTF23abndgbw,ZTF23abndgbw_alert_10.npy,SN II
ZTF23abndgbw,ZTF23abndgbw_alert_11.npy,SN II
ZTF23abndgbw,ZTF23abndgbw_alert_12.npy,SN II
ZTF23abndgbw,ZTF23abndgbw_alert_13.npy,SN II
ZTF23abndgbw,ZTF23abndgbw_alert_7.npy,SN II
ZTF23abndgbw,ZTF23abndgbw_alert_8.npy,SN II
ZTF23abndgbw,ZTF23abndgbw_alert_9.npy,SN II
ZTF23abnogui,ZTF23abnogui_alert_10.npy,SN IIP
ZTF23abnogui,ZTF23abnogui_alert_5.npy,SN IIP
ZTF23abnogui,ZTF23abnogui_alert_6.npy,SN IIP
ZTF23abnogui,ZTF23abnogui_alert_7.npy,SN IIP
ZTF23abnogui,ZTF23abnogui_alert_8.npy,SN IIP
ZTF23abnogui,ZTF23abnogui_alert_9.npy,SN IIP
ZTF23abnsriv,ZTF23abnsriv_alert_5.npy,Cataclysmic
ZTF23abnsriv,ZTF23abnsriv_alert_6.npy,Cataclysmic
ZTF23abnsriv,ZTF23abnsriv_alert_7.npy,Cataclysmic
ZTF23abnsriv,ZTF23abnsriv_alert_8.npy,Cataclysmic
ZTF23abnsriv,ZTF23abnsriv_alert_9.npy,Cataclysmic
ZTF23abolyrl,ZTF23abolyrl_alert_10.npy,SN II
ZTF23abolyrl,ZTF23abolyrl_alert_11.npy,SN II
ZTF23abolyrl,ZTF23abolyrl_alert_12.npy,SN II
ZTF23abolyrl,ZTF23abolyrl_alert_13.npy,SN II
ZTF23abolyrl,ZTF23abolyrl_alert_14.npy,SN II
ZTF23abolyrl,ZTF23abolyrl_alert_7.npy,SN II
ZTF23abolyrl,ZTF23abolyrl_alert_8.npy,SN II
ZTF23abolyrl,ZTF23abolyrl_alert_9.npy,SN II
ZTF23abomtge,ZTF23abomtge_alert_10.npy,SN IIn
ZTF23abomtge,ZTF23abomtge_alert_11.npy,SN IIn
ZTF23abomtge,ZTF23abomtge_alert_12.npy,SN IIn
ZTF23abomtge,ZTF23abomtge_alert_13.npy,SN IIn
ZTF23abomtge,ZTF23abomtge_alert_14.npy,SN IIn
ZTF23abomtge,ZTF23abomtge_alert_16.npy,SN IIn
ZTF23abomtge,ZTF23abomtge_alert_17.npy,SN IIn
ZTF23abomtge,ZTF23abomtge_alert_18.npy,SN IIn
ZTF23abomtge,ZTF23abomtge_alert_19.npy,SN IIn
ZTF23abomtge,ZTF23abomtge_alert_20.npy,SN IIn
ZTF23abomtjc,ZTF23abomtjc_alert_14.npy,SN Ic
ZTF23abomtjc,ZTF23abomtjc_alert_15.npy,SN Ic
ZTF23abomtjc,ZTF23abomtjc_alert_17.npy,SN Ic
ZTF23abomtjc,ZTF23abomtjc_alert_18.npy,SN Ic
ZTF23abomtjc,ZTF23abomtjc_alert_20.npy,SN Ic
ZTF23abomtjc,ZTF23abomtjc_alert_21.npy,SN Ic
ZTF23abomtjc,ZTF23abomtjc_alert_23.npy,SN Ic
ZTF23abomtjc,ZTF23abomtjc_alert_24.npy,SN Ic
ZTF23abomtjc,ZTF23abomtjc_alert_26.npy,SN Ic
ZTF23abomtjc,ZTF23abomtjc_alert_27.npy,SN Ic
ZTF23abovaur,ZTF23abovaur_alert_2.npy,SN Ib
ZTF23abovaur,ZTF23abovaur_alert_3.npy,SN Ib
ZTF23abovaur,ZTF23abovaur_alert_4.npy,SN Ib
ZTF23abovvas,ZTF23abovvas_alert_4.npy,SN Ia
ZTF23abovvas,ZTF23abovvas_alert_5.npy,SN Ia
ZTF23abovvas,ZTF23abovvas_alert_6.npy,SN Ia
ZTF23abovvas,ZTF23abovvas_alert_7.npy,SN Ia
ZTF23abpbuha,ZTF23abpbuha_alert_1.npy,SN II
ZTF23abphqjk,ZTF23abphqjk_alert_10.npy,SN II
ZTF23abphqjk,ZTF23abphqjk_alert_11.npy,SN II
ZTF23abphqjk,ZTF23abphqjk_alert_12.npy,SN II
ZTF23abphqjk,ZTF23abphqjk_alert_13.npy,SN II
ZTF23abphqjk,ZTF23abphqjk_alert_14.npy,SN II
ZTF23abphqjk,ZTF23abphqjk_alert_16.npy,SN II
ZTF23abphqjk,ZTF23abphqjk_alert_17.npy,SN II
ZTF23abphqjk,ZTF23abphqjk_alert_18.npy,SN II
ZTF23abphqjk,ZTF23abphqjk_alert_19.npy,SN II
ZTF23abphqjk,ZTF23abphqjk_alert_20.npy,SN II
ZTF23abqbjjb,ZTF23abqbjjb_alert_2.npy,SN II
ZTF23abqbjjb,ZTF23abqbjjb_alert_3.npy,SN II
ZTF23abqbjjb,ZTF23abqbjjb_alert_4.npy,SN II
ZTF23abqcuvw,ZTF23abqcuvw_alert_1.npy,SN Ia
ZTF23abqkppm,ZTF23abqkppm_alert_3.npy,SN IIP
ZTF23abqkppm,ZTF23abqkppm_alert_4.npy,SN IIP
ZTF23abqkppm,ZTF23abqkppm_alert_5.npy,SN IIP
ZTF23abrydus,ZTF23abrydus_alert_16.npy,SN IIn
ZTF23abrydus,ZTF23abrydus_alert_18.npy,SN IIn
ZTF23abrydus,ZTF23abrydus_alert_20.npy,SN IIn
ZTF23abrydus,ZTF23abrydus_alert_21.npy,SN IIn
ZTF23abrydus,ZTF23abrydus_alert_23.npy,SN IIn
ZTF23abrydus,ZTF23abrydus_alert_25.npy,SN IIn
ZTF23abrydus,ZTF23abrydus_alert_27.npy,SN IIn
ZTF23abrydus,ZTF23abrydus_alert_28.npy,SN IIn
ZTF23abrydus,ZTF23abrydus_alert_30.npy,SN IIn
ZTF23abrydus,ZTF23abrydus_alert_32.npy,SN IIn
ZTF23abryfga,ZTF23abryfga_alert_10.npy,SN Ia
ZTF23abryfga,ZTF23abryfga_alert_11.npy,SN Ia
ZTF23abryfga,ZTF23abryfga_alert_12.npy,SN Ia
ZTF23abryfga,ZTF23abryfga_alert_13.npy,SN Ia
ZTF23abryfga,ZTF23abryfga_alert_14.npy,SN Ia
ZTF23abryfga,ZTF23abryfga_alert_16.npy,SN Ia
ZTF23abryfga,ZTF23abryfga_alert_17.npy,SN Ia
ZTF23abryfga,ZTF23abryfga_alert_18.npy,SN Ia
ZTF23abryfga,ZTF23abryfga_alert_19.npy,SN Ia
ZTF23abryfga,ZTF23abryfga_alert_20.npy,SN Ia
ZTF23abrzfge,ZTF23abrzfge_alert_10.npy,SN II
ZTF23abrzfge,ZTF23abrzfge_alert_11.npy,SN II
ZTF23abrzfge,ZTF23abrzfge_alert_12.npy,SN II
ZTF23abrzfge,ZTF23abrzfge_alert_13.npy,SN II
ZTF23abrzfge,ZTF23abrzfge_alert_14.npy,SN II
ZTF23abrzfge,ZTF23abrzfge_alert_7.npy,SN II
ZTF23abrzfge,ZTF23abrzfge_alert_8.npy,SN II
ZTF23abrzfge,ZTF23abrzfge_alert_9.npy,SN II
ZTF23abrzrcq,ZTF23abrzrcq_alert_15.npy,SN Ia
ZTF23abrzrcq,ZTF23abrzrcq_alert_17.npy,SN Ia
ZTF23abrzrcq,ZTF23abrzrcq_alert_18.npy,SN Ia
ZTF23abrzrcq,ZTF23abrzrcq_alert_20.npy,SN Ia
ZTF23abrzrcq,ZTF23abrzrcq_alert_21.npy,SN Ia
ZTF23abrzrcq,ZTF23abrzrcq_alert_23.npy,SN Ia
ZTF23abrzrcq,ZTF23abrzrcq_alert_24.npy,SN Ia
ZTF23abrzrcq,ZTF23abrzrcq_alert_26.npy,SN Ia
ZTF23abrzrcq,ZTF23abrzrcq_alert_27.npy,SN Ia
ZTF23abrzrcq,ZTF23abrzrcq_alert_29.npy,SN Ia
ZTF23abrzxeb,ZTF23abrzxeb_alert_1.npy,SN II
ZTF23abrzxeb,ZTF23abrzxeb_alert_2.npy,SN II
ZTF23abscvhv,ZTF23abscvhv_alert_10.npy,SN II
ZTF23abscvhv,ZTF23abscvhv_alert_11.npy,SN II
ZTF23abscvhv,ZTF23abscvhv_alert_12.npy,SN II
ZTF23abscvhv,ZTF23abscvhv_alert_13.npy,SN II
ZTF23abscvhv,ZTF23abscvhv_alert_14.npy,SN II
ZTF23abscvhv,ZTF23abscvhv_alert_15.npy,SN II
ZTF23abscvhv,ZTF23abscvhv_alert_16.npy,SN II
ZTF23abscvhv,ZTF23abscvhv_alert_8.npy,SN II
ZTF23abscvhv,ZTF23abscvhv_alert_9.npy,SN II
ZTF23absdcgi,ZTF23absdcgi_alert_10.npy,SN II
ZTF23absdcgi,ZTF23absdcgi_alert_5.npy,SN II
ZTF23absdcgi,ZTF23absdcgi_alert_6.npy,SN II
ZTF23absdcgi,ZTF23absdcgi_alert_7.npy,SN II
ZTF23absdcgi,ZTF23absdcgi_alert_8.npy,SN II
ZTF23absdcgi,ZTF23absdcgi_alert_9.npy,SN II
ZTF23abseqoa,ZTF23abseqoa_alert_3.npy,SN II
ZTF23abseqoa,ZTF23abseqoa_alert_4.npy,SN II
ZTF23abseqoa,ZTF23abseqoa_alert_5.npy,SN II
ZTF23absfszz,ZTF23absfszz_alert_3.npy,SN II
ZTF23absfszz,ZTF23absfszz_alert_4.npy,SN II
ZTF23absfszz,ZTF23absfszz_alert_5.npy,SN II
ZTF23absfszz,ZTF23absfszz_alert_6.npy,SN II
ZTF23abshiqq,ZTF23abshiqq_alert_2.npy,SN II
ZTF23abshiqq,ZTF23abshiqq_alert_3.npy,SN II
ZTF23abshiqq,ZTF23abshiqq_alert_4.npy,SN II
ZTF23absjgou,ZTF23absjgou_alert_1.npy,SN II
ZTF23absjgou,ZTF23absjgou_alert_2.npy,SN II
ZTF23absjgsh,ZTF23absjgsh_alert_2.npy,SN Ib
ZTF23absjgsh,ZTF23absjgsh_alert_3.npy,SN Ib
ZTF23absjgxb,ZTF23absjgxb_alert_2.npy,SN IIP
ZTF23absjgxb,ZTF23absjgxb_alert_3.npy,SN IIP
ZTF23absjgzg,ZTF23absjgzg_alert_1.npy,AGN
ZTF23absjheu,ZTF23absjheu_alert_5.npy,SN IIP
ZTF23absjheu,ZTF23absjheu_alert_6.npy,SN IIP
ZTF23absjheu,ZTF23absjheu_alert_7.npy,SN IIP
ZTF23absjheu,ZTF23absjheu_alert_8.npy,SN IIP
ZTF23absjheu,ZTF23absjheu_alert_9.npy,SN IIP
ZTF23abswflc,ZTF23abswflc_alert_2.npy,SN Ib
ZTF23abswflc,ZTF23abswflc_alert_3.npy,SN Ib
ZTF23abswflc,ZTF23abswflc_alert_4.npy,SN Ib
ZTF23abtjrbz,ZTF23abtjrbz_alert_10.npy,SN Ic
ZTF23abtjrbz,ZTF23abtjrbz_alert_5.npy,SN Ic
ZTF23abtjrbz,ZTF23abtjrbz_alert_6.npy,SN Ic
ZTF23abtjrbz,ZTF23abtjrbz_alert_7.npy,SN Ic
ZTF23abtjrbz,ZTF23abtjrbz_alert_8.npy,SN Ic
ZTF23abtjrbz,ZTF23abtjrbz_alert_9.npy,SN Ic
ZTF23abuitpw,ZTF23abuitpw_alert_1.npy,SN Ia
ZTF23abvdonl,ZTF23abvdonl_alert_1.npy,SN Ia
ZTF23abvdonl,ZTF23abvdonl_alert_2.npy,SN Ia
ZTF23abvgvab,ZTF23abvgvab_alert_1.npy,SN II
ZTF23abvgvab,ZTF23abvgvab_alert_2.npy,SN II
ZTF23abvnmam,ZTF23abvnmam_alert_2.npy,SN II
ZTF23abvnmam,ZTF23abvnmam_alert_3.npy,SN II
ZTF23abvnmam,ZTF23abvnmam_alert_4.npy,SN II
ZTF23abvoqio,ZTF23abvoqio_alert_10.npy,SN Ia
ZTF23abvoqio,ZTF23abvoqio_alert_11.npy,SN Ia
ZTF23abvoqio,ZTF23abvoqio_alert_12.npy,SN Ia
ZTF23abvoqio,ZTF23abvoqio_alert_6.npy,SN Ia
ZTF23abvoqio,ZTF23abvoqio_alert_7.npy,SN Ia
ZTF23abvoqio,ZTF23abvoqio_alert_8.npy,SN Ia
ZTF23abvoqio,ZTF23abvoqio_alert_9.npy,SN Ia
ZTF23abvrjdu,ZTF23abvrjdu_alert_4.npy,SN II
ZTF23abvrjdu,ZTF23abvrjdu_alert_5.npy,SN II
ZTF23abvrjdu,ZTF23abvrjdu_alert_6.npy,SN II
ZTF23abvrjdu,ZTF23abvrjdu_alert_7.npy,SN II
ZTF23abvrjdu,ZTF23abvrjdu_alert_8.npy,SN II
ZTF24aaabbse,ZTF24aaabbse_alert_3.npy,SN II
ZTF24aaabbse,ZTF24aaabbse_alert_4.npy,SN II
ZTF24aaabbse,ZTF24aaabbse_alert_5.npy,SN II
ZTF24aaabbse,ZTF24aaabbse_alert_6.npy,SN II
ZTF24aaabybk,ZTF24aaabybk_alert_4.npy,SN Ic
ZTF24aaabybk,ZTF24aaabybk_alert_5.npy,SN Ic
ZTF24aaabybk,ZTF24aaabybk_alert_6.npy,SN Ic
ZTF24aaabybk,ZTF24aaabybk_alert_7.npy,SN Ic
ZTF24aaadhuo,ZTF24aaadhuo_alert_2.npy,SN Ia
ZTF24aaaeisk,ZTF24aaaeisk_alert_4.npy,SN Ia
ZTF24aaaeisk,ZTF24aaaeisk_alert_5.npy,SN Ia
ZTF24aaaeisk,ZTF24aaaeisk_alert_6.npy,SN Ia
ZTF24aaaeisk,ZTF24aaaeisk_alert_7.npy,SN Ia
ZTF24aaahxwr,ZTF24aaahxwr_alert_3.npy,Tidal Disruption Event
ZTF24aaahxwr,ZTF24aaahxwr_alert_4.npy,Tidal Disruption Event
ZTF24aaahxwr,ZTF24aaahxwr_alert_5.npy,Tidal Disruption Event
ZTF24aaaibep,ZTF24aaaibep_alert_2.npy,SN II
ZTF24aaaibep,ZTF24aaaibep_alert_3.npy,SN II
ZTF24aaaibep,ZTF24aaaibep_alert_4.npy,SN II
ZTF24aaaieeg,ZTF24aaaieeg_alert_4.npy,SN II
ZTF24aaaieeg,ZTF24aaaieeg_alert_5.npy,SN II
ZTF24aaaieeg,ZTF24aaaieeg_alert_6.npy,SN II
ZTF24aaaieeg,ZTF24aaaieeg_alert_7.npy,SN II
ZTF24aabpojp,ZTF24aabpojp_alert_3.npy,SN II
ZTF24aabpojp,ZTF24aabpojp_alert_4.npy,SN II
ZTF24aabpojp,ZTF24aabpojp_alert_5.npy,SN II
ZTF24aabpojp,ZTF24aabpojp_alert_6.npy,SN II
ZTF24aabqfbn,ZTF24aabqfbn_alert_4.npy,SN II
ZTF24aabqfbn,ZTF24aabqfbn_alert_5.npy,SN II
ZTF24aabqfbn,ZTF24aabqfbn_alert_6.npy,SN II
ZTF24aabqfbn,ZTF24aabqfbn_alert_7.npy,SN II
ZTF24aabqfbn,ZTF24aabqfbn_alert_8.npy,SN II
ZTF24aabsmvc,ZTF24aabsmvc_alert_10.npy,SN II
ZTF24aabsmvc,ZTF24aabsmvc_alert_5.npy,SN II
ZTF24aabsmvc,ZTF24aabsmvc_alert_6.npy,SN II
ZTF24aabsmvc,ZTF24aabsmvc_alert_7.npy,SN II
ZTF24aabsmvc,ZTF24aabsmvc_alert_8.npy,SN II
ZTF24aabsmvc,ZTF24aabsmvc_alert_9.npy,SN II
ZTF24aacaosi,ZTF24aacaosi_alert_2.npy,SN Ib
ZTF24aacaosi,ZTF24aacaosi_alert_3.npy,SN Ib
ZTF24aacaosi,ZTF24aacaosi_alert_4.npy,SN Ib
ZTF24aacxzca,ZTF24aacxzca_alert_1.npy,SN II
ZTF24aaczgax,ZTF24aaczgax_alert_1.npy,SN II
ZTF24aadkwni,ZTF24aadkwni_alert_2.npy,SN II
ZTF24aadkwni,ZTF24aadkwni_alert_3.npy,SN II
ZTF24aadkwni,ZTF24aadkwni_alert_4.npy,SN II
ZTF24aadracm,ZTF24aadracm_alert_1.npy,SN Ia
ZTF24aadracm,ZTF24aadracm_alert_2.npy,SN Ia
ZTF24aaeczdw,ZTF24aaeczdw_alert_2.npy,SN Ib
ZTF24aaeczdw,ZTF24aaeczdw_alert_3.npy,SN Ib
ZTF24aaeczdw,ZTF24aaeczdw_alert_4.npy,SN Ib
ZTF24aaejvcx,ZTF24aaejvcx_alert_4.npy,SN II
ZTF24aaejvcx,ZTF24aaejvcx_alert_5.npy,SN II
ZTF24aaejvcx,ZTF24aaejvcx_alert_6.npy,SN II
ZTF24aaejvcx,ZTF24aaejvcx_alert_7.npy,SN II
ZTF24aaejvcx,ZTF24aaejvcx_alert_8.npy,SN II
ZTF24aaekaby,ZTF24aaekaby_alert_2.npy,SN IIP
ZTF24aaekaby,ZTF24aaekaby_alert_3.npy,SN IIP
ZTF24aaekaby,ZTF24aaekaby_alert_4.npy,SN IIP
ZTF24aaekccp,ZTF24aaekccp_alert_3.npy,SN II
ZTF24aaekccp,ZTF24aaekccp_alert_4.npy,SN II
ZTF24aaekccp,ZTF24aaekccp_alert_5.npy,SN II
ZTF24aaekccp,ZTF24aaekccp_alert_6.npy,SN II
ZTF24aaekclg,ZTF24aaekclg_alert_3.npy,SN II
ZTF24aaekclg,ZTF24aaekclg_alert_4.npy,SN II
ZTF24aaekclg,ZTF24aaekclg_alert_5.npy,SN II
ZTF24aaemydm,ZTF24aaemydm_alert_10.npy,SN II
ZTF24aaemydm,ZTF24aaemydm_alert_11.npy,SN II
ZTF24aaemydm,ZTF24aaemydm_alert_12.npy,SN II
ZTF24aaemydm,ZTF24aaemydm_alert_6.npy,SN II
ZTF24aaemydm,ZTF24aaemydm_alert_7.npy,SN II
ZTF24aaemydm,ZTF24aaemydm_alert_8.npy,SN II
ZTF24aaemydm,ZTF24aaemydm_alert_9.npy,SN II
ZTF24aaerzgo,ZTF24aaerzgo_alert_2.npy,SN II
ZTF24aaerzgo,ZTF24aaerzgo_alert_3.npy,SN II
ZTF24aaerzgo,ZTF24aaerzgo_alert_4.npy,SN II
ZTF24aagkuss,ZTF24aagkuss_alert_3.npy,SN II
ZTF24aagkuss,ZTF24aagkuss_alert_4.npy,SN II
ZTF24aagkuss,ZTF24aagkuss_alert_5.npy,SN II
ZTF24aagvvun,ZTF24aagvvun_alert_1.npy,SN II
ZTF24aahdfdo,ZTF24aahdfdo_alert_3.npy,SN IIn
ZTF24aahdfdo,ZTF24aahdfdo_alert_4.npy,SN IIn
ZTF24aahdfdo,ZTF24aahdfdo_alert_5.npy,SN IIn
ZTF24aahdfdo,ZTF24aahdfdo_alert_6.npy,SN IIn
ZTF24aahhanf,ZTF24aahhanf_alert_4.npy,SN II
ZTF24aahhanf,ZTF24aahhanf_alert_5.npy,SN II
ZTF24aahhanf,ZTF24aahhanf_alert_6.npy,SN II
ZTF24aahhanf,ZTF24aahhanf_alert_7.npy,SN II
ZTF24aahhanf,ZTF24aahhanf_alert_8.npy,SN II
ZTF24aahmyct,ZTF24aahmyct_alert_10.npy,SN II
ZTF24aahmyct,ZTF24aahmyct_alert_5.npy,SN II
ZTF24aahmyct,ZTF24aahmyct_alert_6.npy,SN II
ZTF24aahmyct,ZTF24aahmyct_alert_7.npy,SN II
ZTF24aahmyct,ZTF24aahmyct_alert_8.npy,SN II
ZTF24aahmyct,ZTF24aahmyct_alert_9.npy,SN II
ZTF24aahnefg,ZTF24aahnefg_alert_2.npy,SN II
ZTF24aahnefg,ZTF24aahnefg_alert_3.npy,SN II
ZTF24aahsmkt,ZTF24aahsmkt_alert_5.npy,SN II
ZTF24aahsmkt,ZTF24aahsmkt_alert_6.npy,SN II
ZTF24aahsmkt,ZTF24aahsmkt_alert_7.npy,SN II
ZTF24aahsmkt,ZTF24aahsmkt_alert_8.npy,SN II
ZTF24aahsmkt,ZTF24aahsmkt_alert_9.npy,SN II
ZTF24aahswbd,ZTF24aahswbd_alert_2.npy,SN Ia
ZTF24aahswbd,ZTF24aahswbd_alert_3.npy,SN Ia
ZTF24aahwcei,ZTF24aahwcei_alert_4.npy,SN II
ZTF24aahwcei,ZTF24aahwcei_alert_5.npy,SN II
ZTF24aahwcei,ZTF24aahwcei_alert_6.npy,SN II
ZTF24aahwcei,ZTF24aahwcei_alert_7.npy,SN II
ZTF24aahwcei,ZTF24aahwcei_alert_8.npy,SN II
ZTF24aahxgoa,ZTF24aahxgoa_alert_4.npy,SN II
ZTF24aahxgoa,ZTF24aahxgoa_alert_5.npy,SN II
ZTF24aahxgoa,ZTF24aahxgoa_alert_6.npy,SN II
ZTF24aahxgoa,ZTF24aahxgoa_alert_7.npy,SN II
ZTF24aahxgoa,ZTF24aahxgoa_alert_8.npy,SN II
ZTF24aahxokj,ZTF24aahxokj_alert_3.npy,SN II
ZTF24aahxokj,ZTF24aahxokj_alert_4.npy,SN II
ZTF24aahxokj,ZTF24aahxokj_alert_5.npy,SN II
ZTF24aahxokj,ZTF24aahxokj_alert_6.npy,SN II
ZTF24aahzfwk,ZTF24aahzfwk_alert_4.npy,SN Ia
ZTF24aahzfwk,ZTF24aahzfwk_alert_5.npy,SN Ia
ZTF24aahzfwk,ZTF24aahzfwk_alert_6.npy,SN Ia
ZTF24aahzfwk,ZTF24aahzfwk_alert_7.npy,SN Ia
ZTF24aaifila,ZTF24aaifila_alert_4.npy,SN IIn
ZTF24aaifila,ZTF24aaifila_alert_5.npy,SN IIn
ZTF24aaifila,ZTF24aaifila_alert_6.npy,SN IIn
ZTF24aaifila,ZTF24aaifila_alert_7.npy,SN IIn
ZTF24aaifvcs,ZTF24aaifvcs_alert_1.npy,SN Ia
ZTF24aaifvcs,ZTF24aaifvcs_alert_2.npy,SN Ia
ZTF24aaijpcp,ZTF24aaijpcp_alert_1.npy,SN Ia
ZTF24aaijpcp,ZTF24aaijpcp_alert_2.npy,SN Ia
ZTF24aaijsxa,ZTF24aaijsxa_alert_4.npy,SN II
ZTF24aaijsxa,ZTF24aaijsxa_alert_5.npy,SN II
ZTF24aaijsxa,ZTF24aaijsxa_alert_6.npy,SN II
ZTF24aaijsxa,ZTF24aaijsxa_alert_7.npy,SN II
ZTF24aaikwul,ZTF24aaikwul_alert_2.npy,SN II
ZTF24aaikwul,ZTF24aaikwul_alert_3.npy,SN II
ZTF24aaismud,ZTF24aaismud_alert_3.npy,SN Ia
ZTF24aaismud,ZTF24aaismud_alert_4.npy,SN Ia
ZTF24aaismud,ZTF24aaismud_alert_5.npy,SN Ia
ZTF24aaisnlp,ZTF24aaisnlp_alert_11.npy,SN IIn
ZTF24aaisnlp,ZTF24aaisnlp_alert_12.npy,SN IIn
ZTF24aaisnlp,ZTF24aaisnlp_alert_13.npy,SN IIn
ZTF24aaisnlp,ZTF24aaisnlp_alert_14.npy,SN IIn
ZTF24aaisnlp,ZTF24aaisnlp_alert_15.npy,SN IIn
ZTF24aaisnlp,ZTF24aaisnlp_alert_17.npy,SN IIn
ZTF24aaisnlp,ZTF24aaisnlp_alert_18.npy,SN IIn
ZTF24aaisnlp,ZTF24aaisnlp_alert_19.npy,SN IIn
ZTF24aaisnlp,ZTF24aaisnlp_alert_20.npy,SN IIn
ZTF24aaisnlp,ZTF24aaisnlp_alert_21.npy,SN IIn
ZTF24aajhotx,ZTF24aajhotx_alert_14.npy,SN II
ZTF24aajhotx,ZTF24aajhotx_alert_15.npy,SN II
ZTF24aajhotx,ZTF24aajhotx_alert_17.npy,SN II
ZTF24aajhotx,ZTF24aajhotx_alert_18.npy,SN II
ZTF24aajhotx,ZTF24aajhotx_alert_20.npy,SN II
ZTF24aajhotx,ZTF24aajhotx_alert_21.npy,SN II
ZTF24aajhotx,ZTF24aajhotx_alert_23.npy,SN II
ZTF24aajhotx,ZTF24aajhotx_alert_24.npy,SN II
ZTF24aajhotx,ZTF24aajhotx_alert_26.npy,SN II
ZTF24aajhotx,ZTF24aajhotx_alert_27.npy,SN II
ZTF24aajxppf,ZTF24aajxppf_alert_10.npy,SN II
ZTF24aajxppf,ZTF24aajxppf_alert_11.npy,SN II
ZTF24aajxppf,ZTF24aajxppf_alert_12.npy,SN II
ZTF24aajxppf,ZTF24aajxppf_alert_13.npy,SN II
ZTF24aajxppf,ZTF24aajxppf_alert_7.npy,SN II
ZTF24aajxppf,ZTF24aajxppf_alert_8.npy,SN II
ZTF24aajxppf,ZTF24aajxppf_alert_9.npy,SN II
ZTF24aajzrsq,ZTF24aajzrsq_alert_14.npy,SN IIn
ZTF24aajzrsq,ZTF24aajzrsq_alert_16.npy,SN IIn
ZTF24aajzrsq,ZTF24aajzrsq_alert_17.npy,SN IIn
ZTF24aajzrsq,ZTF24aajzrsq_alert_19.npy,SN IIn
ZTF24aajzrsq,ZTF24aajzrsq_alert_20.npy,SN IIn
ZTF24aajzrsq,ZTF24aajzrsq_alert_22.npy,SN IIn
ZTF24aajzrsq,ZTF24aajzrsq_alert_23.npy,SN IIn
ZTF24aajzrsq,ZTF24aajzrsq_alert_25.npy,SN IIn
ZTF24aajzrsq,ZTF24aajzrsq_alert_26.npy,SN IIn
ZTF24aajzrsq,ZTF24aajzrsq_alert_28.npy,SN IIn
ZTF24aakghyl,ZTF24aakghyl_alert_4.npy,SN II
ZTF24aakghyl,ZTF24aakghyl_alert_5.npy,SN II
ZTF24aakghyl,ZTF24aakghyl_alert_6.npy,SN II
ZTF24aakghyl,ZTF24aakghyl_alert_7.npy,SN II
ZTF24aakghyl,ZTF24aakghyl_alert_8.npy,SN II
ZTF24aaknlar,ZTF24aaknlar_alert_19.npy,SN IIb
ZTF24aaknlar,ZTF24aaknlar_alert_21.npy,SN IIb
ZTF24aaknlar,ZTF24aaknlar_alert_23.npy,SN IIb
ZTF24aaknlar,ZTF24aaknlar_alert_25.npy,SN IIb
ZTF24aaknlar,ZTF24aaknlar_alert_27.npy,SN IIb
ZTF24aaknlar,ZTF24aaknlar_alert_29.npy,SN IIb
ZTF24aaknlar,ZTF24aaknlar_alert_31.npy,SN IIb
ZTF24aaknlar,ZTF24aaknlar_alert_33.npy,SN IIb
ZTF24aaknlar,ZTF24aaknlar_alert_35.npy,SN IIb
ZTF24aaknlar,ZTF24aaknlar_alert_37.npy,SN IIb
ZTF24aaknuqh,ZTF24aaknuqh_alert_2.npy,SN Ia
ZTF24aaknuqh,ZTF24aaknuqh_alert_3.npy,SN Ia
ZTF24aaknuqh,ZTF24aaknuqh_alert_4.npy,SN Ia
ZTF24aakrsww,ZTF24aakrsww_alert_4.npy,SN Ia
ZTF24aakrsww,ZTF24aakrsww_alert_5.npy,SN Ia
ZTF24aakrsww,ZTF24aakrsww_alert_6.npy,SN Ia
ZTF24aakrsww,ZTF24aakrsww_alert_7.npy,SN Ia
ZTF24aalqrpc,ZTF24aalqrpc_alert_4.npy,SN Ia
ZTF24aalqrpc,ZTF24aalqrpc_alert_5.npy,SN Ia
ZTF24aalqrpc,ZTF24aalqrpc_alert_6.npy,SN Ia
ZTF24aalqrpc,ZTF24aalqrpc_alert_7.npy,SN Ia
ZTF24aamdfll,ZTF24aamdfll_alert_5.npy,SN Ia
ZTF24aamdfll,ZTF24aamdfll_alert_6.npy,SN Ia
ZTF24aamdfll,ZTF24aamdfll_alert_7.npy,SN Ia
ZTF24aamdfll,ZTF24aamdfll_alert_8.npy,SN Ia
ZTF24aamdfll,ZTF24aamdfll_alert_9.npy,SN Ia
ZTF24aanbjel,ZTF24aanbjel_alert_10.npy,SN II
ZTF24aanbjel,ZTF24aanbjel_alert_11.npy,SN II
ZTF24aanbjel,ZTF24aanbjel_alert_12.npy,SN II
ZTF24aanbjel,ZTF24aanbjel_alert_13.npy,SN II
ZTF24aanbjel,ZTF24aanbjel_alert_14.npy,SN II
ZTF24aanbjel,ZTF24aanbjel_alert_16.npy,SN II
ZTF24aanbjel,ZTF24aanbjel_alert_17.npy,SN II
ZTF24aanbjel,ZTF24aanbjel_alert_18.npy,SN II
ZTF24aanbjel,ZTF24aanbjel_alert_19.npy,SN II
ZTF24aanbjel,ZTF24aanbjel_alert_20.npy,SN II
ZTF24aankvcy,ZTF24aankvcy_alert_10.npy,SN IIb
ZTF24aankvcy,ZTF24aankvcy_alert_11.npy,SN IIb
ZTF24aankvcy,ZTF24aankvcy_alert_12.npy,SN IIb
ZTF24aankvcy,ZTF24aankvcy_alert_13.npy,SN IIb
ZTF24aankvcy,ZTF24aankvcy_alert_7.npy,SN IIb
ZTF24aankvcy,ZTF24aankvcy_alert_8.npy,SN IIb
ZTF24aankvcy,ZTF24aankvcy_alert_9.npy,SN IIb
ZTF24aankvon,ZTF24aankvon_alert_3.npy,SN Ia
ZTF24aankvon,ZTF24aankvon_alert_4.npy,SN Ia
ZTF24aankvon,ZTF24aankvon_alert_5.npy,SN Ia
ZTF24aankvon,ZTF24aankvon_alert_6.npy,SN Ia
ZTF24aanngpp,ZTF24aanngpp_alert_2.npy,SN II
ZTF24aanngpp,ZTF24aanngpp_alert_3.npy,SN II
ZTF24aanngpp,ZTF24aanngpp_alert_4.npy,SN II
ZTF24aaoosca,ZTF24aaoosca_alert_3.npy,SN IIb
ZTF24aaoosca,ZTF24aaoosca_alert_4.npy,SN IIb
ZTF24aaoosca,ZTF24aaoosca_alert_5.npy,SN IIb
ZTF24aaooxcd,ZTF24aaooxcd_alert_4.npy,SN II
ZTF24aaooxcd,ZTF24aaooxcd_alert_5.npy,SN II
ZTF24aaooxcd,ZTF24aaooxcd_alert_6.npy,SN II
ZTF24aaooxcd,ZTF24aaooxcd_alert_7.npy,SN II
ZTF24aaotzpd,ZTF24aaotzpd_alert_10.npy,SN II
ZTF24aaotzpd,ZTF24aaotzpd_alert_5.npy,SN II
ZTF24aaotzpd,ZTF24aaotzpd_alert_6.npy,SN II
ZTF24aaotzpd,ZTF24aaotzpd_alert_7.npy,SN II
ZTF24aaotzpd,ZTF24aaotzpd_alert_8.npy,SN II
ZTF24aaotzpd,ZTF24aaotzpd_alert_9.npy,SN II
ZTF24aaoyfpn,ZTF24aaoyfpn_alert_2.npy,SN IIb
ZTF24aaoyfpn,ZTF24aaoyfpn_alert_3.npy,SN IIb
ZTF24aaoyfpn,ZTF24aaoyfpn_alert_4.npy,SN IIb
ZTF24aaozxhx,ZTF24aaozxhx_alert_4.npy,SN IIP
ZTF24aaozxhx,ZTF24aaozxhx_alert_5.npy,SN IIP
ZTF24aaozxhx,ZTF24aaozxhx_alert_6.npy,SN IIP
ZTF24aaozxhx,ZTF24aaozxhx_alert_7.npy,SN IIP
ZTF24aaplfjd,ZTF24aaplfjd_alert_4.npy,SN II
ZTF24aaplfjd,ZTF24aaplfjd_alert_5.npy,SN II
ZTF24aaplfjd,ZTF24aaplfjd_alert_6.npy,SN II
ZTF24aaplfjd,ZTF24aaplfjd_alert_7.npy,SN II
ZTF24aaplfkj,ZTF24aaplfkj_alert_4.npy,SN II
ZTF24aaplfkj,ZTF24aaplfkj_alert_5.npy,SN II
ZTF24aaplfkj,ZTF24aaplfkj_alert_6.npy,SN II
ZTF24aaplfkj,ZTF24aaplfkj_alert_7.npy,SN II
ZTF24aaplfkj,ZTF24aaplfkj_alert_8.npy,SN II
ZTF24aaqiqpw,ZTF24aaqiqpw_alert_101.npy,SN II
ZTF24aaqiqpw,ZTF24aaqiqpw_alert_109.npy,SN II
ZTF24aaqiqpw,ZTF24aaqiqpw_alert_117.npy,SN II
ZTF24aaqiqpw,ZTF24aaqiqpw_alert_124.npy,SN II
ZTF24aaqiqpw,ZTF24aaqiqpw_alert_132.npy,SN II
ZTF24aaqiqpw,ZTF24aaqiqpw_alert_140.npy,SN II
ZTF24aaqiqpw,ZTF24aaqiqpw_alert_70.npy,SN II
ZTF24aaqiqpw,ZTF24aaqiqpw_alert_78.npy,SN II
ZTF24aaqiqpw,ZTF24aaqiqpw_alert_86.npy,SN II
ZTF24aaqiqpw,ZTF24aaqiqpw_alert_93.npy,SN II
ZTF24aaqugzv,ZTF24aaqugzv_alert_19.npy,SN IIb
ZTF24aaqugzv,ZTF24aaqugzv_alert_21.npy,SN IIb
ZTF24aaqugzv,ZTF24aaqugzv_alert_23.npy,SN IIb
ZTF24aaqugzv,ZTF24aaqugzv_alert_25.npy,SN IIb
ZTF24aaqugzv,ZTF24aaqugzv_alert_27.npy,SN IIb
ZTF24aaqugzv,ZTF24aaqugzv_alert_30.npy,SN IIb
ZTF24aaqugzv,ZTF24aaqugzv_alert_32.npy,SN IIb
ZTF24aaqugzv,ZTF24aaqugzv_alert_34.npy,SN IIb
ZTF24aaqugzv,ZTF24aaqugzv_alert_36.npy,SN IIb
ZTF24aaqugzv,ZTF24aaqugzv_alert_38.npy,SN IIb
ZTF24aaqzkpr,ZTF24aaqzkpr_alert_10.npy,SN II
ZTF24aaqzkpr,ZTF24aaqzkpr_alert_11.npy,SN II
ZTF24aaqzkpr,ZTF24aaqzkpr_alert_12.npy,SN II
ZTF24aaqzkpr,ZTF24aaqzkpr_alert_13.npy,SN II
ZTF24aaqzkpr,ZTF24aaqzkpr_alert_7.npy,SN II
ZTF24aaqzkpr,ZTF24aaqzkpr_alert_8.npy,SN II
ZTF24aaqzkpr,ZTF24aaqzkpr_alert_9.npy,SN II
ZTF24aarlcuo,ZTF24aarlcuo_alert_3.npy,SN Ib
ZTF24aarlcuo,ZTF24aarlcuo_alert_4.npy,SN Ib
ZTF24aarlcuo,ZTF24aarlcuo_alert_5.npy,SN Ib
ZTF24aarvbxj,ZTF24aarvbxj_alert_10.npy,SN II
ZTF24aarvbxj,ZTF24aarvbxj_alert_11.npy,SN II
ZTF24aarvbxj,ZTF24aarvbxj_alert_6.npy,SN II
ZTF24aarvbxj,ZTF24aarvbxj_alert_7.npy,SN II
ZTF24aarvbxj,ZTF24aarvbxj_alert_8.npy,SN II
ZTF24aarvbxj,ZTF24aarvbxj_alert_9.npy,SN II
ZTF24aarxxmm,ZTF24aarxxmm_alert_3.npy,SN II
ZTF24aarxxmm,ZTF24aarxxmm_alert_4.npy,SN II
ZTF24aarxxmm,ZTF24aarxxmm_alert_5.npy,SN II
ZTF24aarxxmm,ZTF24aarxxmm_alert_6.npy,SN II
ZTF24aarygdq,ZTF24aarygdq_alert_1.npy,SN II
ZTF24aasdtkt,ZTF24aasdtkt_alert_4.npy,SN IIb
ZTF24aasdtkt,ZTF24aasdtkt_alert_5.npy,SN IIb
ZTF24aasdtkt,ZTF24aasdtkt_alert_6.npy,SN IIb
ZTF24aasdtkt,ZTF24aasdtkt_alert_7.npy,SN IIb
ZTF24aasdtkt,ZTF24aasdtkt_alert_8.npy,SN IIb
ZTF24aasigoj,ZTF24aasigoj_alert_4.npy,SN IIn
ZTF24aasigoj,ZTF24aasigoj_alert_5.npy,SN IIn
ZTF24aasigoj,ZTF24aasigoj_alert_6.npy,SN IIn
ZTF24aasigoj,ZTF24aasigoj_alert_7.npy,SN IIn
ZTF24aasktmr,ZTF24aasktmr_alert_23.npy,SN II
ZTF24aasktmr,ZTF24aasktmr_alert_25.npy,SN II
ZTF24aasktmr,ZTF24aasktmr_alert_28.npy,SN II
ZTF24aasktmr,ZTF24aasktmr_alert_30.npy,SN II
ZTF24aasktmr,ZTF24aasktmr_alert_33.npy,SN II
ZTF24aasktmr,ZTF24aasktmr_alert_35.npy,SN II
ZTF24aasktmr,ZTF24aasktmr_alert_38.npy,SN II
ZTF24aasktmr,ZTF24aasktmr_alert_40.npy,SN II
ZTF24aasktmr,ZTF24aasktmr_alert_43.npy,SN II
ZTF24aasktmr,ZTF24aasktmr_alert_45.npy,SN II
ZTF24aaskxai,ZTF24aaskxai_alert_10.npy,SN II
ZTF24aaskxai,ZTF24aaskxai_alert_11.npy,SN II
ZTF24aaskxai,ZTF24aaskxai_alert_6.npy,SN II
ZTF24aaskxai,ZTF24aaskxai_alert_7.npy,SN II
ZTF24aaskxai,ZTF24aaskxai_alert_8.npy,SN II
ZTF24aaskxai,ZTF24aaskxai_alert_9.npy,SN II
ZTF24aasqcng,ZTF24aasqcng_alert_5.npy,SN II
ZTF24aasqcng,ZTF24aasqcng_alert_6.npy,SN II
ZTF24aasqcng,ZTF24aasqcng_alert_7.npy,SN II
ZTF24aasqcng,ZTF24aasqcng_alert_8.npy,SN II
ZTF24aasqcng,ZTF24aasqcng_alert_9.npy,SN II
ZTF24aasvdze,ZTF24aasvdze_alert_4.npy,SN II
ZTF24aasvdze,ZTF24aasvdze_alert_5.npy,SN II
ZTF24aasvdze,ZTF24aasvdze_alert_6.npy,SN II
ZTF24aasvdze,ZTF24aasvdze_alert_7.npy,SN II
ZTF24aasvdze,ZTF24aasvdze_alert_8.npy,SN II
ZTF24aaswnkx,ZTF24aaswnkx_alert_10.npy,SN Ia
ZTF24aaswnkx,ZTF24aaswnkx_alert_11.npy,SN Ia
ZTF24aaswnkx,ZTF24aaswnkx_alert_12.npy,SN Ia
ZTF24aaswnkx,ZTF24aaswnkx_alert_13.npy,SN Ia
ZTF24aaswnkx,ZTF24aaswnkx_alert_14.npy,SN Ia
ZTF24aaswnkx,ZTF24aaswnkx_alert_7.npy,SN Ia
ZTF24aaswnkx,ZTF24aaswnkx_alert_8.npy,SN Ia
ZTF24aaswnkx,ZTF24aaswnkx_alert_9.npy,SN Ia
ZTF24aataxft,ZTF24aataxft_alert_10.npy,SN II
ZTF24aataxft,ZTF24aataxft_alert_11.npy,SN II
ZTF24aataxft,ZTF24aataxft_alert_6.npy,SN II
ZTF24aataxft,ZTF24aataxft_alert_7.npy,SN II
ZTF24aataxft,ZTF24aataxft_alert_8.npy,SN II
ZTF24aataxft,ZTF24aataxft_alert_9.npy,SN II
ZTF24aathzox,ZTF24aathzox_alert_10.npy,SN Ia
ZTF24aathzox,ZTF24aathzox_alert_11.npy,SN Ia
ZTF24aathzox,ZTF24aathzox_alert_12.npy,SN Ia
ZTF24aathzox,ZTF24aathzox_alert_13.npy,SN Ia
ZTF24aathzox,ZTF24aathzox_alert_7.npy,SN Ia
ZTF24aathzox,ZTF24aathzox_alert_8.npy,SN Ia
ZTF24aathzox,ZTF24aathzox_alert_9.npy,SN Ia
ZTF24aatjphv,ZTF24aatjphv_alert_5.npy,SN IIn
ZTF24aatjphv,ZTF24aatjphv_alert_6.npy,SN IIn
ZTF24aatjphv,ZTF24aatjphv_alert_7.npy,SN IIn
ZTF24aatjphv,ZTF24aatjphv_alert_8.npy,SN IIn
ZTF24aatjphv,ZTF24aatjphv_alert_9.npy,SN IIn
ZTF24aatlsjq,ZTF24aatlsjq_alert_2.npy,SN IIb
ZTF24aatlsjq,ZTF24aatlsjq_alert_3.npy,SN IIb
ZTF24aatlsjq,ZTF24aatlsjq_alert_4.npy,SN IIb
ZTF24aatsmxc,ZTF24aatsmxc_alert_1.npy,SN II
ZTF24aatytqv,ZTF24aatytqv_alert_2.npy,SN IIb
ZTF24aatzgha,ZTF24aatzgha_alert_1.npy,SN II
ZTF24aatzgua,ZTF24aatzgua_alert_2.npy,SN Ia
ZTF24aatzgua,ZTF24aatzgua_alert_3.npy,SN Ia
ZTF24aatzgua,ZTF24aatzgua_alert_4.npy,SN Ia
ZTF24aaugxzp,ZTF24aaugxzp_alert_4.npy,SN II
ZTF24aaugxzp,ZTF24aaugxzp_alert_5.npy,SN II
ZTF24aaugxzp,ZTF24aaugxzp_alert_6.npy,SN II
ZTF24aaugxzp,ZTF24aaugxzp_alert_7.npy,SN II
ZTF24aaugxzp,ZTF24aaugxzp_alert_8.npy,SN II
ZTF24aaumfvx,ZTF24aaumfvx_alert_21.npy,SN II
ZTF24aaumfvx,ZTF24aaumfvx_alert_23.npy,SN II
ZTF24aaumfvx,ZTF24aaumfvx_alert_25.npy,SN II
ZTF24aaumfvx,ZTF24aaumfvx_alert_28.npy,SN II
ZTF24aaumfvx,ZTF24aaumfvx_alert_30.npy,SN II
ZTF24aaumfvx,ZTF24aaumfvx_alert_32.npy,SN II
ZTF24aaumfvx,ZTF24aaumfvx_alert_34.npy,SN II
ZTF24aaumfvx,ZTF24aaumfvx_alert_37.npy,SN II
ZTF24aaumfvx,ZTF24aaumfvx_alert_39.npy,SN II
ZTF24aaumfvx,ZTF24aaumfvx_alert_41.npy,SN II
ZTF24aaunxxm,ZTF24aaunxxm_alert_4.npy,SN II
ZTF24aaunxxm,ZTF24aaunxxm_alert_5.npy,SN II
ZTF24aaunxxm,ZTF24aaunxxm_alert_6.npy,SN II
ZTF24aaunxxm,ZTF24aaunxxm_alert_7.npy,SN II
ZTF24aaunxxm,ZTF24aaunxxm_alert_8.npy,SN II
ZTF24aavghxs,ZTF24aavghxs_alert_3.npy,SN Ia
ZTF24aavghxs,ZTF24aavghxs_alert_4.npy,SN Ia
ZTF24aavghxs,ZTF24aavghxs_alert_5.npy,SN Ia
ZTF24aavhseb,ZTF24aavhseb_alert_3.npy,SN II
ZTF24aavhseb,ZTF24aavhseb_alert_4.npy,SN II
ZTF24aavhseb,ZTF24aavhseb_alert_5.npy,SN II
ZTF24aavpxsr,ZTF24aavpxsr_alert_10.npy,SN Ia
ZTF24aavpxsr,ZTF24aavpxsr_alert_11.npy,SN Ia
ZTF24aavpxsr,ZTF24aavpxsr_alert_12.npy,SN Ia
ZTF24aavpxsr,ZTF24aavpxsr_alert_6.npy,SN Ia
ZTF24aavpxsr,ZTF24aavpxsr_alert_7.npy,SN Ia
ZTF24aavpxsr,ZTF24aavpxsr_alert_8.npy,SN Ia
ZTF24aavpxsr,ZTF24aavpxsr_alert_9.npy,SN Ia
ZTF24aawakwl,ZTF24aawakwl_alert_4.npy,SN II
ZTF24aawakwl,ZTF24aawakwl_alert_5.npy,SN II
ZTF24aawakwl,ZTF24aawakwl_alert_6.npy,SN II
ZTF24aawakwl,ZTF24aawakwl_alert_7.npy,SN II
ZTF24aawakwl,ZTF24aawakwl_alert_8.npy,SN II
ZTF24aawjwxx,ZTF24aawjwxx_alert_10.npy,SN Ic
ZTF24aawjwxx,ZTF24aawjwxx_alert_5.npy,SN Ic
ZTF24aawjwxx,ZTF24aawjwxx_alert_6.npy,SN Ic
ZTF24aawjwxx,ZTF24aawjwxx_alert_7.npy,SN Ic
ZTF24aawjwxx,ZTF24aawjwxx_alert_8.npy,SN Ic
ZTF24aawjwxx,ZTF24aawjwxx_alert_9.npy,SN Ic
ZTF24aawklme,ZTF24aawklme_alert_10.npy,SN IIb
ZTF24aawklme,ZTF24aawklme_alert_11.npy,SN IIb
ZTF24aawklme,ZTF24aawklme_alert_12.npy,SN IIb
ZTF24aawklme,ZTF24aawklme_alert_13.npy,SN IIb
ZTF24aawklme,ZTF24aawklme_alert_14.npy,SN IIb
ZTF24aawklme,ZTF24aawklme_alert_15.npy,SN IIb
ZTF24aawklme,ZTF24aawklme_alert_16.npy,SN IIb
ZTF24aawklme,ZTF24aawklme_alert_8.npy,SN IIb
ZTF24aawklme,ZTF24aawklme_alert_9.npy,SN IIb
ZTF24aawpwhq,ZTF24aawpwhq_alert_4.npy,SN II
ZTF24aawpwhq,ZTF24aawpwhq_alert_5.npy,SN II
ZTF24aawpwhq,ZTF24aawpwhq_alert_6.npy,SN II
ZTF24aawpwhq,ZTF24aawpwhq_alert_7.npy,SN II
ZTF24aawrszo,ZTF24aawrszo_alert_3.npy,SN IIb
ZTF24aawrszo,ZTF24aawrszo_alert_4.npy,SN IIb
ZTF24aawrszo,ZTF24aawrszo_alert_5.npy,SN IIb
ZTF24aawtoiv,ZTF24aawtoiv_alert_18.npy,SN Ic
ZTF24aawtoiv,ZTF24aawtoiv_alert_20.npy,SN Ic
ZTF24aawtoiv,ZTF24aawtoiv_alert_22.npy,SN Ic
ZTF24aawtoiv,ZTF24aawtoiv_alert_24.npy,SN Ic
ZTF24aawtoiv,ZTF24aawtoiv_alert_26.npy,SN Ic
ZTF24aawtoiv,ZTF24aawtoiv_alert_28.npy,SN Ic
ZTF24aawtoiv,ZTF24aawtoiv_alert_30.npy,SN Ic
ZTF24aawtoiv,ZTF24aawtoiv_alert_32.npy,SN Ic
ZTF24aawtoiv,ZTF24aawtoiv_alert_34.npy,SN Ic
ZTF24aawtoiv,ZTF24aawtoiv_alert_36.npy,SN Ic
ZTF24aaxadom,ZTF24aaxadom_alert_10.npy,SN Ia
ZTF24aaxadom,ZTF24aaxadom_alert_11.npy,SN Ia
ZTF24aaxadom,ZTF24aaxadom_alert_12.npy,SN Ia
ZTF24aaxadom,ZTF24aaxadom_alert_13.npy,SN Ia
ZTF24aaxadom,ZTF24aaxadom_alert_14.npy,SN Ia
ZTF24aaxadom,ZTF24aaxadom_alert_15.npy,SN Ia
ZTF24aaxadom,ZTF24aaxadom_alert_8.npy,SN Ia
ZTF24aaxadom,ZTF24aaxadom_alert_9.npy,SN Ia
ZTF24aaxyrrd,ZTF24aaxyrrd_alert_10.npy,SN II
ZTF24aaxyrrd,ZTF24aaxyrrd_alert_11.npy,SN II
ZTF24aaxyrrd,ZTF24aaxyrrd_alert_12.npy,SN II
ZTF24aaxyrrd,ZTF24aaxyrrd_alert_13.npy,SN II
ZTF24aaxyrrd,ZTF24aaxyrrd_alert_14.npy,SN II
ZTF24aaxyrrd,ZTF24aaxyrrd_alert_15.npy,SN II
ZTF24aaxyrrd,ZTF24aaxyrrd_alert_16.npy,SN II
ZTF24aaxyrrd,ZTF24aaxyrrd_alert_17.npy,SN II
ZTF24aaxyrrd,ZTF24aaxyrrd_alert_18.npy,SN II
ZTF24aaxyrrd,ZTF24aaxyrrd_alert_9.npy,SN II
ZTF24aaybafr,ZTF24aaybafr_alert_14.npy,SN II
ZTF24aaybafr,ZTF24aaybafr_alert_15.npy,SN II
ZTF24aaybafr,ZTF24aaybafr_alert_17.npy,SN II
ZTF24aaybafr,ZTF24aaybafr_alert_18.npy,SN II
ZTF24aaybafr,ZTF24aaybafr_alert_20.npy,SN II
ZTF24aaybafr,ZTF24aaybafr_alert_21.npy,SN II
ZTF24aaybafr,ZTF24aaybafr_alert_23.npy,SN II
ZTF24aaybafr,ZTF24aaybafr_alert_24.npy,SN II
ZTF24aaybafr,ZTF24aaybafr_alert_26.npy,SN II
ZTF24aaybafr,ZTF24aaybafr_alert_27.npy,SN II
ZTF24aayimjt,ZTF24aayimjt_alert_10.npy,SN Ic
ZTF24aayimjt,ZTF24aayimjt_alert_11.npy,SN Ic
ZTF24aayimjt,ZTF24aayimjt_alert_12.npy,SN Ic
ZTF24aayimjt,ZTF24aayimjt_alert_13.npy,SN Ic
ZTF24aayimjt,ZTF24aayimjt_alert_7.npy,SN Ic
ZTF24aayimjt,ZTF24aayimjt_alert_8.npy,SN Ic
ZTF24aayimjt,ZTF24aayimjt_alert_9.npy,SN Ic
ZTF24aayjrde,ZTF24aayjrde_alert_4.npy,SN Ia
ZTF24aayjrde,ZTF24aayjrde_alert_5.npy,SN Ia
ZTF24aayjrde,ZTF24aayjrde_alert_6.npy,SN Ia
ZTF24aayjrde,ZTF24aayjrde_alert_7.npy,SN Ia
ZTF24aayjrde,ZTF24aayjrde_alert_8.npy,SN Ia
ZTF24aayncet,ZTF24aayncet_alert_10.npy,SN II
ZTF24aayncet,ZTF24aayncet_alert_11.npy,SN II
ZTF24aayncet,ZTF24aayncet_alert_12.npy,SN II
ZTF24aayncet,ZTF24aayncet_alert_13.npy,SN II
ZTF24aayncet,ZTF24aayncet_alert_14.npy,SN II
ZTF24aayncet,ZTF24aayncet_alert_15.npy,SN II
ZTF24aayncet,ZTF24aayncet_alert_8.npy,SN II
ZTF24aayncet,ZTF24aayncet_alert_9.npy,SN II
ZTF24aayxdbn,ZTF24aayxdbn_alert_10.npy,SN II
ZTF24aayxdbn,ZTF24aayxdbn_alert_11.npy,SN II
ZTF24aayxdbn,ZTF24aayxdbn_alert_12.npy,SN II
ZTF24aayxdbn,ZTF24aayxdbn_alert_13.npy,SN II
ZTF24aayxdbn,ZTF24aayxdbn_alert_14.npy,SN II
ZTF24aayxdbn,ZTF24aayxdbn_alert_7.npy,SN II
ZTF24aayxdbn,ZTF24aayxdbn_alert_8.npy,SN II
ZTF24aayxdbn,ZTF24aayxdbn_alert_9.npy,SN II
ZTF24aazjdml,ZTF24aazjdml_alert_22.npy,SN II
ZTF24aazjdml,ZTF24aazjdml_alert_24.npy,SN II
ZTF24aazjdml,ZTF24aazjdml_alert_27.npy,SN II
ZTF24aazjdml,ZTF24aazjdml_alert_29.npy,SN II
ZTF24aazjdml,ZTF24aazjdml_alert_32.npy,SN II
ZTF24aazjdml,ZTF24aazjdml_alert_34.npy,SN II
ZTF24aazjdml,ZTF24aazjdml_alert_37.npy,SN II
ZTF24aazjdml,ZTF24aazjdml_alert_39.npy,SN II
ZTF24aazjdml,ZTF24aazjdml_alert_42.npy,SN II
ZTF24aazjdml,ZTF24aazjdml_alert_44.npy,SN II
ZTF24aazmqbf,ZTF24aazmqbf_alert_10.npy,SN Ic
ZTF24aazmqbf,ZTF24aazmqbf_alert_11.npy,SN Ic
ZTF24aazmqbf,ZTF24aazmqbf_alert_12.npy,SN Ic
ZTF24aazmqbf,ZTF24aazmqbf_alert_13.npy,SN Ic
ZTF24aazmqbf,ZTF24aazmqbf_alert_7.npy,SN Ic
ZTF24aazmqbf,ZTF24aazmqbf_alert_8.npy,SN Ic
ZTF24aazmqbf,ZTF24aazmqbf_alert_9.npy,SN Ic
ZTF24abbcrsy,ZTF24abbcrsy_alert_2.npy,SN II
ZTF24abbcrsy,ZTF24abbcrsy_alert_3.npy,SN II
ZTF24abbdtfp,ZTF24abbdtfp_alert_10.npy,SN Ia
ZTF24abbdtfp,ZTF24abbdtfp_alert_11.npy,SN Ia
ZTF24abbdtfp,ZTF24abbdtfp_alert_12.npy,SN Ia
ZTF24abbdtfp,ZTF24abbdtfp_alert_6.npy,SN Ia
ZTF24abbdtfp,ZTF24abbdtfp_alert_7.npy,SN Ia
ZTF24abbdtfp,ZTF24abbdtfp_alert_8.npy,SN Ia
ZTF24abbdtfp,ZTF24abbdtfp_alert_9.npy,SN Ia
ZTF24abbenwl,ZTF24abbenwl_alert_10.npy,SN II
ZTF24abbenwl,ZTF24abbenwl_alert_5.npy,SN II
ZTF24abbenwl,ZTF24abbenwl_alert_6.npy,SN II
ZTF24abbenwl,ZTF24abbenwl_alert_7.npy,SN II
ZTF24abbenwl,ZTF24abbenwl_alert_8.npy,SN II
ZTF24abbenwl,ZTF24abbenwl_alert_9.npy,SN II
ZTF24abbrcrq,ZTF24abbrcrq_alert_3.npy,SN Ia
ZTF24abbrcrq,ZTF24abbrcrq_alert_4.npy,SN Ia
ZTF24abbrcrq,ZTF24abbrcrq_alert_5.npy,SN Ia
ZTF24abbrcrq,ZTF24abbrcrq_alert_6.npy,SN Ia
