obj_id,type
ZTF18aatfxtd,SN Ia
ZTF18aawppyt,SN Ia
ZTF18aasxwhv,SN Ia
ZTF21abetapt,SN Ia
ZTF19aaxzdtw,SN Ic
ZTF18aceexmi,SN Ia
ZTF23aaenexu,SN Ia
ZTF22aadepde,SN Ia
ZTF22aanczjk,SN Ia
ZTF18aajjhkq,SN Ia
ZTF18aaxcfbt,SN Ia
ZTF20aambbfn,SN Ia
ZTF21aarmuxl,SN Ib/c
ZTF18acllhfg,SN Ia
ZTF20acywefl,SN Ia
ZTF22aalyumh,SN Ia
ZTF20aarasxl,SN Ia
ZTF18aaxjuwy,SN IIn
ZTF23aadrtlp,SN Ia
ZTF18acnbptb,SN IIP
ZTF22aabomyi,SN IIn
ZTF20ackhzba,SN Ia
ZTF20aafjjqj,SN Ia
ZTF21aaplooj,SN Ia
ZTF18acwyvet,SN IIL
ZTF19abaukyt,SN Ia
ZTF19aamhhgu,SN Ia
ZTF21aaaosmn,SN Ia
ZTF20abplamr,SN Ia
ZTF19aaraxhh,SN Ia
ZTF20acqksdi,SN Ia
ZTF22aakqruk,SN Ia
ZTF18abcdzyc,SN Ia
ZTF21aalimtr,SN Ia
ZTF19acxlylb,SN Ia
ZTF18aakfabl,SN IIP
ZTF18aarlukc,SN Ia
ZTF20acywbes,SN Ia
ZTF19aaqhelq,SN Ia
ZTF20abswjae,SN Ia
ZTF23aaemepn,SN Ia
ZTF19aanbpus,SN IIb
ZTF18acsremz,SN Ia
ZTF23abjrdne,SN Ia
ZTF22abtbijr,SN Ia
ZTF19acfqtej,SN Ia
ZTF21aaaaddl,SN Ia
ZTF21abfxibf,SN Ia
ZTF23aaptfsu,SN Ia
ZTF21aaxwcgj,SN Ia
ZTF21acdalyp,SN Ia-91T
ZTF20acwofhd,SN Ic
ZTF20abnmahn,SN Ia
ZTF21abukwfl,SN Ia
ZTF23aaqaasr,SN Ia
ZTF21acqpapq,SN Ia
ZTF22abfwthv,SN Ia
ZTF22aamrhna,SN Ia
ZTF21abybnni,SN Ia
ZTF18acdzpgs,SN Ia
ZTF22aazuuin,SN IIb
ZTF22abkxbeo,SN Ia-pec
ZTF18abqyaix,SN Ia
ZTF20abxezim,SN Ia
ZTF20aahhvci,SN I
ZTF19abgqwed,SN Ia
ZTF24aarxxmm,SN II
ZTF18aaqnxjb,SN Ia
ZTF22abubrek,SN Ia-91T
ZTF24aacgrqp,SN Ia
ZTF18abquxjv,SN Ia
ZTF20acqzpta,SN Ia
ZTF19abisbgx,SN Ia
ZTF19ablesob,SN Ic-BL
ZTF19abnhegb,SN Ia
ZTF23absapsv,SN Ia
ZTF21abebgfr,SN IIn
ZTF19abqqcyo,SN Ia
ZTF18aanxlcr,SN Ia
ZTF18aansqov,SN Ia
ZTF22aartmuz,SN Ia
ZTF18aansqun,SN Ia
ZTF18aatpqxq,SN Ia
ZTF18abmogag,SN Ia
ZTF21aciwkzc,SN Ia
ZTF19absymnz,SN Ia
ZTF18abmoung,SN Ia
ZTF18abjtgdo,SN Ia
ZTF18aaqpeoq,SN Ia
ZTF21abhzicj,SN Ia
ZTF21aaaosoq,SN Ic
ZTF23aamlodm,SN Ia-norm
ZTF18aaiykoz,SN Ia
ZTF18aarunfu,SN Ia-norm
ZTF23aamamlv,SN Ia
ZTF22abjrctf,SN Ia
ZTF19aavmgtv,SN Ia
ZTF19aauisdr,SN IIn
ZTF24aautbcb,SN Ia
ZTF22aaemgsl,SN Ia
ZTF24aaismud,SN Ia
ZTF20aavhyel,SN Ic
ZTF24aaihwaq,SN Ia
ZTF22abfyjgo,SN Ia
ZTF19abpgggu,SN Ia
ZTF19acxowwt,SN Ia
ZTF20aagloch,SN Ia
ZTF18acqsfxh,SN Ia
ZTF21abalnud,SN Ia
ZTF24aaidwhg,SN Ia-91T
ZTF19aaknvlv,SN Ia
ZTF21abcpbqd,SN II
ZTF20aanvliy,SN Ia
ZTF24aahdfdo,SN IIn
ZTF19aaojnrx,SN Ia
ZTF22aaezdtd,SN Ibn
ZTF18abxjekh,SN IIb
ZTF20aammbrw,SN Ia
ZTF20abajsne,SN Ia
ZTF21abizxkw,SN Ia
ZTF18aamxads,SN Ia
ZTF20aavfwdo,SN Ia
ZTF22aalzyzl,SN Ia
ZTF20acvebcu,SN Ib
ZTF20aadyukn,SN Ia
ZTF18acsucef,SN Ia
ZTF19acaqoef,SN Ic
ZTF18acrxppd,SN Ia
ZTF21aaqupdt,SN Ia
ZTF22ablpkba,SN Ia
ZTF22aakcnxq,SN Ia
ZTF21aciouwz,SN Ia
ZTF19acgdxel,SN Ia
ZTF18aabkrky,SN Ia
ZTF18abquyqj,SN Ia
ZTF18abshmro,SN Ia
ZTF19adcdgca,SN Ia
ZTF21accfbyj,SN Ia
ZTF22abtctvo,SN Ia
ZTF18acqnzso,SN Ia
ZTF19abfiqjg,SN Ic
ZTF18abuxjrd,SN Ia
ZTF19aaeuhgo,SN IIP
ZTF21acilvjb,SN Ia
ZTF18acdyypo,SN Ia
ZTF21aciluqg,SN II
ZTF19adbsblp,SN IIP
ZTF23absbkhe,SN Ia
ZTF17aacpbmv,SN Ic
ZTF20abqlawg,SN Ia
ZTF19aatvlfl,SN Ia
ZTF22abfzdjj,SN Ia
ZTF18abxtoqz,SN Ia
ZTF19acfxbki,SN Ia
ZTF23aawqydv,SN Ia
ZTF22abboovp,SN Ia
ZTF22aasthma,SN Ia
ZTF18acbxkop,SN IIP
ZTF19aaykqsk,SN IIP
ZTF19ablfcjr,SN Ia
ZTF19acxgwvo,SN IIP
ZTF19acxgwid,SN Ia
ZTF18aahqkbt,Tidal Disruption Event
ZTF22abybbud,SN II
ZTF23aansrmz,SN Ia
ZTF19abqhobb,SN IIP
ZTF18aaxgwpl,SN Ia
ZTF21abjdqbo,SN Ia
ZTF18ablongw,SN Ia
ZTF21aahptas,SN Ia
ZTF20aajvcwd,SN Ia
ZTF21aagyhax,SN Ia
ZTF23aauzxfh,SN Ia
ZTF21abkinhh,SN Ia
ZTF19aanjyrn,SN
ZTF22aaputwp,SN Ia
ZTF20abbpkng,SN Ib
ZTF18abbikrz,SN Ia
ZTF20aafcjln,SN Ia
ZTF24aajnwwr,SN Ia
ZTF23aafhfwx,SN Ia
ZTF18aasypqx,SN Ia
ZTF18aauvnhh,SN Ia
ZTF20aauombk,SN Ia
ZTF23aaeqhkx,SN Ia
ZTF20aayqjpv,SN Ia
ZTF22abxlqvc,SN Ia
ZTF18aaxnqjb,SN IIP
ZTF19aatnfvj,SN Ia
ZTF24aaosqgf,SN II
ZTF20aahpxzz,SN Ia
ZTF20abdxffu,SN Ia
ZTF19aambixl,SN Ia
ZTF23aalfofn,SN Ia
ZTF21aalcsng,SN Ia
ZTF18aaxeoqk,SN Ia
ZTF18aavsilo,SN Ia
ZTF20acwyoxc,SN Ia
ZTF18acvgyst,SN IIP
ZTF24aadkwni,SN II
ZTF21aalgqsv,SN Ia
ZTF20aatqgeo,SN IIP
ZTF21abasfmq,SN Ia
ZTF19adgooar,SN II
ZTF19abfwhja,SN Ia
ZTF18aahshhp,SN Ia
ZTF22aanmhsi,SN Ia
ZTF20aazycgy,SN IIP
ZTF18aakkrjm,SN Ib
ZTF18aaxokeg,SN Ia
ZTF23aakbqgc,SN Ia
ZTF20aatqidk,SN IIP
ZTF19aawupxb,SN Ia
ZTF20aazgtmp,SN Ia
ZTF22aabyzwm,SN Ia
ZTF23aaiypww,SN Ia
ZTF18aagtwyh,SN Ia
ZTF19aaneugz,SN Ia
ZTF20aclnplo,SN Ic
ZTF18aaaonon,SN Ia
ZTF21aaqhwgh,SN Ia
ZTF22aaffaah,SN Ia
ZTF19acaqqke,SN IIP
ZTF18aawmxdx,SN Ia
ZTF20acpylns,SN Ia
ZTF19aatgaiq,SN Ia
ZTF18accnnyu,SN Ia
ZTF23abgnxri,SN IIn
ZTF22aahieds,SN Ia
ZTF18abavruc,SN Ia
ZTF23abcqwkn,SN Ia
ZTF18aboztku,SN Ia
ZTF19aaxffum,SN Ia-91T
ZTF22abakeha,SN Ia
ZTF20aazkxcw,SN Ia
ZTF24aangsva,SN Ia-norm
ZTF18aaklpdo,SN Ia
ZTF20acpbboa,SN II
ZTF20aayknlo,SN Ia
ZTF19acytidb,SN Ia
ZTF22aatlhve,SN Ia
ZTF19aanfyey,SN Ia
ZTF23abovaur,SN Ib
ZTF20acbiwri,SN IIP
ZTF19adcbpcj,SN Ia
ZTF19aamgttu,SN Ia
ZTF21aaqwbgq,SN Ia
ZTF21acipmgw,SN Ia
ZTF18acvwhaz,SN Ia
ZTF23absouua,SN Ia
ZTF23aackdlm,SN Ia
ZTF18acrdlrp,SN Ia
ZTF23abptnaj,SN Ia
ZTF19acmblbi,SN Ia
ZTF20adaftef,SN Ia
ZTF23aadxrid,SN Ia
ZTF18aczenvx,SN Ia
ZTF19aakykjl,SN Ia
ZTF19aanetjx,SN Ia
ZTF18aarbify,SN Ia
ZTF24aadplte,SN Ia
ZTF22aabnvrz,SN Ia
ZTF22aacgcwv,Tidal Disruption Event
ZTF18acqxsyi,SN Ia
ZTF22aajrdad,SN Ia
ZTF21aagpbkj,SN Ia-91T
ZTF18abwlopg,SN Ia
ZTF19aaklqod,SN Ia
ZTF18acafztq,SN Ia
ZTF18abwlonm,SN Ia
ZTF22aaahtqz,Tidal Disruption Event
ZTF19aalxcyo,SN Ia
ZTF18acuqskr,SN IIP
ZTF22acaeaok,SN Ia
ZTF23aaiwfuq,SN Ia
ZTF18aajpjdi,SN Ia
ZTF18aauuzmf,SN Ia
ZTF18aavnxar,SN Ia
ZTF24aarrrkf,SN Ia
ZTF24aamkufg,SN Ia
ZTF18aabcgyb,SN Ia
ZTF18aaqjqqc,SN Ia
ZTF18aajkrxi,SN Ia
ZTF18aajkcdn,SN Ia
ZTF18aaqpowv,SN II
ZTF18aawpwlf,SN IIP
ZTF18aaisuxz,SN Ia
ZTF20aazbqvr,SN Ia
ZTF21aciialn,SN Ia
ZTF18aarcypa,SN Ia
ZTF20ablnjvp,SN Ia
ZTF22aajrrzz,SN Ia
ZTF23aailodz,SN Ia
ZTF21abdcauj,SN Ia-norm
ZTF24aakrsww,SN Ia
ZTF20aadccel,SN Ia
ZTF18aazhwnh,SN Ia
ZTF22aaohmcv,SN Ia
ZTF18aawglif,SN Ia
ZTF18aarikzk,SN Ia
ZTF24aaekbmc,SN Ia
ZTF21aaabzsj,SN Ia
ZTF23aakrngt,SN Ia
ZTF18aaivnak,SN Ia
ZTF22abyokkf,SN II
ZTF20abmoans,SN Ia
ZTF19aarfnto,SN Ia
ZTF20aaqtebg,SN Ia
ZTF20aadyiaa,SN Ia
ZTF22aaebkwd,SN Ib
ZTF20abefbpl,SN Ic
ZTF22aajnffd,SN Ia
ZTF19acspfcb,SN Ia
ZTF18aayivoq,SN Ia
ZTF21aaaotku,SN Ia
ZTF22abxlfpl,SN Ic
ZTF21abkajar,SN IIP
ZTF21aaabvjk,SN Ia
ZTF21aaxyecd,SN Ia
ZTF21aajgdpo,SN II
ZTF21acudpir,SN Ia
ZTF24aasgohq,SN Ia
ZTF19aalveag,SN Ia
ZTF21aaekvbn,SN Ia
ZTF19aauvjws,SN Ia
ZTF20aakyqlh,SN Ia
ZTF18aavryhc,SN Ia
ZTF19aauishy,SN IIP
ZTF20aawbzlo,SN II
ZTF21acqzsml,SN Ia
ZTF21aajgdeu,SN IIP
ZTF23aacmdcv,SN Ia
ZTF24aajvsoi,SN Ia-norm
ZTF20aamqslk,SN Ia
ZTF22aajtaem,SN Ia
ZTF17aabtvsy,SN Ia
ZTF19acjnatv,SN Ia
ZTF21achtsjd,SN IIb
ZTF21acnfoqn,SN IIn
ZTF18aaegvyd,SN IIP
ZTF24aaabbse,SN II
ZTF18aaezzww,SN Ia
ZTF18acvdstg,SN
ZTF24aahoihk,SN Ia
ZTF19acxlcdz,SN Ia
ZTF23aaagncz,SN Ia
ZTF20acfkzcg,SN IIP
ZTF22abtslvh,SN Ia
ZTF23abdspgp,SN Ia
ZTF21abxhspf,SN Ia
ZTF24aafqxyz,SN Ia
ZTF20achpcvt,Tidal Disruption Event
ZTF23aaxvgor,SN Ia
ZTF19aazgdvh,SN Ia
ZTF22aaoskwd,SN Ia
ZTF18aaquvvq,SN IIb
ZTF20abdxoeu,SN IIP
ZTF23aadqctr,SN Ia
ZTF24aauekwz,SN Ia
ZTF20acwfanr,SN Ia
ZTF23aaizjbj,SN Ia
ZTF21aalxpnl,SN Ia
ZTF24aawxqjl,SN Ia
ZTF22aajigho,SN Ia
ZTF23aanxepa,SN Ia
ZTF24aakudig,SN Ia
ZTF18aatiudp,SN Ia
ZTF23aakrkjt,SN Ia
ZTF23aacdmqq,SN Ia
ZTF19aaujiwc,SN Ia
ZTF23aaraamx,SN II
ZTF23aaqmauw,SN IIn
ZTF18acqsztr,SN Ia
ZTF19acnskyy,Galactic Nuclei
ZTF19abacxwt,SN Ia
ZTF20acrcewc,SN Ia
ZTF24aajvmgm,SN Ia
ZTF20aatwisu,SN IIP
ZTF22abytupz,SN Ia
ZTF18aadlaxo,SN Ia
ZTF23aakaqht,SN Ia
ZTF21aajuerd,SN Ia
ZTF24aaidazw,SN Ia
ZTF18acpeemg,SN Ia
ZTF18aaaqexr,SN Ia
ZTF20acwpaov,SN Ia
ZTF21acqwbsn,SN Ia
ZTF18aawpbgm,SN Ia-norm
ZTF19acjnaxa,SN Ia
ZTF18aahpouv,SN I
ZTF20aaynavi,SN Ia
ZTF20aayngca,SN Ia
ZTF21abbzhvg,SN Ia
ZTF21aaloalc,SN Ia
ZTF19aarinmw,SN Ia
ZTF20aaurfwa,SN IIn
ZTF20aaruwbp,SN Ia
ZTF20aarvpbq,SN Ia
ZTF21abbxdcm,SN Ia-91T
ZTF19aavlfvn,SN I
ZTF19aawgfnn,SN Ia
ZTF18aasycak,SN Ia
ZTF24aagterj,SN Ic-SLSN
ZTF19aamhqow,SN Ia
ZTF18abkhcrj,SN Ia
ZTF21ablrhtk,SN Ia
ZTF21abvqrln,SN Ia
ZTF23aavaaox,SN Ia
ZTF18aazijke,SN Ia
ZTF18aahatvc,SN Ia
ZTF18aaovbiy,SN Ia
ZTF21abowpnd,SN Ia
ZTF21aajvvbn,SN Ia
ZTF20aaqzzyt,SN Ia
ZTF21aaabwfu,SN IIb
ZTF18aataafd,SN Ia
ZTF20acwpixx,SN Ia
ZTF19aarfksi,SN Ia
ZTF18abcryxz,SN Ia
ZTF21acngvxd,SN Ia
ZTF20aaowuim,SN Ia
ZTF22abuafhn,SN Ia
ZTF21aawlwoy,SN Ia
ZTF22aacwsjl,SN Ia
ZTF18aaceepu,SN Ia
ZTF18adaylyq,SN Ia
ZTF17aaazdba,Tidal Disruption Event
ZTF21aavxivm,SN Ia
ZTF19abiszzn,SN IIP
ZTF20aafckit,SN IIP
ZTF22abgpfwa,SN Ia
ZTF18ablrljh,SN Ia
ZTF20abxlwht,SN Ia
ZTF18abxbwwf,SN Ia
ZTF21acbvwej,SN Ia
ZTF19abcejsg,SN IIP
ZTF20abyxjvm,SN IIn
ZTF18acynmcp,SN Ia
ZTF20acwetyh,SN Ia
ZTF21abjbrrj,SN Ia
ZTF19aaputrv,SN Ia-02cx
ZTF22aafnqfz,SN Ia
ZTF21abhqhqb,SN II
ZTF18aayiono,SN Ia
ZTF21abifutc,SN Ia
ZTF19aavnxwj,SN Ia
ZTF19abcndvf,SN Ia
ZTF18abiirfq,SN Ia
ZTF21abdpios,SN Ia
ZTF20abcqpdj,SN Ia
ZTF21aarxsfm,SN Ia
ZTF18aahtjsc,SN Ia
ZTF24aahdigc,SN Ia
ZTF18aaemivw,SN Ia
ZTF22aagsmli,SN Ia
ZTF23aabnyfa,SN II
ZTF23abcegak,SN Ia
ZTF20aaifyfx,SN Ia
ZTF18abifioh,SN Ia
ZTF19abgppki,SN Ia
ZTF20abguygh,SN Ia
ZTF18aaqvuhl,SN Ia
ZTF18abeajml,SN IIP
ZTF20abrempf,SN Ia
ZTF19aaziick,SN Ia
ZTF19aalfsqm,SN Ic
ZTF20abeeahl,SN Ia
ZTF20aauwhyi,SN Ia
ZTF19aawwlxc,SN Ia
ZTF18aaxvpsw,SN Ia
ZTF18aaiiigm,SN Ia
ZTF22abanxam,SN Ia
ZTF18abixrei,SN Ia
ZTF22aasmgbb,SN Ia
ZTF18aasxvsg,SN IIP
ZTF20aaurjbj,SN IIP
ZTF18aaqkdwu,SN IIP
ZTF19aaxeetj,SN Ia
ZTF18aayyqia,SN Ia
ZTF24aahjhtv,SN Ia
ZTF20acpbbqf,SN Ia
ZTF19aavnwtf,SN Ia
ZTF18aamvfeb,SN Ia
ZTF23aaiwlzm,SN Ia
ZTF18abetejo,SN Ia
ZTF19aayogzn,SN Ia
ZTF22aaqzqzk,SN Ia
ZTF18abwmuua,SN Ia
ZTF23aaqnhjp,SN Ia
ZTF20aaqtlwo,SN Ic
ZTF20abcjdwu,SN Ic-BL
ZTF18aawgrxz,SN II
ZTF23aaakutq,SN Ia
ZTF19aanxnkd,SN Ia
ZTF18aaqkjuw,SN Ia
ZTF20abzumlr,SLSN-I
ZTF18aazjflo,SN II
ZTF18aaqehoc,SN Ia
ZTF21aagtcgb,SN Ia
ZTF19abjslyw,SN Ia
ZTF18aahwhbk,SN Ia
ZTF19actfxcd,SN IIP
ZTF21acpocmd,SN Ia
ZTF23aaahegu,SN Ia
ZTF19abylxyt,SN Ia
ZTF23aavxvsz,SN Ia
ZTF23aaaypgq,SN Ia
ZTF22aadpffd,SN Ia
ZTF23aagqyym,SN II
ZTF18aadsuxd,SN II
ZTF18acbzpxx,SN Ia
ZTF20aaupkac,SN Ia
ZTF21acefbte,SN Ia
ZTF17aadlxmv,SN Ia
ZTF20aawjbsf,SN IIP
ZTF23aaelgnd,SN Ia
ZTF24aaabybk,SN Ic
ZTF24aasmghi,SN Ia
ZTF21abxzzys,SN Ia
ZTF20aafclqz,SN IIP
ZTF18abobkii,SN Ia
ZTF19abzmpvb,SN Ia
ZTF18aatezaj,SN Ia
ZTF19aapqqrb,SN Ia
ZTF18abgqkpc,SN Ia
ZTF21aazybsh,SN II
ZTF22abarhid,SN Ia
ZTF23abhyxpr,SN Ib
ZTF22abxmdxh,SN Ia
ZTF23abqbjjb,SN II
ZTF24aazqavh,SN Ic-BL
ZTF19acfuzwh,SN Ib/c
ZTF18aaunfqq,SN Ia
ZTF24aamilir,SN Ia
ZTF22abgvnle,SN Ia-02cx
ZTF18ablqlzp,SN Ia
ZTF18aatwqed,SN Ia
ZTF18aatgdph,SN Ia
ZTF18aaizerg,SN Ia
ZTF22abfvxlz,SN Ia
ZTF20ablqbvc,SN Ia
ZTF19aamtwwv,SN Ia
ZTF18aavrmlf,SN Ia
ZTF24aakfgvg,SN Ia
ZTF20acgkbkm,SN IIb
ZTF19adcetym,SN Ia
ZTF21acidhhs,SN Ia
ZTF22aahwcya,SN Ia
ZTF23aaczpmh,SN Ia
ZTF22abnmpwx,SN Ia
ZTF21aavhnpk,SN II
ZTF22abfuoce,SN Ia
ZTF18aabdajx,Tidal Disruption Event
ZTF22aaopawk,SN Ia
ZTF21aantxma,SN Ia
ZTF20acphdbu,SN Ia
ZTF22abyszwg,SN Ia
ZTF20acvkqxy,SN Ia
ZTF22aabqtrq,SN Ia
ZTF18aafzers,SN Ia-pec
ZTF21aamkxbl,SN Ia
ZTF20aacedmi,SN Ia
ZTF22aaafnry,SN Ia
ZTF19aanbojt,SN Ia
ZTF20aahdwze,SN Ia
ZTF24aaeczdw,SN Ib
ZTF20aalejtl,SN Ia
ZTF23aadmwpn,SN Ia
ZTF17aacldgo,SN Ia
ZTF18aabssth,SN IIP
ZTF18aabtxvd,Tidal Disruption Event
ZTF18aabxlsv,SN Ib
ZTF18aadxnul,SN Ia-norm
ZTF18aaexyql,SN Ib
ZTF18aafdigb,SN Ia
ZTF18aafpfwr,SN Ia
ZTF18aagpzjk,SN IIP
ZTF18aagrdcs,SN Ib
ZTF18aagrtxs,SN Ia
ZTF18aagstdc,SN Ia
ZTF18aahesrp,SN Ia
ZTF18aahfzea,SN Ia
ZTF18aahhqih,SN IIP
ZTF18aahhzqn,SN Ib
ZTF18aahmhxu,SN II
ZTF18aahpbwz,SN Ib
ZTF18aahptcq,SN Ia
ZTF18aahqmsr,SN Ia
ZTF18aailmnv,SN Ia
ZTF18aaisyyp,SLSN-I
ZTF18aaiwzie,SN Ia
ZTF18aajivpr,SN Ia
ZTF18aakecej,SN Ia
ZTF18aakiwbs,SN Ia
ZTF18aamftst,SN IIn
ZTF18aanjzkp,SN Ib
ZTF18aankxqv,SN Ia
ZTF18aanygjk,SN Ia
ZTF18aaoxrup,SN Ia
ZTF18aapgrxo,SLSN-I
ZTF18aapifti,SN IIP
ZTF18aaqcugm,SN Ia
ZTF18aaqfqaa,SN IIP
ZTF18aaqjovh,SN Ic-BL
ZTF18aaqkcso,SN Ia
ZTF18aaqldvl,SN Ia
ZTF18aaqskoy,SN Ia
ZTF18aarasof,SN IIn
ZTF18aarbaba,SN Ia
ZTF18aarnbhk,SN Ia
ZTF18aaroihe,SN Ia
ZTF18aartjmf,SN Ia
ZTF18aartjod,SN II
ZTF18aarunub,SN Ia
ZTF18aarwxum,SN Ia
ZTF18aarxzmv,SN Ia
ZTF18aaslhxt,SN Ia
ZTF18aasycpd,SN IIb
ZTF18aaszvfn,SN II
ZTF18aatiffa,SN Ia
ZTF18aatjlhe,SN IIP
ZTF18aatlfus,SN IIP
ZTF18aatmlsy,SN Ia
ZTF18aatrtkc,SN Ia
ZTF18aatyqds,SN IIP
ZTF18aauenwu,SN IIn
ZTF18aauizcr,SN Ia
ZTF18aaumeys,SN Ia
ZTF18aauvmnq,SN Ia
ZTF18aauworo,SN Ia
ZTF18aauxltf,SN Ia
ZTF18aauxzle,SN IIP
ZTF18aavjnfx,SN Ia
ZTF18aavnvmp,SN Ia
ZTF18aavrwhu,SN Ia
ZTF18aavrzxp,SN Ia
ZTF18aavskep,SN IIn
ZTF18aavuzhe,SN Ia
ZTF18aavvnzu,SN Ia
ZTF18aawczad,SN Ia
ZTF18aawdpnm,SN Ia
ZTF18aawitoj,SN Ia-norm
ZTF18aawitry,SN Ia
ZTF18aawjywv,SN Ia
ZTF18aawlfnj,SN Ia
ZTF18aawmeiw,SN Ia
ZTF18aawpcel,SN Ia
ZTF18aawseij,SN Ia
ZTF18aawurud,SN Ia
ZTF18aawxlxf,SN Ia
ZTF18aawyjjq,SN IIP
ZTF18aawzens,SN Ia
ZTF18aaxavsk,SN Ia
ZTF18aaxcntm,SN Ia
ZTF18aaxcxih,SN Ia
ZTF18aaxdrjn,SN Ia
ZTF18aaxhcam,SN Ia-norm
ZTF18aaxiuyp,SN Ic
ZTF18aaxkfos,SN Ia
ZTF18aaxkjmm,SN Ia
ZTF18aaxkqgy,SN IIP
ZTF18aaxmhvk,SN Ic
ZTF18aaxmixe,SN Ia
ZTF18aaxnkos,SN Ia
ZTF18aaxtcdm,SN Ia
ZTF18aaxwjmp,SN Ia
ZTF18aaxxewy,SN Ia
ZTF18aaxxfah,SN Ia
ZTF18aaxxfgs,SN IIn
ZTF18aaygwqd,SN Ib
ZTF18aayiahw,SN Ia
ZTF18aayivxm,SN Ia
ZTF18aayjvve,SN Ia
ZTF18aaykmzg,SN Ia
ZTF18aaylbjm,SN Ia
ZTF18aaylcvo,SN Ia
ZTF18aaytovs,SN Ia
ZTF18aayxupv,SN Ia
ZTF18aayyxxp,SN IIP
ZTF18aazxthg,SN Ia
ZTF18abaelhi,SN IIP
ZTF18abakjgq,SN Ia
ZTF18abbodly,SN Ia
ZTF18abbpeqo,SN Ia
ZTF18abbpxik,SN IIP
ZTF18abbqjds,SN Ia
ZTF18abbvsiv,SN Ia
ZTF18abceakp,SN IIP
ZTF18abcecfi,SN Ia
ZTF18abcezmh,SN IIP
ZTF18abcfcoo,SN
ZTF18abcfdzu,SN IIn
ZTF18abcflnz,SN Ia
ZTF18abcicrq,SN Ia
ZTF18abckujg,SN Ia
ZTF18abclfee,SN Ia-02cx
ZTF18abcpmwh,SN IIP
ZTF18abcpolh,SN Ia
ZTF18abcptmt,SN IIP
ZTF18abcrtnq,SN Ia
ZTF18abcrxoj,SN Ia
ZTF18abcrzfz,SN Ia
ZTF18abcsgvj,SN Ia
ZTF18abcvush,SN Ia
ZTF18abcxyjp,SN Ia
ZTF18abcyhju,SN IIb
ZTF18abcyilc,SN Ia
ZTF18abcysdx,SN Ia
ZTF18abcyues,SN IIP
ZTF18abdbuty,SN Ia
ZTF18abdcfgz,SN Ia
ZTF18abdcudb,SN Ia
ZTF18abddrhd,SN Ia
ZTF18abdefet,SN Ia
ZTF18abdfaqi,SN Ia
ZTF18abdfazk,SN Ia
ZTF18abdffeo,SN Ib/c
ZTF18abdfwur,SN Ia
ZTF18abdfydj,SN Ia
ZTF18abdgwxn,SN Ia
ZTF18abdhsfc,SN Ia
ZTF18abdiqdh,SN Ia
ZTF18abdiwpt,SN Ia
ZTF18abdjmfh,SN IIP
ZTF18abdkimx,SN Ia
ZTF18abdkkwa,SN Ic
ZTF18abdmlya,SN IIb
ZTF18abdnffn,SN Ia
ZTF18abdpvnd,SN Ia-03fg
ZTF18abdrbqp,SN IIP
ZTF18abdrmin,SN Ia
ZTF18abeaipj,SN Ia
ZTF18abebzog,SN Ia
ZTF18abecbks,SN Ic
ZTF18abeecwe,SN Ia
ZTF18abeegsl,SN Ia
ZTF18abespgb,SN Ia
ZTF18abesqnb,SN IIb
ZTF18abetehf,SN Ia
ZTF18abetewu,SN Ia
ZTF18abeyqpr,SN Ic
ZTF18abfbbyh,SN Ia
ZTF18abfchzq,SN Ia
ZTF18abfcsjs,SN Ia-91T
ZTF18abfdupq,SN Ia
ZTF18abfeyey,SN Ia
ZTF18abffdpa,SN Ia
ZTF18abfgygp,SN Ia
ZTF18abfhaji,SN Ia
ZTF18abfwuwn,SN Ia
ZTF18abfzhct,SN Ic
ZTF18abfzixe,SN IIP
ZTF18abgkjff,SN Ia
ZTF18abgladq,SN IIP
ZTF18abgledy,SN Ia
ZTF18abgosbg,SN Ia
ZTF18abgrbjb,SN IIb
ZTF18abgxvra,SN Ia
ZTF18abgzkmf,SN IIP
ZTF18abhgrff,SN Ia
ZTF18abhhnnv,SN Ic-BL
ZTF18abhhxcp,SN Ia
ZTF18abhpzig,SN Ia
ZTF18abhqdpv,SN Ia
ZTF18abhxhtu,Stellar variable
ZTF18abhxidv,SN Ia
ZTF18abiczpm,SN Ia
ZTF18abiinnl,SN Ia
ZTF18abiiqdl,SN IIP
ZTF18abilofa,SN Ia
ZTF18abimhfu,SN IIP
ZTF18abimsyv,SN Ia
ZTF18abixkdo,SN Ia-91bg
ZTF18abixkjh,SN Ia
ZTF18abiybfq,SN Ia
ZTF18abjdjge,SN Ia
ZTF18abjgyyr,SN Ia
ZTF18abjijwk,SN Ia
ZTF18abjkryl,SN IIP
ZTF18abjqmqt,SN Ia
ZTF18abjrbza,SN Ic
ZTF18abjrfqx,SN Ia
ZTF18abjrznx,SN Ia-91bg
ZTF18abjstcm,SN Ia
ZTF18abjtger,SN Ia
ZTF18abjvhec,SN Ia
ZTF18abjvzxx,SN Ia
ZTF18abjwahi,SN Ia
ZTF18abjyime,SN Ia
ZTF18abjyjdz,SN Ib
ZTF18abjyuoj,SN Ia
ZTF18abkhbra,SN Ia
ZTF18abkhcwl,SN Ia
ZTF18abkifng,SN Ia
ZTF18abkjnqy,SN Ic
ZTF18abklarx,SN Ic-BL
ZTF18abkmbpy,SN
ZTF18abktmfz,SN Ib
ZTF18abktphg,SN Ia
ZTF18abkudjo,SN Ia
ZTF18ablhvfr,SN Ia
ZTF18ablmflp,SN Ia
ZTF18ablqjul,SN Ia
ZTF18ablqkud,SN Ia
ZTF18ablqqqp,SN Ia
ZTF18abltaxf,SN Ia
ZTF18abltdfj,SN Ia-91bg
ZTF18abltdkd,SN Ia
ZTF18ablwafp,SLSN-I
ZTF18ablwtkf,SN Ia
ZTF18abmdpwe,SN IIP
ZTF18abmjvpb,SN Ia
ZTF18abmjyvo,SN Ia
ZTF18abmkaps,SN Ia
ZTF18abmmdif,SN Ia
ZTF18abmmkaz,SN Ia
ZTF18abmnrgb,SN Ia
ZTF18abmrhom,SN Ia
ZTF18abmwnov,SN Ia
ZTF18abmxahs,SN Ia
ZTF18abmxdhb,SN Ia
ZTF18abmxfrc,SN Ia
ZTF18abmxmsv,SN Ia
ZTF18abncdhd,SN Ia
ZTF18abncimo,SN Ia
ZTF18abntsgz,SN Ia
ZTF18abnuzzt,Novae
ZTF18abnxhmc,SN Ia
ZTF18abnygkb,SN Ia
ZTF18abnzlai,SN IIP
ZTF18aboebsg,SN Ia
ZTF18abojpnr,SN IIb
ZTF18abokpvh,SN Ia
ZTF18abomklq,SN Ia
ZTF18aboqykf,SN Ia
ZTF18abosrco,SN Ia
ZTF18abotcjv,SN Ia
ZTF18abotdef,SN Ia
ZTF18abpamut,SN Ia
ZTF18abpaywm,SN Ia
ZTF18abpmmpo,SN Ia
ZTF18abpttky,SN Ia
ZTF18abqbuaj,SN Ibn
ZTF18abqdadp,SN Ia
ZTF18abqjurg,SN Ia
ZTF18abqlpgq,SN Ia
ZTF18abqtnbk,SN Ic-BL
ZTF18abqxaqe,SN Ia
ZTF18abqyvzy,SN IIP
ZTF18abrcvbu,SN Ia
ZTF18abrfchj,SN Ic
ZTF18abrlljc,SN IIP
ZTF18abrqedj,SN Ia
ZTF18abryqnn,SN Ia
ZTF18abrytwr,SN Ia
ZTF18abrzbum,SN IIP
ZTF18abrzbyt,SN Ia
ZTF18abrzcgl,SN Ia
ZTF18abrzeym,SN Ia
ZTF18absbgqd,SN IIP
ZTF18absclsr,SN IIP
ZTF18abscyji,SN IIP
ZTF18abscyjj,SN IIP
ZTF18absdgon,SN Ia
ZTF18absdxpk,SN Ia
ZTF18absgnbm,SN IIP
ZTF18absgnio,SN Ia
ZTF18abshezu,SLSN-I
ZTF18abshtdj,SN Ia
ZTF18abskove,SN Ia
ZTF18abskoyh,SN IIP
ZTF18abskzjm,SN Ia
ZTF18absldfl,SN IIP
ZTF18absliyc,SN Ic
ZTF18absnqyo,SN Ia
ZTF18absoomk,SN Ia
ZTF18abspqsn,SN Ia
ZTF18absqhza,SN Ia
ZTF18absspcp,SN Ia
ZTF18absstyb,SN Ia
ZTF18abssuxz,SN Ia
ZTF18absyyig,SN Ia
ZTF18abtfrbf,SN Ia
ZTF18abtfvsk,SN Ia
ZTF18abtmbaz,SN Ia
ZTF18abtmtfy,SN Ia
ZTF18abtnlik,SN Ia
ZTF18abtogdl,SN Ia
ZTF18abtrknw,SN IIP
ZTF18abtrvkm,SN Ia
ZTF18abtswjk,SN IIn
ZTF18abtxvhy,SN Ia
ZTF18abtzzka,SN Ia
ZTF18abucvbf,SN Ia
ZTF18abugthp,SN Ia
ZTF18abuhzfc,SN Ia
ZTF18abuicad,SN II
ZTF18abujbio,SN Ia
ZTF18abujnlz,SN Ia
ZTF18abulkrl,SN Ia
ZTF18abuncpe,SN Ia
ZTF18abupgps,SN Ia
ZTF18abupiap,SN Ia
ZTF18abuqhje,SN IIP
ZTF18abuykiu,SN Ia
ZTF18abvejqt,SN IIP
ZTF18abvfecb,SN IIP
ZTF18abvfjwt,SN Ic-BL
ZTF18abvgivy,SN IIP
ZTF18abvgjft,SN IIP
ZTF18abvgjgb,SN IIn
ZTF18abvgjyl,SLSN-I
ZTF18abvglon,SN Ia
ZTF18abvkmgw,SN IIP
ZTF18abvlchy,SN Ia
ZTF18abvmlow,SN IIP
ZTF18abvptts,SN Ia
ZTF18abvsvjs,SN Ia
ZTF18abvtrnc,SN Ia
ZTF18abvvmdf,SN IIP
ZTF18abvxoty,SN IIP
ZTF18abvxqtp,SN Ia
ZTF18abwbaim,SN Ia
ZTF18abwckzf,SN Ia
ZTF18abwclem,SN Ia
ZTF18abwdcdv,SN Ia
ZTF18abwerpm,SN Ia
ZTF18abwisaz,SN II
ZTF18abwkrbl,SN IIb
ZTF18abwktmm,SN Ia
ZTF18abwkzuc,SN Ia
ZTF18abwlsoi,SN IIP
ZTF18abwwfyo,SN Ia
ZTF18abwxhjo,SN Ia
ZTF18abxbhov,SN IIn
ZTF18abxbmcl,SN IIP
ZTF18abxbmqh,SLSN-II
ZTF18abxbugc,SN Ia
ZTF18abxdkni,SN Ia
ZTF18abxdtyz,SN IIP
ZTF18abxftqm,Tidal Disruption Event
ZTF18abxhaop,SN Ia
ZTF18abxhsyn,SN Ia
ZTF18abxmxbh,SN Ia
ZTF18abxoqkd,SN Ia
ZTF18abxqemv,SN IIP
ZTF18abxroxl,SN Ia
ZTF18abxtvqc,SN Ia
ZTF18abxxssh,SN Ia
ZTF18abxygvv,SN Ia
ZTF18abxzitr,SN Ia
ZTF18abykswp,SN Ia
ZTF18abyvenk,SN IIP
ZTF18abywcnl,SN Ia
ZTF18abyxwrf,SN Ia
ZTF18abyzksx,SN Ia
ZTF18abyzlhn,SN Ia
ZTF18abzbkby,SN Ia
ZTF18abzpbpi,SN Ia
ZTF18abzrgim,SN IIP
ZTF18abzscns,SN IIP
ZTF18abzwdsj,SN Ia
ZTF18abzzkyg,SN Ia
ZTF18acacnmr,SN Ia
ZTF18acaeous,SN Ia
ZTF18acaezsx,SN Ia
ZTF18acahuph,SN Ia
ZTF18acahvwm,SN IIb
ZTF18acaimrb,SN Ic-BL
ZTF18acaipdc,SN Ia
ZTF18acajzuh,SN Ia
ZTF18acakwsu,SN IIP
ZTF18acapyww,SLSN-I
ZTF18acaqcdg,SN Ia
ZTF18acaqdaa,Tidal Disruption Event
ZTF18acarupz,SN Ia
ZTF18acaszeh,SN Ia
ZTF18acaucsw,SN Ia
ZTF18acbudzh,SN Ia
ZTF18acbudzo,SN Ia
ZTF18acbuemc,SN IIP
ZTF18acbufud,SN Ia
ZTF18acbujhw,SN Ia
ZTF18acbvahw,SN Ib
ZTF18acbvbox,SN Ia
ZTF18acbvcmw,SN Ia
ZTF18acbvgqw,SN Ia
ZTF18acbvgtu,SN Ia
ZTF18acbvhfl,SN II
ZTF18acbvhit,SN IIP
ZTF18acbvnen,SN Ia
ZTF18acbvpzj,SN Ic-BL
ZTF18acbwaax,SN Ia
ZTF18acbwasl,SN Ia
ZTF18acbwavp,SN Ia
ZTF18acbwaxk,SN IIP
ZTF18acbwazl,SN Ca-rich
ZTF18acbwchi,SN Ia
ZTF18acbwglb,SN IIP
ZTF18acbwglw,SN Ia
ZTF18acbwiic,SN Ia
ZTF18acbwlpj,SN Ia
ZTF18acbwopo,SN IIP
ZTF18acbwppb,SN Ia
ZTF18acbwtmf,SN Ia
ZTF18acbwtng,SN IIP
ZTF18acbwtnh,SN Ia
ZTF18acbwvsp,SN IIn
ZTF18acbwxcc,SN Ic-BL
ZTF18acbwxgn,SN Ia
ZTF18acbwxou,SN Ia
ZTF18acbwymh,SN Ia
ZTF18acbxhui,SN Ia
ZTF18acbxkpa,SN Ia
ZTF18acbxmvy,SN Ia
ZTF18acbxrdw,SN Ia
ZTF18acbxrrx,SN Ia
ZTF18acbxsap,SN Ia
ZTF18acbxsge,SN Ia
ZTF18acbxudr,SN IIP
ZTF18acbygcu,SN Ia
ZTF18acbznkf,SN Ia
ZTF18acbznvp,SN Ia
ZTF18acbzvpg,SN IIb
ZTF18accaqrr,SN Ib
ZTF18accbppp,SN Ia
ZTF18accbwow,SN IIP
ZTF18accdxpa,SN Ia
ZTF18accdzju,SN IIn
ZTF18acceaem,SN Ib/c
ZTF18acceprh,SN Ia
ZTF18accfjmp,SN IIP
ZTF18acchvwh,SN Ia
ZTF18acchzkf,SN Ia
ZTF18accjecm,SN Ia
ZTF18accjqzu,SN Ia
ZTF18acckoil,SN Ia
ZTF18accmkud,SN IIP
ZTF18accnbgw,SN Ia
ZTF18accndxn,SN Ia
ZTF18accngee,SN Ia
ZTF18accngxc,SN IIP
ZTF18accnlji,SN Ia
ZTF18accnmri,SN IIP
ZTF18accnoli,SN IIb
ZTF18accpjkb,SN Ia
ZTF18accqcab,SN Ia
ZTF18accrorf,SN Ia
ZTF18accwjiu,SN Ia
ZTF18acdvrfu,SN IIP
ZTF18acdvvej,SN Ia
ZTF18acdwazf,SN Ia
ZTF18acdwuhy,SN Ia
ZTF18acdxhus,SN Ia
ZTF18acdzzyf,SN Ia
ZTF18aceathd,SN Ia
ZTF18acebefc,SN Ia
ZTF18acebssa,SN IIP
ZTF18acehilk,SN Ia
ZTF18acemhyb,SN Ia
ZTF18acetmam,SN
ZTF18aceyjco,SN Ia
ZTF18aceynvm,SN Ia
ZTF18acfwmqj,SN Ia
ZTF18achbllm,SN Ia
ZTF18achcpwu,SN Ic
ZTF18achjcwv,SN Ia
ZTF18achmxsx,SN Ia
ZTF18achtnvk,SN IIP
ZTF18achxcsh,SN Ia
ZTF18achyqcq,SN Ia
ZTF18acisruf,SN Ib/c
ZTF18acmvcme,SN Ia
ZTF18acmwptq,SN Ia
ZTF18acmxkzj,SN Ia
ZTF18acmyxfx,SN Ia
ZTF18acmznfc,SN Ia
ZTF18acmzpbf,SN Ia
ZTF18acnbeuu,SN Ia
ZTF18acnbgpw,SN Ia
ZTF18acnbgrb,SN Ia
ZTF18acnbpkq,SN Ia
ZTF18acnmifq,SN IIP
ZTF18acnncve,SN Ib
ZTF18acnnxor,SN Ia
ZTF18acpefgk,SN Ia
ZTF18acpfwmm,SN Ia
ZTF18acppddp,SN
ZTF18acpscso,SN Ia
ZTF18acqphpd,SN Ic-BL
ZTF18acqpobb,SN Ia
ZTF18acqppuj,SN IIP
ZTF18acqpqph,SN Ia
ZTF18acqqyah,SN Ia
ZTF18acqsqrg,SN IIP
ZTF18acqsqry,SN Ia
ZTF18acqsroy,SN IIP
ZTF18acqwdla,SN IIP
ZTF18acqxcga,SN Ia
ZTF18acqxwgl,SN Ia
ZTF18acrcetn,SN Ia
ZTF18acrcgyb,SN Ia
ZTF18acrcizr,SN Ia
ZTF18acrcogn,SN IIP
ZTF18acrcyqw,SN IIP
ZTF18acrdciw,SN Ia
ZTF18acrfklz,SN Ia
ZTF18acrflch,SN IIP
ZTF18acrhehl,SN IIP
ZTF18acrknyn,SN Ia
ZTF18acrlmvt,SN Ia
ZTF18acrncou,SN Ia
ZTF18acrnfww,SN Ia
ZTF18acrtvmm,SN IIP
ZTF18acrtykk,SN Ia
ZTF18acrvakb,SN Ia
ZTF18acrygtk,SN IIP
ZTF18acskxpn,SN Ia
ZTF18acslbve,SN Ia
ZTF18acslhcq,SN Ia
ZTF18acslpba,SN Ia
ZTF18acsofdh,SN Ia
ZTF18acsohut,SN Ia
ZTF18acsouxk,SN Ia
ZTF18acsovsw,SN Ia
ZTF18acsoyiu,SN Ia
ZTF18acspjqd,SN Ia
ZTF18acsvycn,SN IIP
ZTF18acsxpmp,SN Ia
ZTF18acsxusq,SN Ia
ZTF18acsxvrp,SN Ia
ZTF18acsxwdi,SLSN-II
ZTF18acsyanq,SN Ia
ZTF18acsyaye,SN IIP
ZTF18acsycnc,SN Ia
ZTF18acsyzca,SN Ia
ZTF18acszayr,SN IIn
ZTF18actacux,SN Ia
ZTF18actxlzv,SN
ZTF18acuefvt,SN Ia
ZTF18acuimze,SN Ia
ZTF18acuixmb,SN Ia
ZTF18acurfxn,SN Ia
ZTF18acuring,SN IIP
ZTF18acurlbj,SN Ia
ZTF18acurlbt,SN Ia
ZTF18acusbdy,SN Ia
ZTF18acusbyf,SN Ia
ZTF18acuscgc,SN Ia
ZTF18acuscrr,SN Ia
ZTF18acusegd,SN Ia
ZTF18acusueb,SN Ia
ZTF18acvcxnc,SN Ia
ZTF18acvguyi,SN Ia
ZTF18acvilwk,SN IIP
ZTF18acvjnst,SN Ia
ZTF18acvrfvv,SN Ia
ZTF18acvwbos,SN Ia-02cx
ZTF18acvwcgq,SN I
ZTF18acvwchp,SN Ia
ZTF18acvwcig,SN Ia
ZTF18acvweal,SN Ia
ZTF18acvwmpw,SN Ia
ZTF18acwutbr,SN Ia
ZTF18acwwkyu,SN
ZTF18acwwonp,SN Ia
ZTF18acwwowy,SN Ia
ZTF18acwyowc,SN Ia
ZTF18acwyqeg,SN Ia
ZTF18acwzxhr,SN IIP
ZTF18acwzyor,SN IIn
ZTF18acxgoki,SN I
ZTF18acxhvkv,SN Ia
ZTF18acxijqw,SN Ia
ZTF18acxwtyx,SN Ia
ZTF18acyarki,SN Ia
ZTF18acybdar,SN Ia
ZTF18acyctqi,SN Ia
ZTF18acynoro,SN Ia
ZTF18acyyhgi,SN Ia
ZTF18aczbgpm,SN Ia
ZTF18aczbkqp,S Doradus
ZTF18aczcumi,SN Ib
ZTF18aczdtgn,SN Ia
ZTF18aczeesl,SN Ia
ZTF18aczemzj,SN Ia
ZTF18aczeraq,SN Ia
ZTF18aczotxi,SN Ia
ZTF18aczpgmi,SN Ia
ZTF18aczqtpt,SN Ia
ZTF18aczqzrj,SN Ic
ZTF18aczzrkn,SN Ia
ZTF18adachwf,SN IIP
ZTF18adacicy,SN IIP
ZTF18adaimlf,SN Ia
ZTF18adalgmc,SN Ia
ZTF18adalhga,SN IIP
ZTF18adathpb,SN Ia-91bg
ZTF18adaykvg,SN Ic
ZTF18adazblo,SN IIP
ZTF18adbadfz,SN IIP
ZTF18adbadqp,SN Ia
ZTF18adbbhww,SN Ia
ZTF18adbckox,SN Ia
ZTF18adbclkd,SN IIP
ZTF18adbntwo,SN Ia
ZTF18adcdcrd,SN Ia
ZTF19aaagfme,SN Ia
ZTF19aacnxvc,SN IIP
ZTF19aacxrab,SLSN-I
ZTF19aadnmgf,SN Ia
ZTF19aadnxnl,SN IIP
ZTF19aadooun,SN Ia
ZTF19aadyiao,SN IIb
ZTF19aadypig,SN IIP
ZTF19aaeopgw,SN II
ZTF19aaevbqz,AGN
ZTF19aaezale,SN IIn
ZTF19aaezwmr,SN Ia
ZTF19aafmhcl,SN Ia
ZTF19aafncsv,SN Ia
ZTF19aafnend,SN IIn
ZTF19aafnfyc,SN Ia
ZTF19aahsgka,SN Ia
ZTF19aahsnmq,SN Ia
ZTF19aahuian,SN Ia
ZTF19aahulyd,SN Ia
ZTF19aailltc,SN Ia
ZTF19aailqli,SN Ia
ZTF19aajwdqt,SN Ia
ZTF19aajwhbc,SN Ia
ZTF19aajxhwa,SN Ia
ZTF19aajxwnz,SN Ia
ZTF19aakirwj,SN Ib
ZTF19aakisjl,SN Ia
ZTF19aakiwxx,SN Ia
ZTF19aakiyly,SN Ia
ZTF19aakjesi,SN Ia
ZTF19aakkrqu,SN IIP
ZTF19aakkths,SN IIb
ZTF19aaklbok,SN Ia
ZTF19aaklquv,SN Ia
ZTF19aaknate,SN IIb
ZTF19aaknemm,SN Ia
ZTF19aaknqmp,SLSN-I
ZTF19aakoasy,SN Ia
ZTF19aakocxy,SN Ia
ZTF19aakpcfi,SN Ia
ZTF19aakphow,SLSN-II
ZTF19aakpmqg,SN IIP
ZTF19aakpmry,SN Ia
ZTF19aakrawk,SN Ia
ZTF19aakrhzj,SN Ia
ZTF19aakrnqh,SN Ia
ZTF19aakrsuo,SN IIP
ZTF19aaksrgj,SN Ia
ZTF19aakssnv,SN IIP
ZTF19aakswrb,Tidal Disruption Event
ZTF19aaksxgp,SN IIn
ZTF19aaktdid,SN Ia
ZTF19aakthjl,SN Ia
ZTF19aaktpns,SN Ia
ZTF19aakxwqu,SN Ia
ZTF19aakzash,SN IIP
ZTF19aaladlt,SN II-pec
ZTF19aalafip,SN Ia
ZTF19aalahqa,SN Ib
ZTF19aalckuo,SN Ia
ZTF19aalcwjt,SN Ia
ZTF19aalemmz,SN Ia
ZTF19aaleptm,SN Ia
ZTF19aalfxyi,SN Ia
ZTF19aallimd,SN IIP
ZTF19aalouag,SN Ib
ZTF19aalrtfm,SN Ia
ZTF19aalsnbp,SN IIP
ZTF19aalubxw,SN IIP
ZTF19aaluprf,SN Ia
ZTF19aalxlpp,SN Ia
ZTF19aalyleg,SN Ia
ZTF19aalzmio,SN Ia
ZTF19aalzmiu,SN Ia
ZTF19aalzrrz,SN Ia
ZTF19aalztms,SN IIP
ZTF19aamfxby,SN Ia
ZTF19aamgghn,SN Ib
ZTF19aamggmk,SN IIP
ZTF19aamggnw,SN IIP
ZTF19aamgjtz,SN Ia
ZTF19aamgokq,SN Ia
ZTF19aamhgwm,SN IIP
ZTF19aamhhae,SN Ia
ZTF19aamhhey,SN Ia
ZTF19aamhhyo,SN Ia
ZTF19aamhlnl,SN Ia
ZTF19aamjvie,SN Ia
ZTF19aamkfvy,SN IIP
ZTF19aamkfxb,SN Ia
ZTF19aamkmxv,SN IIn
ZTF19aamkywr,SN Ia
ZTF19aamljom,SN IIP
ZTF19aamoidt,SN Ia
ZTF19aamoqxy,SN Ia
ZTF19aamowaf,SN IIP
ZTF19aampqcq,SN Ia
ZTF19aampyum,SN Ia
ZTF19aamqebl,SN Ia
ZTF19aamqlyl,SN Ia
ZTF19aamrais,SLSN-II
ZTF19aamsetj,SN Ic
ZTF19aamsnhu,SN Ia
ZTF19aamtima,SN Ia
ZTF19aamtwiz,SN IIP
ZTF19aamvape,SN IIP
ZTF19aamwyzl,SN Ia
ZTF19aanbfaw,SN Ia
ZTF19aandjiw,SN IIP
ZTF19aanejfr,SN Ia
ZTF19aanesxt,SN Ia
ZTF19aanfnvl,SN IIP
ZTF19aanfqug,SN IIn
ZTF19aanfukh,SN Ic
ZTF19aangier,SN Ia
ZTF19aanhgqg,SN Ia
ZTF19aanhhal,SN IIP
ZTF19aanhlxe,SN Ia
ZTF19aanhlzi,SN Ia
ZTF19aanhlzn,SN Ia
ZTF19aanijpu,SN Ic
ZTF19aaniore,SN IIP
ZTF19aanircs,SN Ia
ZTF19aanirdx,SN Ia
ZTF19aanjjgr,SN Ia
ZTF19aanjjhk,SN Ia
ZTF19aanjlwx,SN Ia
ZTF19aanlekq,SN IIP
ZTF19aanmclt,SN Ia
ZTF19aanmdsr,SN Ia
ZTF19aanonjt,SN Ia
ZTF19aanovps,SN IIP
ZTF19aanpcep,SN IIP
ZTF19aanramr,SN Ia
ZTF19aanrrqu,SN IIP
ZTF19aansyyn,SN Ia
ZTF19aanuhox,SN Ia
ZTF19aanuipj,SN Ia
ZTF19aanuipr,SN Ia
ZTF19aanwwlo,SN Ia
ZTF19aanxgrz,SN Ia
ZTF19aanxosu,SN Ia
ZTF19aanxrkt,SN Ia
ZTF19aanxufb,SN Ia
ZTF19aanydko,SN Ia
ZTF19aanyubf,SN Ia
ZTF19aanyuyh,SN Ia
ZTF19aaoaaap,SN Ia
ZTF19aaocbes,SN Ia
ZTF19aaohyqj,SN Ia
ZTF19aaokist,SN Ia
ZTF19aaomkvl,SN Ia
ZTF19aaoxvfe,SN Ib
ZTF19aaoyech,SN Ia
ZTF19aaoyjoz,SN Ia
ZTF19aaozpew,SN Ia
ZTF19aaozplq,SN Ia
ZTF19aaozsuh,SN IIn
ZTF19aaozugz,SN IIP
ZTF19aapadxs,SN IIb
ZTF19aapafit,SN IIP
ZTF19aapbfot,SN IIP
ZTF19aapbgmp,SN Ia
ZTF19aapbgty,SN Ia
ZTF19aapceyj,SN Ic
ZTF19aapcftv,SN Ia
ZTF19aapcnzi,SN IIP
ZTF19aapcoqg,SN Ia
ZTF19aapcvxi,SN Ia
ZTF19aapcwdq,SN Ia
ZTF19aapcxiy,SN Ia
ZTF19aapdkza,SN Ia
ZTF19aapeime,SN Ia
ZTF19aapemqu,SN Ia
ZTF19aapfktd,SN Ia
ZTF19aapfnym,SN IIP
ZTF19aaphifl,SN Ia
ZTF19aaphmto,SN Ia
ZTF19aaphntn,SN Ia
ZTF19aapnzde,SN Ia
ZTF19aapocyd,SN Ia
ZTF19aapqrsh,SN Ia
ZTF19aapreis,Tidal Disruption Event
ZTF19aapreza,SN IIP
ZTF19aaprvar,SN IIP
ZTF19aaprzcr,SN Ia-91T
ZTF19aapszzy,SN Ia
ZTF19aaptwpu,SN Ia
ZTF19aaptzar,SN Ia
ZTF19aapuohr,SN Ia
ZTF19aapvhhp,SN Ia
ZTF19aapvogv,SN Ia
ZTF19aapwbvm,SN Ia
ZTF19aapwnmb,SN Ibn
ZTF19aapxocr,SN Ia
ZTF19aaqasrq,SN IIn
ZTF19aaqdkrm,SN IIP
ZTF19aaqgnhf,SN Ia
ZTF19aaqtcmy,SN Ia
ZTF19aaqtyku,SN Ia
ZTF19aaqxcfs,SN Ia
ZTF19aaqxosb,SN IIP
ZTF19aaqyvdn,SN Ia
ZTF19aaraued,SN Ia
ZTF19aardunx,SN Ia
ZTF19aarfkch,SN IIb
ZTF19aarfnmb,SN IIP
ZTF19aarfyvc,SN Ic
ZTF19aarifvr,SN Ia
ZTF19aarilal,SN Ia
ZTF19aarioci,Tidal Disruption Event
ZTF19aaripqw,SN Ia
ZTF19aariwfe,SN IIP
ZTF19aariwpf,SN Ia
ZTF19aarixue,SN Ia
ZTF19aarjfqe,SN IIP
ZTF19aarkpif,SN Ia
ZTF19aarlefl,SN Ia
ZTF19aarmznp,SN Ia
ZTF19aarnqys,SN Ib
ZTF19aarnqzw,SN Ia
ZTF19aarnrbw,SN Ia
ZTF19aarprog,SN Ia
ZTF19aarstfg,SN Ia
ZTF19aartuev,SN Ia
ZTF19aarxrem,SN IIn
ZTF19aasfsoi,SN Ia
ZTF19aasmkhn,SN Ia
ZTF19aaspsbg,SN IIP
ZTF19aassqix,SN Ia
ZTF19aasszud,SN Ia
ZTF19aatfqzb,SN I
ZTF19aatgsdl,SN Ia
ZTF19aatgwhs,SN Ia
ZTF19aatgxjy,SN IIP
ZTF19aatgznl,SN Ia
ZTF19aathcvn,SN Ia
ZTF19aathllr,SN IIP
ZTF19aatmgjs,SN IIP
ZTF19aatmkll,SN Ibn
ZTF19aatqzim,SN IIP
ZTF19aatvljp,SN Ia
ZTF19aatvmbo,SN Ia
ZTF19aatvvvu,SN Ia
ZTF19aaugoig,SN Ia
ZTF19aauguzk,SN Ia
ZTF19aauhwbp,SN Ia
ZTF19aauivtj,SN Ia
ZTF19aaujzqh,SN Ia
ZTF19aaulzvc,SN Ia
ZTF19aaumvig,SN Ia
ZTF19aauoiow,SN IIP
ZTF19aaupkev,SN Ia
ZTF19aaupkrl,SN Ia
ZTF19aauqwna,SN IIP
ZTF19aauqywe,SN Ia
ZTF19aaurstb,SN Ia
ZTF19aauvbqv,SN IIP
ZTF19aauvkxu,SN Ia
ZTF19aauxmqj,SN Ia
ZTF19aauxxgk,SN IIP
ZTF19aavaikm,SN Ia
ZTF19aavbjfp,SN IIP
ZTF19aavgukt,SN Ic
ZTF19aavhblr,SN IIP
ZTF19aavhvkd,SN Ia
ZTF19aavhwxs,SN Ia
ZTF19aavhxby,SN Ia
ZTF19aavhypb,SN Ia
ZTF19aavhzsc,SN Ia
ZTF19aavidqf,SN Ia-91T
ZTF19aavissk,SN Ia
ZTF19aavivbl,SN Ia
ZTF19aavjukt,SN IIn
ZTF19aavjzrz,SN IIP
ZTF19aavjztg,SN IIP
ZTF19aavjzwm,SN IIP
ZTF19aavkhuy,SN Ia
ZTF19aavkvpw,SN Ic-BL
ZTF19aavmlqh,SN Ia
ZTF19aavnuur,SN IIP
ZTF19aavnwxf,SN Ia
ZTF19aavnzti,SN Ia
ZTF19aavounq,SN Ia
ZTF19aavoweu,SN Ic
ZTF19aavqics,SN IIP
ZTF19aavqiuw,SN Ia
ZTF19aavqoop,SN Ia
ZTF19aavqotz,SN Ia
ZTF19aavrcew,SN IIP
ZTF19aavrswr,SN Ia
ZTF19aavsahh,SN Ia
ZTF19aavsyhq,SN Ia
ZTF19aavtcjs,SN IIP
ZTF19aavvozj,SN Ia
ZTF19aavwbxs,Stellar variable
ZTF19aavweum,SN Ia
ZTF19aavxikq,SN Ia
ZTF19aavxpbx,SN Ia
ZTF19aavxufb,SN Ia
ZTF19aavyvbn,SN IIn
ZTF19aawafvn,SN Ia
ZTF19aawblge,SN Ia
ZTF19aawbsek,SN Ia
ZTF19aawethv,SN IIb
ZTF19aawfbtg,SLSN-I
ZTF19aawfcgp,SN Ia
ZTF19aawfkeg,SN IIP
ZTF19aawgxdn,SN IIP
ZTF19aawmkja,SN Ia
ZTF19aawmqtd,SN Ia
ZTF19aawnqoj,SN Ia
ZTF19aawqcgy,SN Ic-BL
ZTF19aawqckx,SN Ia
ZTF19aawrumx,SN Ia
ZTF19aawscnp,SN Ia
ZTF19aawsday,SN Ic
ZTF19aawsdlq,SN IIP
ZTF19aawtqdv,SN Ia
ZTF19aawyepw,SN Ia
ZTF19aaxdzqt,SN Ib/c
ZTF19aaxeaag,SN IIn
ZTF19aaxfzao,SN Ia
ZTF19aaxhysx,SN Ia
ZTF19aaxibby,SN Ia
ZTF19aaxibpz,SN Ia
ZTF19aaxkhxw,SN IIP
ZTF19aaxptsd,SN Ia
ZTF19aaxqsbn,SN Ia
ZTF19aaxyukr,SN Ia
ZTF19aayabqe,SN Ia-91bg
ZTF19aayckwk,SN Ia
ZTF19aaycomi,SN Ia
ZTF19aaycrgf,SN IIP
ZTF19aaydpiq,SN IIP
ZTF19aaydtur,SN IIP
ZTF19aayfaum,SN Ia
ZTF19aayjqpa,SN Ia
ZTF19aaykugs,SN Ia
ZTF19aaynskj,SN Ia
ZTF19aaynsws,SN Ia
ZTF19aaypehm,SN Ia
ZTF19aayqait,SN Ia
ZTF19aayrjnf,SN Ia
ZTF19aayrosj,SN IIP
ZTF19aaysfbn,SN IIP
ZTF19aayshvd,SN Ia
ZTF19aayslow,SN Ia
ZTF19aayveer,SN Ia
ZTF19aaywatq,SN Ia
ZTF19aaywazj,SN Ia
ZTF19aaywlmi,SN Ia
ZTF19aayxlma,SN Ia
ZTF19aazdcmj,SN Ia
ZTF19aazdirb,SN Ia
ZTF19aazdsgo,SN Ib
ZTF19aazfvhh,SN IIP
ZTF19aazgpar,SN Ia
ZTF19aazlsfj,SN Ia
ZTF19aazpkyv,SN Ia
ZTF19aazpvdy,SN IIP
ZTF19aazpvyr,SN Ia
ZTF19aazudta,SN IIP
ZTF19aazwnwy,SN IIb
ZTF19aazxcvl,SN Ia
ZTF19aazyvub,SN IIP
ZTF19aazzpje,SN Ia
ZTF19ababigc,SN Ia
ZTF19ababmsi,SN Ia
ZTF19abacxod,SN IIb
ZTF19abadskf,SN Ia
ZTF19abaejrh,SN Ia
ZTF19abaejto,SN Ia
ZTF19abaeyln,SN Ia
ZTF19abafmwj,SN Ic
ZTF19abafrvy,SN Ia
ZTF19abahsdc,SN Ia
ZTF19abahsgg,SN Ia
ZTF19abahvdh,SN Ia
ZTF19abajrpw,SN Ia
ZTF19abajuqh,SN Ia
ZTF19abajxet,SN IIP
ZTF19abakdjd,SN Ia
ZTF19abakjao,SN Ia
ZTF19abakjci,SN Ia
ZTF19abalrbb,SN Ia
ZTF19abamqxo,SN Ib
ZTF19abanayw,SN IIP
ZTF19abandzh,SN IIn
ZTF19abanfrn,SN Ia
ZTF19abangub,SN Ia
ZTF19abangws,SN Ia
ZTF19abaosan,SN Ia
ZTF19abasxkg,SN Ia
ZTF19abattvp,SN Ia
ZTF19abatvit,SN Ia
ZTF19abatvzs,SN IIP
ZTF19abauylg,SN Ic
ZTF19abauzma,SN Ia
ZTF19abbnamr,SN IIP
ZTF19abbthwy,SN IIb
ZTF19abbwfgp,SN IIP
ZTF19abbxykm,SN IIP
ZTF19abcegvm,SN Ib
ZTF19abcejfo,SN IIn
ZTF19abcejlb,SN IIP
ZTF19abcejlc,SN Ia
ZTF19abcejoa,SN Ia
ZTF19abcekty,SN IIP
ZTF19abcfzdy,SN Ia
ZTF19abcncdg,SN Ia
ZTF19abcneik,SN IIP
ZTF19abcnpkt,SN Ia
ZTF19abctnpk,SN Ia
ZTF19abcttsc,SN Ia
ZTF19abctxhf,SN IIP
ZTF19abcvrpm,SN Ia
ZTF19abcyqqg,SN Ib
ZTF19abddqhy,SN Ia
ZTF19abdduix,SN Ia
ZTF19abdgpuv,SN Ia
ZTF19abdjwtv,SN Ia
ZTF19abdkbwy,SN Ia
ZTF19abdkcib,SN Ia
ZTF19abdkcts,SN Ia
ZTF19abdkdir,SN Ia
ZTF19abdkdoz,SN Ia
ZTF19abdkecj,SN Ia
ZTF19abdkfqe,SN Ia
ZTF19abdkgwo,SN IIn
ZTF19abdmfgf,SN Ia
ZTF19abdoznh,SN Ia
ZTF19abdqaao,SN Ia
ZTF19abdrwsz,SN Ia
ZTF19abdviwl,SN IIn
ZTF19abdvpfj,SN Ia
ZTF19abdyawn,SN Ia
ZTF19abdzehg,SN Ia
ZTF19abecaca,SN IIn
ZTF19abegizf,SN IIP
ZTF19abegruk,SN Ia
ZTF19abegxfs,SN IIn
ZTF19abeizmo,SN Ia
ZTF19abeloei,SN Ia
ZTF19abetjcx,SN Ia
ZTF19abexfad,SN Ia
ZTF19abeytzv,SN Ia
ZTF19abfaqqo,SN Ia
ZTF19abfdszw,SN Ia
ZTF19abfhszx,SN Ia
ZTF19abfibel,SN Ia
ZTF19abfjjlk,SN Ia
ZTF19abfloxk,SN IIP
ZTF19abfqhis,SN Ia
ZTF19abfsxpw,SN Ic-BL
ZTF19abfvemi,SN Ia
ZTF19abfvhlx,SN Ia
ZTF19abfvnns,SLSN-I
ZTF19abfvovo,SN Ia
ZTF19abfvpkq,SN Ia
ZTF19abfwdqv,SN IIP
ZTF19abfwtkw,SN Ia
ZTF19abgafkt,SN Ia
ZTF19abgbbzy,SN IIb
ZTF19abgbdcp,SN IIP
ZTF19abgbkwv,SN Ia
ZTF19abgcbey,SN Ia
ZTF19abgfrbl,SN Ia
ZTF19abgfuhh,SN IIb
ZTF19abggnnp,SN Ia
ZTF19abgiwkt,SN IIP
ZTF19abgjlef,SN Ia
ZTF19abglmpf,SN Ia
ZTF19abgmjtu,SN Ia
ZTF19abgmkef,SN IIP
ZTF19abgmxwn,SN Ia
ZTF19abgnbjr,SN Ib/c
ZTF19abgncfz,SN IIP
ZTF19abgndlf,SN IIn
ZTF19abgnuri,SN Ia
ZTF19abgpgyp,SN IIP
ZTF19abgprpq,SN Ia
ZTF19abgqvyr,SN Ia
ZTF19abgrchq,SN IIb
ZTF19abgrcxs,SN Ia
ZTF19abgrmfu,SN IIP
ZTF19abgsyrp,SN Ia
ZTF19abguqsi,SN IIP
ZTF19abguzsx,SN Ia
ZTF19abhbjge,SN Ia
ZTF19abhcefa,SN Ib
ZTF19abhdlxp,SN Ia
ZTF19abhdqlq,SN Ia
ZTF19abhduuo,SN IIP
ZTF19abheamc,SN Ia
ZTF19abhemuy,SN Ia
ZTF19abhhocz,SN Ia
ZTF19abhiayh,SN Ia
ZTF19abhibzk,SN Ia
ZTF19abhjhes,SN Ia
ZTF19abhphah,SN Ia
ZTF19abhpvfq,SN Ia
ZTF19abhzdjp,SN Ia
ZTF19abhzelh,SN Ia
ZTF19abhzewi,SN Ia
ZTF19abhztqq,SN Ia
ZTF19abiahik,SN Ia-91bg
ZTF19abiahko,SN IIP
ZTF19abidbqp,SN Ia
ZTF19abidbya,Tidal Disruption Event
ZTF19abidfsb,SN Ia
ZTF19abidfxd,SN Ia
ZTF19abimkwn,SN Ia
ZTF19abimlck,SN Ia
ZTF19abimzvh,SN Ia
ZTF19abinjcy,SN Ia
ZTF19abipmfl,SN Ia
ZTF19abiqfxi,SN IIn
ZTF19abirbpd,SN Ia
ZTF19abirmkt,Novae
ZTF19abiszoe,SN IIn
ZTF19abitbcj,SN Ia
ZTF19abitljz,SN Ia
ZTF19abixauz,SN Ia
ZTF19abjacdu,SN IIn
ZTF19abjamgc,SN Ia
ZTF19abjarhj,SN Ia
ZTF19abjbtbm,SN IIP
ZTF19abjgbmo,SN Ia
ZTF19abjgdhb,SN IIP
ZTF19abjgdko,SN Ia
ZTF19abjibet,SN Ia
ZTF19abjioie,SN IIP
ZTF19abjozed,SN Ia
ZTF19abjpkdz,SN Ia
ZTF19abjpntj,SN IIP
ZTF19abjrjdw,SN IIP
ZTF19abjrkqn,SN Ia
ZTF19abjsmmv,SN IIP
ZTF19abjswdz,SN Ia
ZTF19abkdehm,SN Ia
ZTF19abkdrir,SN Ia
ZTF19abkfmjp,SN IIP
ZTF19abkfqqp,SN IIP
ZTF19abkftvd,SN Ia
ZTF19abkfxfb,SN IIP
ZTF19abkgbul,SN Ia
ZTF19abkgjmj,SN IIP
ZTF19abkromi,SN Ia
ZTF19abkxeft,SN II
ZTF19ablekwo,SN Ia
ZTF19ablfaey,SN Ia
ZTF19ablfdwt,SN IIP
ZTF19ablojrw,SN IIn
ZTF19ablovot,SN Ia
ZTF19ablpfhz,SN Ia
ZTF19ablpnmk,SN Ia
ZTF19ablpxtf,SN Ia
ZTF19ablusdf,SN Ia
ZTF19abmpoxa,SN Ia
ZTF19abmqasg,SN Ia
ZTF19abmtpvz,SN IIP
ZTF19abmugyh,SN Ia
ZTF19abmylxw,SN Ia
ZTF19abmzord,SN Ia
ZTF19abnagzk,SN Ia
ZTF19abnggdt,SN Ia
ZTF19abnishu,SN Ia
ZTF19abnkrcd,SN Ia
ZTF19abnktws,SN Ia
ZTF19abnmrqt,SN Ia
ZTF19abnoxud,SN Ia
ZTF19abocled,SN Ia
ZTF19abomiel,SN Ia
ZTF19abopflp,SN Ia
ZTF19abopyyu,SN Ia
ZTF19abormno,SN Ia
ZTF19abornyn,SN Ia
ZTF19abovstj,SN IIP
ZTF19abovtfk,SN Ia
ZTF19abowcic,SN Ia
ZTF19aboxjlj,SN Ia
ZTF19abozuxh,SN Ia
ZTF19abpangr,SN Ic-BL
ZTF19abpbbxx,SN Ia
ZTF19abpbmli,SN Ia
ZTF19abpbopt,SLSN-I
ZTF19abpbqor,SN Ia
ZTF19abpfxfs,SN Ia
ZTF19abpidqn,SN IIn
ZTF19abplfxs,SN Ia
ZTF19abpmetl,SN Ia
ZTF19abpnrqa,SN Ia
ZTF19abpnrrf,SN IIP
ZTF19abpnsck,SN Ia
ZTF19abpveqn,SN Ia
ZTF19abpxcaf,SN Ia
ZTF19abpxiff,SN IIP
ZTF19abpxttd,SN Ia
ZTF19abpypvc,SN Ia
ZTF19abpyqog,SN IIP
ZTF19abpztlw,SN Ia
ZTF19abpzuzd,SN Ia
ZTF19abqanpy,SN Ia
ZTF19abqgtqo,SN IIP
ZTF19abqgwuy,SN Ia
ZTF19abqgxpt,SN Ia
ZTF19abqgytb,SN Ia
ZTF19abqgzea,SN Ia
ZTF19abqhikf,SN Ia
ZTF19abqimia,SN Ia
ZTF19abqjypm,SN Ia
ZTF19abqkpoi,SN Ia
ZTF19abqlrtb,SN Ia
ZTF19abqmjdq,SN Ia
ZTF19abqmpsr,SN Ia
ZTF19abqmsbk,SN Ic
ZTF19abqmucc,SN Ia
ZTF19abqmurd,SN IIP
ZTF19abqqmui,SN Ia
ZTF19abqqrgy,SN Ib
ZTF19abqqvhd,SN Ia
ZTF19abqrhvt,SN IIP
ZTF19abqrhvy,SN IIP
ZTF19abqrrto,SN Ia
ZTF19abqrxhy,SN IIP
ZTF19abqshry,SN Ic-BL
ZTF19abqsojs,SN Ia
ZTF19abqsvgf,SN Ia
ZTF19abqviuy,SN Ia
ZTF19abqwsuf,SN IIP
ZTF19abqwtfu,SN Ib
ZTF19abqxhhr,SN Ia
ZTF19abqykei,SN IIb
ZTF19abqykyd,SN Ia
ZTF19abqyouo,SN IIP
ZTF19abqyoxh,SN Ia
ZTF19abqyoxj,SN IIP
ZTF19abqyoxt,SN IIP
ZTF19abqysic,SN Ia
ZTF19abrbmvt,SN IIP
ZTF19abrcvzz,SN Ia
ZTF19abrdnty,SN Ia
ZTF19abrirmk,SN Ia
ZTF19abrlvij,SN IIP
ZTF19abrmlxu,SN Ia
ZTF19abrogbl,SN Ia
ZTF19abrsuah,SN Ia
ZTF19abrtjsf,SN IIP
ZTF19abrvagn,SN Ia
ZTF19abstsvm,SN II-norm
ZTF19abszdld,SN Ia
ZTF19abtnbtt,SN Ia
ZTF19abtrjqg,Novae
ZTF19abtslqm,SN IIP
ZTF19abtsnyy,SN Ic
ZTF19abttrte,SN I
ZTF19abttstb,SN Ia
ZTF19abtuflm,SN IIP
ZTF19abtuigb,SN Ia
ZTF19abtulak,SN Ia
ZTF19abuayqg,SN Ia
ZTF19abuazly,SN Ia
ZTF19abuclhk,SN Ia
ZTF19abucvgu,SN Ia
ZTF19abucwzt,SN Ib
ZTF19abudlps,SN IIP
ZTF19abuejud,SN Ia
ZTF19abujhgm,SN Ia
ZTF19abujuex,SN Ia
ZTF19abukakm,SN IIP
ZTF19abulzhy,SN IIn
ZTF19abulzlj,SN Ia
ZTF19abuonnx,SN Ia
ZTF19abupned,SN Ic-BL
ZTF19aburnqh,SN Ia
ZTF19abuxhqc,SN Ia
ZTF19abuzpmr,SN Ia
ZTF19abvalfd,SN Ia
ZTF19abvanim,SN Ia
ZTF19abvbrve,SN IIP
ZTF19abvdbyx,SN IIP
ZTF19abvdgqo,SN Ib
ZTF19abvgnxg,SN Ia
ZTF19abvhduf,SN Ia
ZTF19abvjcii,SN Ia
ZTF19abvjdfc,SN Ia
ZTF19abvvpoh,SN Ia
ZTF19abwamby,SN IIP
ZTF19abwaohs,SN Ia
ZTF19abwnpus,SN Ia
ZTF19abwouqp,SN Ia
ZTF19abwsagv,SN IIP
ZTF19abwscog,SN Ia
ZTF19abwsdic,SN Ia
ZTF19abwsecm,SN Ia
ZTF19abwswzb,SN Ia
ZTF19abwsxug,SN Ia
ZTF19abxdnhr,SN Ia
ZTF19abxdnzt,SN Ia
ZTF19abxekxi,SN II
ZTF19abxfeln,SN Ia
ZTF19abxfhrq,SN Ia
ZTF19abxfunp,SN Ia
ZTF19abxgmzr,SLSN-I
ZTF19abxigfc,SN Ia
ZTF19abxihut,SN Ia
ZTF19abxiqqm,SN Ia
ZTF19abxiqve,SN Ia
ZTF19abxjimu,SN Ia
ZTF19abxjrge,SN IIb
ZTF19abxmvcq,SN Ia
ZTF19abxnycf,SN IIP
ZTF19abxqppy,SN IIb
ZTF19abxtcio,SN IIb
ZTF19abxtdgh,SN Ia
ZTF19abxvjzn,SN Ia
ZTF19abxvtmn,SN IIP
ZTF19abxvtmy,SN Ia
ZTF19abxvtxk,SN Ia
ZTF19abycslo,SN Ia
ZTF19abyfbik,SN Ia
ZTF19abyflzw,SN Ia
ZTF19abyhxzp,SN Ia
ZTF19abyigib,SN Ia
ZTF19abyikbv,SN Ia
ZTF19abyjgal,SN Ia
ZTF19abyjhpz,SN Ia
ZTF19abyjjxp,SN Ia
ZTF19abymhad,SN Ia
ZTF19abymukc,SN IIP
ZTF19abymvoy,SN Ia
ZTF19abymvpq,SN Ia
ZTF19abyreuq,SN Ia
ZTF19abyuzch,SN IIP
ZTF19abywduc,SN Ia
ZTF19abzfmak,SN Ia
ZTF19abzgdfu,SN IIP
ZTF19abzhvxk,SN Ia
ZTF19abzhzet,SN Ia
ZTF19abzkiuv,SN Ia
ZTF19abzlmwn,SN Ia
ZTF19abzlsbl,SN Ia
ZTF19abzmmvz,SN IIn
ZTF19abzmnrh,SN Ia
ZTF19abzmnuk,SN Ia
ZTF19abzmoov,SN IIP
ZTF19abzmpku,SN Ia
ZTF19abzplvm,SN Ia
ZTF19abzprpk,SN Ia
ZTF19abzpvaj,SN IIn
ZTF19abzqwpr,SN IIP
ZTF19abzrdup,SN IIP
ZTF19abzrhgq,Tidal Disruption Event
ZTF19abzrjrg,SN Ia
ZTF19abzsitm,SN Ia
ZTF19abzsjpn,SN Ia
ZTF19abzsnqm,Novae
ZTF19abztknu,SN Ib
ZTF19abzulhk,SN Ia
ZTF19abzvvkb,SN Ia
ZTF19abzvyew,SN Ia
ZTF19abzwaen,SN Ic-BL
ZTF19abzwtiu,SN Ia
ZTF19abzyiba,SN Ia
ZTF19abzyvfi,SN Ia
ZTF19abzzgec,SN Ia
ZTF19abzzhgx,SN Ia
ZTF19abzzhsa,SN Ia
ZTF19acaiylt,SN Ia
ZTF19acajpre,SN Ia
ZTF19acanzwg,SN IIP
ZTF19acaotrk,SN Ia
ZTF19acapech,SN IIn
ZTF19acapeun,SN Ia
ZTF19acaqqix,SN Ia
ZTF19acaqqxo,SN IIP
ZTF19acaqyjp,SN Ia
ZTF19acardcs,SN Ia
ZTF19acasiwm,SN Ia
ZTF19acaxcwg,SN Ia
ZTF19acazaug,SN Ia
ZTF19acbacvu,SN Ia
ZTF19acbhvgi,SN IIP
ZTF19acbihyi,SN Ia
ZTF19acbiwjk,SN Ia
ZTF19acbjddp,SN Ia
ZTF19acbjlnt,SN Ia
ZTF19acbkczc,SN Ia
ZTF19acbkyma,SN Ia
ZTF19acblhxc,SN IIP
ZTF19acblnop,SN Ia
ZTF19acblzux,SN Ia
ZTF19acbmjrp,SN Ia
ZTF19acbmqpu,SN Ia
ZTF19acbmwtc,SN Ia
ZTF19acbmxky,SN IIP
ZTF19acbmxxh,SN Ia
ZTF19acbnhkd,SN Ia
ZTF19acbonaa,SLSN-I
ZTF19acbpnii,SN Ia
ZTF19acbpqvc,SN Ia
ZTF19acbpwwg,SN Ia
ZTF19acbpxwt,SN Ia
ZTF19acbpzir,SN Ia
ZTF19acbqzvu,SN Ia
ZTF19acbrola,SN Ia
ZTF19acbrzzr,SN IIP
ZTF19acbswdq,SN Ia
ZTF19acbunmk,SN Ia
ZTF19acbvisk,SN IIP
ZTF19acbvnaw,SN Ia
ZTF19acbvquo,SN Ia
ZTF19acbvrhb,SN Ia
ZTF19acbvujw,SN Ia
ZTF19acbwccr,SN IIP
ZTF19acbwejj,SN IIP
ZTF19acbwhqc,SN Ia
ZTF19acbwilc,SN IIP
ZTF19acbwjue,SN Ia
ZTF19acbwmqd,SN IIP
ZTF19acbykmk,SN Ia
ZTF19acbzgog,Novae
ZTF19accbeju,SN IIP
ZTF19acccyxx,SN IIP
ZTF19accczor,SN Ia
ZTF19accdehb,SN Ia
ZTF19acchaza,SN IIP
ZTF19acchink,SN Ia
ZTF19acchtyp,SN Ia
ZTF19accjfgv,SN IIb
ZTF19acckggd,SN Ia
ZTF19accloxh,SN Ia
ZTF19acclzaw,SN Ia
ZTF19accmxtw,SN Ia
ZTF19accobqx,SN Ia
ZTF19accstol,SN Ia
ZTF19acctlps,SN IIP
ZTF19acctpgd,SN Ia
ZTF19acctwpz,SN IIP
ZTF19accuyyg,SN Ia
ZTF19acdabep,SN Ib
ZTF19acdgwhq,SN Ia
ZTF19acdihrz,SN Ia
ZTF19acdisjm,SN Ia
ZTF19acdjiml,SN Ia
ZTF19acdkzxk,SN IIP
ZTF19acdlami,SN Ia
ZTF19acdtmwh,SN Ia
ZTF19acdtpow,SN Ia
ZTF19acdubmt,SN Ia
ZTF19acdulhn,SN Ia
ZTF19acduloz,SN IIP
ZTF19acduqvr,SN Ia
ZTF19acdxkek,SN IIP
ZTF19acdxlns,SN Ia
ZTF19acechlg,SN Ia
ZTF19aceckdq,SN IIP
ZTF19aceckmm,SN IIP
ZTF19acecluy,SN IIP
ZTF19aceidtc,SN Ia
ZTF19acekbyz,SN Ia
ZTF19acekkts,SN Ia
ZTF19acekreh,SN Ia
ZTF19acelcan,SN Ia
ZTF19acennqf,SN Ia
ZTF19acenveq,SN Ia
ZTF19aceqlxc,SN IIn
ZTF19aceqvhl,SN Ic
ZTF19aceqxtg,SN Ia
ZTF19aceshib,SN IIP
ZTF19acetwqh,SN Ia
ZTF19acetxvq,SN Ia
ZTF19acewuwn,SN IIP
ZTF19acexijn,SN Ia
ZTF19acfduxa,SN Ia
ZTF19acfecsg,SN Ia
ZTF19acfejbj,SN IIP
ZTF19acfmwlh,SN Ia
ZTF19acfrntd,SN Ia
ZTF19acfsbpa,SN IIP
ZTF19acfsjcu,SN Ia
ZTF19acfsqjx,SN Ia
ZTF19acfsteg,Novae
ZTF19acftaml,SN Ia
ZTF19acftfav,SN IIP
ZTF19acfthre,SN Ia
ZTF19acftude,SN IIn
ZTF19acfvqet,SN
ZTF19acgaxej,SN Ia
ZTF19acgbkzr,SN IIP
ZTF19acgbzam,SN Ia
ZTF19acgcdas,SN Ia
ZTF19acgcshq,SN Ia
ZTF19acgcxop,SN Ia
ZTF19acgdfjt,SN Ia
ZTF19acgeabh,SN Ia
ZTF19acgemqj,SN Ia
ZTF19acgemzm,SN Ia
ZTF19acgfhfd,Novae
ZTF19acgfowd,SN Ia
ZTF19acgfvvi,SN IIP
ZTF19acgjnis,SN Ia
ZTF19acgjohb,SN Ia
ZTF19acgjojy,SN Ia
ZTF19acgjosf,SN Ib
ZTF19acgjpgh,SLSN-I
ZTF19acgjuua,SN Ia
ZTF19acgmkrt,SN Ia
ZTF19acgogcm,SN Ia
ZTF19acgonwy,SN Ia
ZTF19acgouje,SN Ia
ZTF19acgphsf,SN Ia
ZTF19acgpkye,SN Ia
ZTF19acgpqxt,SN Ia
ZTF19acgqjln,SN Ia
ZTF19acgrbeb,SN Ia
ZTF19acgxbwo,SN Ia
ZTF19acgzwbm,SN IIP
ZTF19acgzzea,SN IIP
ZTF19achagst,SN Ia
ZTF19achahea,SN Ia-91bg
ZTF19achajnc,SN Ia
ZTF19achaspq,SN Ia
ZTF19achejoc,SN Ia
ZTF19achjpyc,SN Ia
ZTF19achjqbk,SN IIP
ZTF19achqzdy,SN Ia
ZTF19achtewn,SN Ia
ZTF19achticg,SN Ia
ZTF19achtifr,SN IIP
ZTF19acifuyf,SN Ia
ZTF19acigkma,SN Ia
ZTF19acignlo,SN IIP
ZTF19acihfxz,SN Ia
ZTF19acihgng,SN Ia
ZTF19acihlft,SN Ia
ZTF19acitkzs,SN Ia
ZTF19acitnck,SN Ia
ZTF19acjdufa,SN Ia
ZTF19acjdwqv,SN Ia
ZTF19acjerdh,SN Ia
ZTF19acjfhom,SN Ia
ZTF19acjifxp,SN Ia
ZTF19acjjwsy,SN Ia
ZTF19acjtkha,SN Ia
ZTF19acjtlxe,SN I
ZTF19acjtpmm,SN IIP
ZTF19acjtpqd,SN Ic
ZTF19acjuomg,SN Ia
ZTF19acjurot,SN Ia
ZTF19acjutrw,SN IIn
ZTF19acjwdnu,SN IIP
ZTF19acjwqvo,SN Ia
ZTF19ackbclh,SN IIn
ZTF19ackbjtf,SN Ia
ZTF19ackjene,SN IIb
ZTF19ackjjwf,SN Ib
ZTF19ackjlrd,SN Ia
ZTF19ackjnuq,SN Ia
ZTF19ackjozg,SN I
ZTF19ackjrru,SLSN-I
ZTF19ackjsys,SN Ia
ZTF19ackjvjr,SN Ia
ZTF19ackjvtl,SN IIP
ZTF19aclhnkd,SN Ia
ZTF19aclhohd,SN Ia
ZTF19aclhpiz,SN II
ZTF19aclkbqc,SN Ia
ZTF19aclljyq,SN Ia
ZTF19acllsbq,SN Ic
ZTF19aclobbu,SN IIP
ZTF19aclofmz,SN Ia
ZTF19aclyezb,SN Ia
ZTF19acmbekd,SN Ib
ZTF19acmbhvv,SN Ia
ZTF19acmbiad,SN Ia
ZTF19acmbjvi,SN Ia
ZTF19acmbkmr,SN Ia
ZTF19acmelor,SN Ib
ZTF19acmgyka,SN Ia
ZTF19acmvrsw,SN Ia
ZTF19acmwfli,SN IIP
ZTF19acmwipq,SN Ia
ZTF19acmwkul,SN Ia
ZTF19acmxidf,SN Ia
ZTF19acmxymo,SN Ia
ZTF19acmyacs,SN IIP
ZTF19acmyljb,SN Ia
ZTF19acmywjc,SN Ia
ZTF19acnfjyw,SN Ia
ZTF19acnfsij,Novae
ZTF19acngsnb,SN Ia
ZTF19acnjwgm,SN Ia
ZTF19acnkeji,SN Ia
ZTF19acnqsui,SN Ia
ZTF19acoaoty,SN Ia
ZTF19acojuzv,SN Ia
ZTF19acojxzo,SN Ia
ZTF19acokzjy,SN Ia
ZTF19acordoi,SN Ia
ZTF19acoxgqw,SN Ia
ZTF19acoyxuv,SN Ia
ZTF19acpfnth,SN Ia
ZTF19acpgaet,SN Ia
ZTF19acpmdzh,SN Ia
ZTF19acpmuwu,SN Ia
ZTF19acqehbt,SN Ia
ZTF19acqmwtg,SN Ia
ZTF19acqprad,Novae
ZTF19acqypso,SN Ia
ZTF19acrbyzj,SN Ia
ZTF19acrcupt,SN Ia
ZTF19acrcxri,SN IIP
ZTF19acrdcwh,SN Ia
ZTF19acrddcz,SN Ia
ZTF19acrdqej,SN Ia
ZTF19acrenwk,SN Ia
ZTF19acrichx,SN Ia
ZTF19acrmmpq,SN Ia
ZTF19acruaaa,SN Ia
ZTF19acruqph,SN Ia
ZTF19acrwvao,SN IIP
ZTF19acrwyyb,SN Ibn
ZTF19acrwzqs,SN Ia
ZTF19acsbxgw,SN Ia
ZTF19acsfpmi,SN Ia
ZTF19acsfvog,SN Ia
ZTF19acshfvz,SN Ia
ZTF19acszmgx,SN IIP
ZTF19actaiag,SN Ia
ZTF19actfpma,SN Ia
ZTF19actldas,SN Ia
ZTF19actnyae,SN IIP
ZTF19acudiph,SN Ia
ZTF19acuitcy,SN Ia
ZTF19aculgvn,SN Ia
ZTF19aculypc,SN Ia
ZTF19acuybzx,SN Ia
ZTF19acuyvtl,SN Ia
ZTF19acvgjme,SN Ia
ZTF19acvijnj,SN Ia
ZTF19acvkibv,SN IIn
ZTF19acvlycr,SN Ia
ZTF19acvmcdd,SN IIP
ZTF19acvrigb,SN Ia
ZTF19acvrjzd,SN IIP
ZTF19acvtvlo,SN Ia
ZTF19acwbhih,SN IIP
ZTF19acwqvvn,SN Ia
ZTF19acwrqtv,SN Ia
ZTF19acwrrvg,SN IIP
ZTF19acwrujg,SN Ia
ZTF19acxhkvc,SN Ia
ZTF19acxldra,SN Ia
ZTF19acxmfay,SN IIP
ZTF19acxmnkc,SN IIn
ZTF19acxmpnz,SN Ib/c
ZTF19acxndsk,SN Ia
ZTF19acxnemy,SN Ia
ZTF19acxniuc,SN Ia
ZTF19acxozhr,SN Ia
ZTF19acxphhl,SN Ia
ZTF19acxpuql,SN Ib
ZTF19acxqakw,SN Ia
ZTF19acxqaot,SN IIn
ZTF19acxrihd,Novae
ZTF19acxyfkf,SN Ia
ZTF19acxyumq,SN Ia
ZTF19acxyzcq,SN Ia
ZTF19acxzdht,SN Ia
ZTF19acyfakk,SN Ia
ZTF19acyfkbf,SN Ia
ZTF19acyflhv,SN Ia
ZTF19acyfoha,SN Ia
ZTF19acygbye,SN Ia
ZTF19acyggzu,SN Ic
ZTF19acygjgx,SN Ia
ZTF19acygjmg,SN Ia
ZTF19acyiqnw,SN Ia
ZTF19acyjjni,SN IIP
ZTF19acyjzeo,SN Ib
ZTF19acykaae,SN IIn
ZTF19acykjad,SN Ia
ZTF19acykjcw,SN Ia
ZTF19acyksfd,SN Ia
ZTF19acyldun,SN IIn
ZTF19acylgic,SN Ia
ZTF19acyndpl,SN Ia
ZTF19acyobbu,SN IIb
ZTF19acyogrm,SN Ic
ZTF19acyogvo,SN Ia
ZTF19acyplkt,SN IIP
ZTF19aczjkxo,SN Ia
ZTF19aczjsdy,SN Ia
ZTF19aczjytt,SN IIP
ZTF19aczjzev,SN Ia
ZTF19aczkjxn,SN IIP
ZTF19adaivcf,SLSN-I
ZTF19adajqcq,SN Ia
ZTF19adajqwl,SN Ia
ZTF19adakmbh,SN IIP
ZTF19adalouc,SN Ia
ZTF19adannbl,SN IIn
ZTF19adaxzax,SN IIP
ZTF19adbfhal,SN Ia
ZTF19adbmewx,SN Ia
ZTF19adbmwto,SN Ia
ZTF19adbnfne,SN Ia
ZTF19adbpulv,SN Ia
ZTF19adbricc,SN Ia
ZTF19adbryab,SN IIP
ZTF19adbsfpf,SN Ia
ZTF19adccrca,SN IIP
ZTF19adcdrng,SN Ia
ZTF19adcdtkw,SN Ia
ZTF19adcdzjm,SN Ia
ZTF19adcfsoc,SLSN-I
ZTF19adcghvg,SN Ia
ZTF20aaaboph,SN Ia
ZTF20aaactgu,SN Ia
ZTF20aaaddgy,SN IIn
ZTF20aaawmxq,SN Ia
ZTF20aaaxghv,SN Ib
ZTF20aaaxrad,SN Ia
ZTF20aaayaet,SN Ia
ZTF20aaazjwc,SN IIP
ZTF20aabcemq,SN IIn
ZTF20aabconi,SN IIP
ZTF20aabcouv,SN Ia
ZTF20aabqamf,SN Ia
ZTF20aabqbxm,SN Ia-02cx
ZTF20aabqdbo,SN Ia-91bg
ZTF20aabqiiy,SN Ia
ZTF20aabqisb,SN Ia
ZTF20aabqiti,SN Ia
ZTF20aabqjht,SN Ia
ZTF20aabqkxs,SN Ib
ZTF20aabqwtz,SN IIP
ZTF20aacbtgq,SN Ia
ZTF20aacbyec,SN IIn
ZTF20aacbyij,SN IIL
ZTF20aacbyoh,SN IIP
ZTF20aacciep,SN Ia
ZTF20aacdfep,SN Ia
ZTF20aacdfyv,SN Ic
ZTF20aacevxq,SN Ia
ZTF20aacewxb,SN IIP
ZTF20aacexgb,SN Ia
ZTF20aacgrql,SN IIP
ZTF20aacwxut,SN Ia
ZTF20aadcaop,SN Ia
ZTF20aadcbux,SN Ia
ZTF20aadcbvz,SN II
ZTF20aadccda,SN Ia
ZTF20aadchdd,SN IIP
ZTF20aadcitq,SN Ia
ZTF20aadfyjl,SN Ia
ZTF20aadtarr,SN IIn
ZTF20aadvaoi,SN Ia
ZTF20aadvunl,SN Ia
ZTF20aadxcsc,SN Ia
ZTF20aadxrvb,SN IIn
ZTF20aadxvfj,SN Ia
ZTF20aadzwnu,SN Ia
ZTF20aaeabyu,SN IIP
ZTF20aaekkuv,SN Ic
ZTF20aaelulu,SN Ic
ZTF20aaemtgw,SN Ia
ZTF20aaeopvv,SN Ia
ZTF20aaeoqqd,SN IIP
ZTF20aaepsqa,SN Ia
ZTF20aaerqjd,SN Ia
ZTF20aaerxne,SN Ib
ZTF20aaesewy,SN Ia
ZTF20aaetirf,SN Ic
ZTF20aaetrle,SN IIP
ZTF20aaetvkh,SN Ia
ZTF20aaevbvv,SN Ia
ZTF20aaevgyr,SN Ia
ZTF20aaewban,SN Ia
ZTF20aaezaxk,SN Ia
ZTF20aafcgca,SN Ia
ZTF20aafciit,SN Ia
ZTF20aafcmfi,SN Ia
ZTF20aafdeza,SN Ia
ZTF20aafdglk,SN Ia
ZTF20aaffgwg,SN Ia
ZTF20aaflaug,SN Ia-91bg
ZTF20aafmdzj,SN Ic-BL
ZTF20aafrihv,SN Ia
ZTF20aafrjqw,SN Ia
ZTF20aafvzhu,SN Ia
ZTF20aafwbcs,SN Ia
ZTF20aafzcab,SN Ia
ZTF20aagewqr,SN Ic
ZTF20aagfjlj,SN Ia
ZTF20aaghlkv,SN Ia
ZTF20aaghnxd,SN Ia
ZTF20aaghpdc,SN Ia
ZTF20aaglivt,SN Ia
ZTF20aagmrid,SN Ia
ZTF20aagnbes,SN IIP
ZTF20aagvvnr,SN Ia
ZTF20aagyuvy,SN Ia
ZTF20aagzchj,SN Ia
ZTF20aagzqsb,SN Ia
ZTF20aagzzbi,SN Ia
ZTF20aahapsq,SN Ia
ZTF20aahbamv,SN IIP
ZTF20aahbfmf,SLSN-I
ZTF20aahfobk,SN Ia
ZTF20aahggbm,SN Ia
ZTF20aahidph,SN Ia
ZTF20aahirfz,SN IIP
ZTF20aahirqq,SN Ia
ZTF20aahjymt,SN Ia
ZTF20aahkgcz,SN Ia
ZTF20aahpwym,SN Ia
ZTF20aahqabk,SN Ia
ZTF20aahqbib,SN Ia
ZTF20aahqbsr,SN IIP
ZTF20aahqbun,SN IIP
ZTF20aahqcup,SN Ia
ZTF20aahtjat,SN Ia
ZTF20aahtral,SN Ia
ZTF20aahzyep,SN Ia
ZTF20aaiaaoi,SN Ia
ZTF20aaiahra,SN Ib
ZTF20aaideho,SN Ia
ZTF20aaidnyk,SN Ia
ZTF20aaifkyj,SN Ia
ZTF20aaiftgi,SN Ic
ZTF20aaifyab,SN Ia
ZTF20aaifybu,SLSN-I
ZTF20aaifyrs,SN Ia
ZTF20aaifyvz,SN Ia
ZTF20aaifzfk,SN IIP
ZTF20aaiihky,SN Ia
ZTF20aaiqiti,SN Ic-BL
ZTF20aairvsi,SN Ia
ZTF20aaivego,SN Ia
ZTF20aaivjce,SN Ia-91bg
ZTF20aaivvwa,SN Ia
ZTF20aajcdad,SN Ib
ZTF20aajjxwc,SN Ia-91T
ZTF20aajystl,SN Ia
ZTF20aakbtyz,SN Ia
ZTF20aakdppm,Novae
ZTF20aakfofq,SN Ia
ZTF20aakhpmp,SN Ia
ZTF20aakndsn,SN Ia
ZTF20aaknzba,SN Ia
ZTF20aakodiq,SN Ia
ZTF20aakodyh,SN Ib
ZTF20aakxwgy,SN Ia
ZTF20aakzbfh,SN IIP
ZTF20aalbjpf,SN Ia
ZTF20aalbjqh,SN Ia
ZTF20aalbtwh,SN IIP
ZTF20aalcyih,SN Ib
ZTF20aaljgcp,SN Ia
ZTF20aalkcea,SN Ia
ZTF20aalkfui,SN Ia
ZTF20aalmeaj,SN Ia
ZTF20aalrksw,SN Ia
ZTF20aalrptc,SN Ia
ZTF20aalrqbu,SN Ibn
ZTF20aalxlis,SN Ic-BL
ZTF20aalyeut,SN Ia
ZTF20aamamnp,SN IIP
ZTF20aamaqak,SN Ia
ZTF20aamazzl,SN IIP
ZTF20aamdqiz,SN Ia
ZTF20aamdsjv,SN Ia
ZTF20aamdyal,SN Ia
ZTF20aamdyln,SN Ic
ZTF20aamenwg,SN Ia
ZTF20aamerev,SN Ia
ZTF20aamfpcj,SN Ia
ZTF20aamgdkb,SN Ia
ZTF20aamhocj,SN Ia
ZTF20aamifit,SN Ia
ZTF20aamizsz,SN Ia
ZTF20aamknxn,SN Ia
ZTF20aamksoq,SN Ia
ZTF20aamkyyx,SN Ia
ZTF20aamlmec,SN IIP
ZTF20aammdfk,SN IIn
ZTF20aammgop,SN Ia
ZTF20aammhli,SN Ia
ZTF20aammicx,SN Ia
ZTF20aammnnm,SN Ia
ZTF20aamntsk,SN Ia
ZTF20aamnvij,SN Ia
ZTF20aamoaim,SN IIP
ZTF20aamovgw,SN Ia
ZTF20aamqxyi,SN Ia
ZTF20aamrreb,SN IIn
ZTF20aamsjws,SN Ia
ZTF20aamttmo,SN Ia
ZTF20aamttni,SN Ia
ZTF20aamuqwn,SN Ia
ZTF20aamurxn,SN Ia
ZTF20aamxuwl,SN IIP
ZTF20aanadlu,SN Ia
ZTF20aanadof,SN IIP
ZTF20aanafck,SN Ia
ZTF20aanafwi,SN Ia
ZTF20aanaibf,SN Ia
ZTF20aanbfbf,SN Ia
ZTF20aanbvqg,SN Ia
ZTF20aandwrl,SN Ia
ZTF20aannodx,SN Ia
ZTF20aanrdek,SN Ia-02cx
ZTF20aansktb,SN Ia
ZTF20aansmlm,SN Ia
ZTF20aansmsj,SN Ia
ZTF20aanvmdt,SN Ib
ZTF20aanvpzo,SN Ia
ZTF20aanvqbi,SN IIP
ZTF20aanvqhk,SN Ia
ZTF20aanvsds,SN Ia
ZTF20aanyxvu,SN Ia
ZTF20aaodkvl,SN Ia
ZTF20aaoffej,SN IIP
ZTF20aaogrqe,SN Ia
ZTF20aaoldej,SN IIP
ZTF20aaolusw,SN Ia
ZTF20aaomeaa,SN Ia
ZTF20aaomtwl,SN Ia
ZTF20aaoojli,SN Ia
ZTF20aaophpu,SN IIP
ZTF20aaormnl,SN Ia
ZTF20aaosuzy,SN Ia
ZTF20aapadwx,SN Ia
ZTF20aapcbmc,SN Ic-BL
ZTF20aapcmur,SN Ia
ZTF20aapdgaw,SN Ia
ZTF20aapjiwl,SN IIP
ZTF20aapnqbw,SN Ib
ZTF20aappcup,SN Ia
ZTF20aappgod,SN Ia
ZTF20aaqepvb,SN IIP
ZTF20aaqhtcd,SN Ia
ZTF20aaqpxtm,SN Ia
ZTF20aaqrddh,SN Ia
ZTF20aaqvzko,SN Ia
ZTF20aarbktd,SN IIP
ZTF20aarbozi,SN Ia
ZTF20aarbvub,SN IIP
ZTF20aarcpql,SN Ia
ZTF20aarenrz,SN II
ZTF20aarkdoj,SN Ia
ZTF20aarucek,SN Ia
ZTF20aascttq,SN Ia
ZTF20aasctts,SN Ia
ZTF20aascwvz,SN Ia
ZTF20aasfaxj,SN Ia
ZTF20aasfhia,SN IIP
ZTF20aasijew,SN IIP
ZTF20aasitrr,SN Ia
ZTF20aasivxr,SN Ia
ZTF20aasiwcu,SN Ia
ZTF20aasjzgc,SN Ia
ZTF20aasjzhg,SN II
ZTF20aaskdhj,SN Ib
ZTF20aasmueu,SN Ia
ZTF20aasoarv,SN Ia
ZTF20aaspvan,SN IIP
ZTF20aasxerr,SN Ia
ZTF20aaszzez,SN Ia
ZTF20aatpoeh,SN Ia
ZTF20aatpqps,SN Ia
ZTF20aatpwaf,SN Ia
ZTF20aatpxkq,SN Ia
ZTF20aatqene,SN II
ZTF20aatqesi,SN IIP
ZTF20aatqief,SN Ia
ZTF20aattoch,SN IIP
ZTF20aattotq,SN Ia
ZTF20aattqbi,SN Ia
ZTF20aattqcv,SN Ia
ZTF20aattqle,SN IIP
ZTF20aattqnm,SN Ia
ZTF20aattqye,SN Ia
ZTF20aattriw,SN Ia
ZTF20aattyuz,SLSN-I
ZTF20aattztb,SN IIn
ZTF20aatulug,SN Ia
ZTF20aatuqps,SN Ia
ZTF20aatvqbu,SN
ZTF20aatvupb,SN IIP
ZTF20aatvzmm,SN Ia
ZTF20aatxnxq,SN Ia
ZTF20aatxryt,SN Ia-CSM
ZTF20aatzfin,SN Ia
ZTF20aatzwgk,SN Ia-91bg
ZTF20aaulajo,SN IIP
ZTF20aaullwz,SN IIP
ZTF20aaulzvl,SN Ia
ZTF20aaumlmu,SN IIP
ZTF20aaummmc,SN Ia
ZTF20aaumnfl,SN Ia
ZTF20aaumsrr,SN Ia
ZTF20aauodrj,SN IIP
ZTF20aauoipy,SN IIP
ZTF20aauomaf,SN Ia
ZTF20aauompx,SN IIP
ZTF20aauonld,SN Ia
ZTF20aauooag,SN Ia
ZTF20aauqhka,SN IIP
ZTF20aauqlwv,SN IIP
ZTF20aauqoim,SN Ia
ZTF20aauqrpe,SN Ia
ZTF20aauqtcp,SN Ia
ZTF20aaurexl,SN Ic-BL
ZTF20aaurfcm,SN Ia
ZTF20aaurfhs,SN IIP
ZTF20aaurfnl,SN Ic
ZTF20aaurgib,SN IIP
ZTF20aaurhio,SN Ia
ZTF20aaurhzc,SN Ia
ZTF20aaurjzv,SN Ia
ZTF20aaurknv,SN Ia
ZTF20aaurmtf,SN Ia
ZTF20aaurucm,SN Ia
ZTF20aaurwes,SN Ia
ZTF20aaurwih,SN Ia
ZTF20aaurzce,SN Ia
ZTF20aausahr,SN IIP
ZTF20aausxam,SN Ia
ZTF20aautscv,SN Ia
ZTF20aautzif,SN Ia
ZTF20aautzig,SN Ia
ZTF20aauuiri,SN Ia
ZTF20aauvbez,SN IIP
ZTF20aauvjws,SN IIP
ZTF20aauvmix,SN Ia
ZTF20aauwjla,SN Ia
ZTF20aauwjmw,SN Ia
ZTF20aauxgjf,SN Ia
ZTF20aauzoca,SN Ia
ZTF20aavcvrm,SN Ic-BL
ZTF20aavdcxo,SN IIP
ZTF20aavdgib,SN Ia
ZTF20aavgcnu,SN Ic
ZTF20aavhire,SN Ia
ZTF20aavhixe,SN IIn
ZTF20aavhqvo,SN Ia
ZTF20aavnnat,SN Ia
ZTF20aavnnkm,SN Ia
ZTF20aavnnqo,SN Ia
ZTF20aavnnzx,SN Ia-pec
ZTF20aavogex,SN II
ZTF20aavpnqt,SN Ia
ZTF20aavptjf,SN IIP
ZTF20aavpyxo,SN IIP
ZTF20aavqfli,SN Ia
ZTF20aavrkxw,SN Ia
ZTF20aavrloz,SN Ia
ZTF20aavrukn,SN Ia
ZTF20aavrzha,SN Ia
ZTF20aavtdxj,SN Ia
ZTF20aavvjie,SN Ia
ZTF20aavvzlw,SN Ia
ZTF20aavzffg,SN Ib
ZTF20aavzlxm,SN Ia
ZTF20aawadcp,SN Ia
ZTF20aawcjrx,SN Ia
ZTF20aawdjlp,SN Ia
ZTF20aawgrcu,SN IIP
ZTF20aawihxz,SN
ZTF20aawiicr,SN IIP
ZTF20aawijco,SN IIn
ZTF20aawmlfq,SN Ia
ZTF20aawoojh,SN Ia
ZTF20aawqywr,SN Ia
ZTF20aawrmcm,SN II
ZTF20aawxpru,SN IIP
ZTF20aawxsit,SN Ia-02cx
ZTF20aaxablt,SN Ia
ZTF20aaxagnm,SN Ia
ZTF20aaxahpk,SN Ia
ZTF20aaxbvkt,SN Ia
ZTF20aaxccrm,SN Ia
ZTF20aaxfzhw,SN Ia
ZTF20aaxhzhc,SN IIb
ZTF20aaxicpu,SN Ia
ZTF20aaxmtxg,SN Ia
ZTF20aaxndzx,SN Ia
ZTF20aaxunbm,SN IIP
ZTF20aaxuwuh,SN Ia
ZTF20aaxxcms,SN Ia
ZTF20aaxxepr,SN Ia
ZTF20aaxxhib,SN Ia
ZTF20aaybvye,SN Ia
ZTF20aaydgsu,SN Ia
ZTF20aayeims,SN Ia
ZTF20aayhacx,SN Ia-18byg
ZTF20aayjxdv,SN Ia
ZTF20aayjyhp,SN Ia
ZTF20aaymbjk,SN Ia
ZTF20aayprqz,SLSN-I
ZTF20aayrobw,SN IIP
ZTF20aayubpi,SN Ia
ZTF20aayvmyh,SN IIn
ZTF20aayvqhl,SN Ia
ZTF20aayvubx,SN Ia
ZTF20aayvymx,SN Ia
ZTF20aaywban,SN Ia
ZTF20aayxdse,SN IIP
ZTF20aayxldg,SN Ia
ZTF20aazcnrv,SN IIP
ZTF20aazdsjr,SN Ia
ZTF20aazdsty,SN Ia
ZTF20aazdxlx,SN Ia
ZTF20aazewhe,SN Ia
ZTF20aazffau,SN IIn
ZTF20aazgxgk,SN Ia
ZTF20aazhtvi,SN Ia
ZTF20aazhzna,SN Ia
ZTF20aazjwgh,SN Ia
ZTF20aazkjfv,SN Ic-BL
ZTF20aazlvht,SN Ia
ZTF20aazooyu,SN Ia
ZTF20aazoqmh,SN Ia
ZTF20aazpaki,SN Ia
ZTF20aazpapu,SN Ia
ZTF20aazpoif,SN Ia
ZTF20aazpwen,SN Ia
ZTF20aazpyhy,SN Ic
ZTF20aazquhc,SN Ia
ZTF20aazrxef,SN IIP
ZTF20aazstdx,SN Ia
ZTF20aazswwk,SN IIP
ZTF20aazsyvu,SN Ia
ZTF20aazwuin,SN Ia
ZTF20aazxvox,SN Ia
ZTF20aazymxi,SN Ia
ZTF20abafzxx,SN Ia
ZTF20abahhml,SN Ia
ZTF20abahpah,SN Ia
ZTF20abahplv,SN IIP
ZTF20abajdvf,SN Ia
ZTF20abajtzc,SN Ia
ZTF20abaknoz,SN Ia
ZTF20abapvvq,SN Ia
ZTF20abapyxl,SN Ia
ZTF20abarsvz,SN Ia
ZTF20abaslyx,SN IIP
ZTF20abasxmb,SN Ia
ZTF20abaszgh,SN Ib
ZTF20abatdly,SN Ia
ZTF20abatfzl,SN Ia
ZTF20abavnaw,SN Ia
ZTF20abavxpk,SN Ia
ZTF20abawgdl,SN Ia
ZTF20abawtpy,SN Ia
ZTF20abazekd,SN Ia
ZTF20abazgfi,SN Ia
ZTF20abbblms,SN Ia
ZTF20abbbumr,SN Ia
ZTF20abbeeyt,SN Ia
ZTF20abbhrrt,SN Ib
ZTF20abbhyxu,SN Ia
ZTF20abbihor,SN Ia
ZTF20abbjwgc,SN Ia
ZTF20abbozif,SN Ia
ZTF20abbpkpa,SN IIP
ZTF20abbplei,SN Ic-BL
ZTF20abbpory,SN Ia
ZTF20abbqfoi,SN IIP
ZTF20abbrptu,SN Ia
ZTF20abbumno,SN II
ZTF20abbzmue,SN Ia
ZTF20abccixp,SN IIP
ZTF20abcgjvq,SN Ia
ZTF20abcgkom,SN IIP
ZTF20abchbds,SN Ia
ZTF20abchhuw,SN Ia
ZTF20abcsbux,SN Ia
ZTF20abcwuwg,SN Ia
ZTF20abcxnbb,SN Ia
ZTF20abcxnfl,SN I
ZTF20abcxnkh,SN Ia
ZTF20abdajyr,SN Ia
ZTF20abdkdga,SN IIP
ZTF20abdnpdo,SN Ic
ZTF20abdsunu,SN Ia
ZTF20abdtiti,SN Ia
ZTF20abdxouw,SN Ia
ZTF20abdxuew,SN Ia
ZTF20abdzrxo,SN Ia
ZTF20abedygm,SN Ia
ZTF20abedyov,SN Ia
ZTF20abeeyre,SN Ia
ZTF20abeeyrn,SN Ia
ZTF20abeeyrs,SN Ia
ZTF20abeeytg,SN Ia
ZTF20abeezca,SN Ic
ZTF20abeezqx,SN Ia
ZTF20abefaya,SN Ia
ZTF20abefbiq,SN Ia
ZTF20abefbnz,SN Ia
ZTF20abefdvd,SN Ia
ZTF20abefyha,SN Ia
ZTF20abefzfc,SN Ia
ZTF20abegate,SN Ia
ZTF20abegirf,SN IIP
ZTF20abegiry,SN Ia
ZTF20abeglzu,SN Ia-pec
ZTF20abegoix,SN Ia
ZTF20abegopd,SN Ia-91bg
ZTF20abehvas,SN Ia
ZTF20abeimho,SN Ia
ZTF20abejvpr,SN Ia
ZTF20abekbzp,SN IIP
ZTF20abeldyn,SN Ia
ZTF20abeljuj,SN Ia
ZTF20abelnha,SN Ia
ZTF20abeohfn,SN IIP
ZTF20abeoicg,SN Ia
ZTF20abeolig,SN Ia
ZTF20abeolsw,SN Ia
ZTF20abepklv,SN IIP
ZTF20abeqsrm,SN Ia
ZTF20abexyxk,SN Ia
ZTF20abeyqmx,SN Ia
ZTF20abeyvwv,SN Ia
ZTF20abfadah,SN Ib
ZTF20abfcrzj,SN IIb
ZTF20abfcshg,SN Ia
ZTF20abfcsnk,SN Ia
ZTF20abfcszi,Tidal Disruption Event
ZTF20abfehpe,SN IIP
ZTF20abfemvr,SN Ia
ZTF20abffaxl,SN Ia
ZTF20abfhway,SN Ia
ZTF20abfhzhm,SN Ia
ZTF20abfklsy,SN Ia
ZTF20abfqeef,SN Ia
ZTF20abfsemq,SN Ia
ZTF20abfybms,SN Ia
ZTF20abfyriw,SN Ia
ZTF20abgakbv,SN Ia
ZTF20abgaovd,SN Ia
ZTF20abgbdeh,SN Ia
ZTF20abgbfyk,SN Ia
ZTF20abgbiet,SN Ia
ZTF20abgbuly,SN IIb
ZTF20abgbvgl,SN Ia
ZTF20abgbvrf,SN
ZTF20abgbwmt,SN Ia
ZTF20abgbxfm,SN Ia
ZTF20abgbxvb,SN Ib
ZTF20abgbxzn,SN Ia
ZTF20abgdspk,SN Ia
ZTF20abgdtmv,SN Ia
ZTF20abgevcw,SN Ia
ZTF20abgfekk,SN Ia
ZTF20abgfljj,SN Ia
ZTF20abgfvav,SN Ia
ZTF20abgijph,SN Ia
ZTF20abglyot,SN Ia
ZTF20abgoocl,SN IIn
ZTF20abgpksj,SN Ia
ZTF20abgtran,SN Ia
ZTF20abgtvhl,SN IIP
ZTF20abgwffm,SN Ia
ZTF20abgwgqj,SN Ia
ZTF20abgzvff,SN Ia
ZTF20abhjghg,SN Ia
ZTF20abhmawq,SN
ZTF20abhmnom,SN Ia
ZTF20abhrmxh,SN Ia
ZTF20abhvnzc,SN Ia-91bg
ZTF20abhzgly,SN Ia
ZTF20abirxmf,SN Ia
ZTF20abiscvb,SN I
ZTF20abisvtr,SN Ia
ZTF20abisysx,AGN
ZTF20abixkhh,SN Ia
ZTF20abixkpg,SN Ia
ZTF20abjaapj,SN IIP
ZTF20abjatqy,SN IIP
ZTF20abjbiqf,SN Ia
ZTF20abjcuep,SN Ia
ZTF20abjfufv,SN Ia
ZTF20abjgfac,SN Ia
ZTF20abjkvyt,SN Ia
ZTF20abjkxwa,SN Ia
ZTF20abjlaim,SN Ia
ZTF20abjonjs,SN IIP
ZTF20abjpvce,SN Ib
ZTF20abjrror,SN Ia
ZTF20abjubmm,SN Ia
ZTF20abjuxoy,SN IIP
ZTF20abjwuuv,SN Ia
ZTF20abjwvae,Tidal Disruption Event
ZTF20abjwvdh,SN Ia
ZTF20abjxrhg,SN Ia
ZTF20abjxwga,SN Ia
ZTF20abjyorg,SN IIP
ZTF20abjyoty,SN IIP
ZTF20abkcril,SN Ia
ZTF20abkdxng,SN Ia
ZTF20abkfhzy,SN Ia
ZTF20abkgypx,SN Ia
ZTF20abkhhjn,SN Ia
ZTF20abkhibz,SN Ia
ZTF20abkhtbc,SN Ia
ZTF20abkhtev,SN Ib
ZTF20abkiarz,SN Ic
ZTF20abkkuhh,SN IIP
ZTF20abkloyg,SN Ia
ZTF20abkwvgc,SN Ia
ZTF20abkzhpk,SN Ia
ZTF20ablagfg,SN Ia
ZTF20ableiem,SN Ia
ZTF20abliiex,SN IIP
ZTF20ablklei,SN IIP
ZTF20ablkswc,SN Ia
ZTF20ablnqzc,SN IIP
ZTF20ablqacl,SN IIP
ZTF20ablvukx,SN Ia
ZTF20ablxtlp,SN Ia
ZTF20abmapla,SN Ia
ZTF20abmarcv,SN Ia
ZTF20abmbxrq,SN Ia
ZTF20abmbycd,SN Ia
ZTF20abmcwtd,SN Ia
ZTF20abmcxaf,SN IIP
ZTF20abmdacd,SN Ib/c
ZTF20abmectx,SN Ia
ZTF20abmihnc,SN IIP
ZTF20abmlxrx,SN Ia-CSM
ZTF20abmmkyv,SN Ia
ZTF20abmoakx,SN IIP
ZTF20abmsppe,SN Ia
ZTF20abmsqaa,SN Ia
ZTF20abmsqpr,SN Ia
ZTF20abmsxxr,SN Ia
ZTF20abmtaya,SN IIP
ZTF20abmubmh,SN Ia
ZTF20abmxovj,SN Ia
ZTF20abmxstg,SN Ia
ZTF20abmxtnh,SN Ia
ZTF20abmzfql,SN Ia
ZTF20abnbilr,SN Ia
ZTF20abndzyc,SN Ia
ZTF20abnlsww,SN Ia
ZTF20abnnfpv,SN IIP
ZTF20abnnftk,SN Ia
ZTF20abnofwd,SN Ia
ZTF20abnorit,Tidal Disruption Event
ZTF20abnrdse,SN Ia
ZTF20abnvdem,SN Ia
ZTF20abobpcb,SLSN-I
ZTF20abodgpt,SN Ia
ZTF20abonvte,SN IIn
ZTF20aborzxc,SN Ic
ZTF20abowpvf,SN Ia
ZTF20aboytzr,SN Ia-03fg
ZTF20aboyujf,SN Ia
ZTF20abozqdj,SN Ic
ZTF20abpeyat,SN Ia
ZTF20abpglei,SN Ia
ZTF20abpmqnr,SN IIn
ZTF20abpqdgh,SN Ia
ZTF20abpqenl,SN Ia
ZTF20abpsbyg,SN Ia
ZTF20abpscln,SN Ia
ZTF20abpubll,SN Ia
ZTF20abpucsd,SN Ia
ZTF20abpuijn,SN Ia
ZTF20abpuxcc,SN Ic
ZTF20abpuxna,SN IIP
ZTF20abpuyau,SN Ia
ZTF20abpvhij,SN Ia
ZTF20abpvhlg,SN IIP
ZTF20abpvhqv,SN Ic
ZTF20abpvolc,SN Ia
ZTF20abpyplw,SN Ia
ZTF20abpyxja,SN Ia
ZTF20abqaqgv,SN Ia
ZTF20abqbzuv,SN Ia
ZTF20abqcvtk,SN Ia
ZTF20abqdkne,SN Ic
ZTF20abqdqyh,SN IIP
ZTF20abqefja,SN Ia
ZTF20abqetet,SN Ia
ZTF20abqferm,SN IIP
ZTF20abqfgee,SN Ia
ZTF20abqgbum,SN IIn
ZTF20abqgzhh,SN Ia
ZTF20abqhnqq,SN Ia
ZTF20abqhsxb,Novae
ZTF20abqkbfx,SN Ia-CSM
ZTF20abqkmlp,SN Ia
ZTF20abqlmwn,SN IIP
ZTF20abqmmhn,SN Ia
ZTF20abqmtsh,SN Ia
ZTF20abqnctf,SN Ia
ZTF20abqnztv,SN Ia
ZTF20abqofgc,SN Ia
ZTF20abqosnh,SN Ia
ZTF20abqqwui,SN Ia
ZTF20abrcnbr,SN Ib/c
ZTF20abrdvpj,SN Ia
ZTF20abrffom,SN Ia-02cx
ZTF20abrgyhd,SN Ia
ZTF20abrgzfn,SLSN-II
ZTF20abrhlfb,SN Ia
ZTF20abrmmah,SN Ic-BL
ZTF20abrnavu,SN Ia
ZTF20abrnklh,SN Ia
ZTF20abrnvnn,SN IIP
ZTF20abrnvwf,SN Ia
ZTF20absfrbq,SN Ia
ZTF20absgwch,SN II
ZTF20absvwdh,SN Ia
ZTF20abswdbg,SN Ic-BL
ZTF20abswgbn,SN Ia
ZTF20abszyjg,SN Ia
ZTF20abszzlp,SN Ia
ZTF20abtajxq,SN Ia
ZTF20abtcijp,SN Ia
ZTF20abtfnpl,SN Ia
ZTF20abthxfr,SN Ia
ZTF20abtjjhb,SN IIn
ZTF20abtkjfw,SN Ic
ZTF20abtnpwt,SN Ia
ZTF20abtsecq,SN Ia
ZTF20abucjsa,SN Ia
ZTF20abucvpo,SN Ia
ZTF20abujoya,SN Ia
ZTF20abuojuw,SN Ia
ZTF20abupbub,SN Ia
ZTF20abupxie,SN IIP
ZTF20abuqali,SN IIP
ZTF20abushtf,SN Ia
ZTF20abusrwm,SN Ic
ZTF20abuusst,SN Ia
ZTF20abvaida,SN Ia
ZTF20abvowvw,SN Ia
ZTF20abvqibv,SN Ia
ZTF20abvquuo,SN Ib
ZTF20abvtozi,SN Ia
ZTF20abvtybi,SN IIP
ZTF20abvyare,SN Ia
ZTF20abvycao,SN Ia
ZTF20abvycvf,SN Ia
ZTF20abvykmy,SN Ia
ZTF20abwaoey,SN Ia
ZTF20abwavab,SN Ia-91T
ZTF20abwcnhm,SN Ia
ZTF20abwdaeo,SN IIP
ZTF20abwdwoa,SN Ia
ZTF20abwkqxd,SN Ia
ZTF20abwktfx,SN Ia
ZTF20abwrcmq,SN Ia
ZTF20abwtifz,Tidal Disruption Event
ZTF20abwvswy,SN I
ZTF20abwxywy,SN Ic
ZTF20abwynwj,SN Ia
ZTF20abwyyjc,SN Ia
ZTF20abxcycq,SN Ia
ZTF20abxgwjr,SN Ia
ZTF20abxgxjd,SN Ia
ZTF20abxhigx,SN Ia
ZTF20abxjefm,SN Ia-91T
ZTF20abxlham,SN Ia
ZTF20abxmgny,SN Ia
ZTF20abxmwwd,SN IIP
ZTF20abxpoxd,SN Ic
ZTF20abxpzxg,SN Ia
ZTF20abxrsjb,SN Ia
ZTF20abxtiyh,SN Ia
ZTF20abxwreg,SN Ia
ZTF20abxxvzp,SN Ia
ZTF20abxxzxy,SN Ia
ZTF20abxyaaf,SN Ic
ZTF20abxyadt,SN Ia
ZTF20abxyajd,SN Ia
ZTF20abxyaje,SN IIP
ZTF20abxyaqc,SN Ia
ZTF20abxyauq,SN IIP
ZTF20abxyddt,SN I
ZTF20abxyfye,SN Ia
ZTF20abxyggc,SN Ia
ZTF20abxyifx,SN IIP
ZTF20abxyiqi,SN IIP
ZTF20abxyjfg,SN Ia
ZTF20abybeex,SN IIP
ZTF20abydkrl,SN Ia
ZTF20abyfgri,SN Ia
ZTF20abygigy,SN Ia
ZTF20abyiohf,SN Ia
ZTF20abyiycy,SN Ia
ZTF20abyjopm,SN Ia
ZTF20abyjoxb,SN Ia
ZTF20abyjpxx,SN Ia
ZTF20abykfsr,SN IIP
ZTF20abylbuf,SN Ia
ZTF20abyleyk,SN Ia
ZTF20abypkpz,SN Ia
ZTF20abyppuk,SN Ia
ZTF20abyqdyg,SN Ia
ZTF20abyskia,SN Ia
ZTF20abysqxw,SN Ia
ZTF20abysxbk,SN Ib
ZTF20abyvtds,SN Ia
ZTF20abywoaa,SN IIP
ZTF20abywpkl,SN Ia
ZTF20abywspv,SN Ia
ZTF20abywsut,SN Ic
ZTF20abywydb,SN IIP
ZTF20abywzvj,SN Ia
ZTF20abyxcib,SN Ia
ZTF20abyxnjo,SN Ia
ZTF20abyxuky,SN Ia
ZTF20abyyfmw,SN Ia
ZTF20abyylgi,SN IIP
ZTF20abyzbxa,SN Ia
ZTF20abyzgzj,SN Ia
ZTF20abyznqs,SN Ib
ZTF20abyzomt,SN IIP
ZTF20abyzprl,SN IIP
ZTF20abzaknn,SN Ia
ZTF20abzcokv,SN Ia
ZTF20abzcsbt,SN Ia
ZTF20abzetdf,SN Ia
ZTF20abzgegm,SN IIP
ZTF20abzgfhl,SN Ia
ZTF20abzhwtq,SN Ia
ZTF20abzjads,SN Ia
ZTF20abzjcdg,SN Ic
ZTF20abzjoxd,SN IIn
ZTF20abzjpsv,SN Ia
ZTF20abzjvse,SN Ia
ZTF20abzoaas,SN IIP
ZTF20abzpxxu,SN Ia
ZTF20abztkiv,SN IIP
ZTF20abzvxyk,SN Ia
ZTF20acaczen,SN Ia
ZTF20acauthg,SN Ia
ZTF20acbakkg,SN Ia-91bg
ZTF20acbcfaa,SN IIn
ZTF20acbeanu,SN Ia
ZTF20acbekkx,SN IIn
ZTF20acberfr,SN Ia
ZTF20acbnwyb,SN Ia
ZTF20acbttnt,SN Ia
ZTF20accagnf,SN Ia
ZTF20accdijx,SN IIP
ZTF20acchxpm,SN Ia
ZTF20accmtgt,SN Ia
ZTF20accmutv,SN Ia
ZTF20accoccp,SN Ia
ZTF20accovje,SN Ia
ZTF20accrldu,SN IIP
ZTF20accsfkt,SN Ia
ZTF20acctbbw,SN Ia
ZTF20accxqqo,SN Ia
ZTF20accxzmn,SN Ia
ZTF20acdafau,SN Ia
ZTF20acdalpf,SN Ia
ZTF20acdqjeq,SN Ia
ZTF20acduffd,SN Ia-91bg
ZTF20acebgre,SN Ia
ZTF20acebweq,SN Ia
ZTF20acectxy,SN II
ZTF20aceeeuz,Novae
ZTF20acehyxd,SN Ia
ZTF20aceqoer,SN Ia
ZTF20acexvcz,SN Ia
ZTF20acezpem,SN Ia
ZTF20acfaonm,SN Ia
ZTF20acfasbq,SN Ia
ZTF20acfkkyf,SN Ia
ZTF20acfnuee,SN Ia
ZTF20acfqeve,SN IIn
ZTF20acfqngt,SN Ic
ZTF20acfvqdz,SN IIP
ZTF20acfvqjl,SN Ia
ZTF20acfvsze,SN Ia
ZTF20acfwrln,SN IIP
ZTF20acgbkji,SN Ia
ZTF20acgcgnf,SN Ia
ZTF20acgchsp,SN II
ZTF20acggqfs,SN II
ZTF20acggvnn,SN II
ZTF20acggxac,SN Ia
ZTF20acggzxc,SN Ia
ZTF20acghodf,SN IIn
ZTF20acgided,SN IIP
ZTF20acgiglu,SN IIb
ZTF20acgkbjz,SN Ia
ZTF20acgkuay,SN Ia
ZTF20acgmqgv,SN Ia
ZTF20acgmvsn,SN Ia
ZTF20acgnbvv,SN Ia
ZTF20acgnelh,SN II
ZTF20acgnenc,SN IIP
ZTF20acgnrqu,SN Ia
ZTF20acgnzhj,SN Ia
ZTF20acgoxns,SN II
ZTF20acgpigm,SN Ia
ZTF20acgpngg,SN Ia
ZTF20acgpqqr,SN Ia
ZTF20acgprcg,SN Ia
ZTF20acgremo,SN Ia
ZTF20acgrvqo,SN Ia
ZTF20acgrvtr,SN Ia
ZTF20acgsvwb,SN Ia
ZTF20acgyixo,SN Ia
ZTF20acgyjbh,SN II
ZTF20acgynyw,SN Ia
ZTF20acgyvgs,SN Ia
ZTF20acgzjje,SN Ia
ZTF20acgznau,SN Ia
ZTF20achadaa,SN Ia
ZTF20achatyv,SN Ia
ZTF20achawym,SN Ia
ZTF20achaxsk,SN II
ZTF20achaxvo,SN Ia
ZTF20achbejn,SN IIP
ZTF20achbekh,SN Ia
ZTF20achbkud,SN Ia
ZTF20achdcni,SN Ia
ZTF20achdwmq,SN Ia
ZTF20achjwqt,SN IIn
ZTF20achkgng,SN Ia
ZTF20achksbc,SN Ia
ZTF20achmgee,SN Ia
ZTF20achmmex,SN II
ZTF20achncqp,SN Ia
ZTF20achncvv,SLSN-II
ZTF20achncxi,SN Ia
ZTF20achnfaa,SN IIP
ZTF20achoqvb,SN Ia
ZTF20achsfcq,SN Ia
ZTF20achsoln,SN Ia
ZTF20achstwk,SN Ia
ZTF20achtpbn,SN Ia
ZTF20achtxbi,SN Ia
ZTF20achtzug,SN Ia
ZTF20achusux,SN IIP
ZTF20achvdtx,SN IIP
ZTF20achvere,SN Ia
ZTF20achvlbs,SN Ic-BL
ZTF20achvmjr,SN Ia
ZTF20achvmoj,SN Ia
ZTF20achwpvs,SN Ia
ZTF20achzugy,SN Ia
ZTF20aciaxil,SN Ia
ZTF20acifwef,SN Ia
ZTF20aciievv,SN Ia
ZTF20aciigcw,SN Ia-91bg
ZTF20acikuon,SN Ia
ZTF20acikzzn,SN Ia
ZTF20acimjmc,SN Ia-91bg
ZTF20aciowcm,SN Ia
ZTF20acisbek,SN Ia
ZTF20acitbmh,SN Ia
ZTF20acitoie,SN IIP
ZTF20aciuakv,SN Ia
ZTF20aciubfx,SN IIP
ZTF20aciubjh,SN II
ZTF20aciudrr,SN Ia
ZTF20aciugdl,SN Ia
ZTF20aciwcuz,SN Ia-CSM
ZTF20aciwrpn,SN IIn
ZTF20acixidp,SN Ia
ZTF20acizliy,SN Ia
ZTF20acjbhhp,SN II
ZTF20acjeflr,SLSN-I
ZTF20acjetyf,SN Ia
ZTF20acjfimy,SN Ia
ZTF20acjhhqx,SN Ia
ZTF20acjjkhr,SN Ia
ZTF20acjlkpe,SN Ia
ZTF20acjpvyd,SN IIb
ZTF20acjrytv,SN Ia
ZTF20acjsazw,SN Ia
ZTF20acjutba,SN Ia
ZTF20acjzzyr,SN Ia
ZTF20ackdkva,SN Ia
ZTF20ackhoov,SN IIP
ZTF20ackkejs,SN Ia
ZTF20acknpig,SN IIP
ZTF20ackrqfi,SN Ia
ZTF20ackzfvn,SN II
ZTF20aclflxd,SN Ia
ZTF20aclgnds,SN Ia
ZTF20aclkuqh,SN Ia
ZTF20aclkvjy,SN IIn
ZTF20aclnsts,SN Ia
ZTF20aclvtnk,SN II
ZTF20aclvvws,SN I
ZTF20aclwclm,SN Ia
ZTF20aclxbwk,SN Ia
ZTF20acmafkf,SN Ia
ZTF20acmddof,SN Ia
ZTF20acmhmzl,SN II
ZTF20acmxpmg,SN Ia
ZTF20acmzoxo,SN Ia
ZTF20acnigox,SN Ia
ZTF20acnrphs,SN Ia
ZTF20acnrvfm,SN II
ZTF20acnsgdb,SN Ia
ZTF20acnsinb,SN Ia
ZTF20acntqoh,SN Ia
ZTF20acnviyk,SN Ia
ZTF20acnvlgg,SN Ia
ZTF20acnvniw,SN IIn
ZTF20acnvnss,SN Ia
ZTF20acnvtxy,SN II
ZTF20acnvzga,SN Ia
ZTF20acnwjwp,SN Ia
ZTF20acnywhz,SN Ia
ZTF20acnyxln,SN Ia
ZTF20acnzkxb,SN II
ZTF20acnznol,SN Ia-91bg
ZTF20acoaqpm,SN Ia
ZTF20acobvxk,SN Ia
ZTF20acobxlz,SN Ia
ZTF20acocohy,SN II
ZTF20acogesf,SN Ia
ZTF20acogywb,SN Ia
ZTF20acoqlav,SN Ia
ZTF20acoqlrd,SN Ia
ZTF20acoqpbg,SN Ia
ZTF20acordqz,SN Ia
ZTF20acoredl,SN Ia
ZTF20acorjop,SN II
ZTF20acosehg,SN Ia
ZTF20acotwur,SN Ia
ZTF20acounxo,SN II
ZTF20acouofb,SN II
ZTF20acovdho,SN Ia
ZTF20acowata,SN Ia
ZTF20acowddo,SN Ia
ZTF20acowpur,SN Ia
ZTF20acowuix,SN Ia
ZTF20acoxdas,SN Ia
ZTF20acoyfpk,SN Ia
ZTF20acoykif,SN Ia
ZTF20acoyvdg,SN Ia
ZTF20acoyyly,SN Ia
ZTF20acozbod,Novae
ZTF20acpbdvm,SN II
ZTF20acpbnzr,SN Ia
ZTF20acpeldz,SN Ia
ZTF20acpgnej,SN Ia
ZTF20acpgnsn,SN Ia
ZTF20acpgokr,SN II
ZTF20acpgzif,SN Ia
ZTF20acphccy,SN Ia
ZTF20acphcdv,SN Ia
ZTF20acphvjk,SN Ia
ZTF20acpjcoe,SN Ia
ZTF20acpjqxp,SN Ib-p
ZTF20acpkjsn,SN Ia
ZTF20acpkled,SN Ia
ZTF20acpklpq,SN Ia
ZTF20acpkqhq,SN Ia
ZTF20acpkses,SN II
ZTF20acpksoc,SN Ia
ZTF20acpkzxq,SN Ia
ZTF20acplhku,SN Ia
ZTF20acplqek,SN Ia-pec
ZTF20acpmgdz,SN Ia
ZTF20acpmxdg,SN Ia
ZTF20acpprmy,SN Ia
ZTF20acpqagp,SN Ia
ZTF20acpqbfu,SN II
ZTF20acprmuv,SN IIn
ZTF20acptdpf,SN Ia
ZTF20acpujxl,SN Ia
ZTF20acpumut,SN Ia
ZTF20acpvbbh,SN II
ZTF20acpvxmk,SN Ia
ZTF20acqelhh,SN Ia
ZTF20acqexmr,SN II
ZTF20acqgklx,SN IIn
ZTF20acqikeh,SN Ia-CSM
ZTF20acqlfwb,SN Ia
ZTF20acqnfzn,SN II
ZTF20acqntkr,SN Ia
ZTF20acqqdkl,SN II
ZTF20acquetr,SN Ia
ZTF20acqvgav,SN Ia
ZTF20acqvwzb,SN II
ZTF20acqvwzm,SN Ib
ZTF20acqzjqz,SN Ia
ZTF20acrbpqd,SN Ia
ZTF20acrdemq,SN Ia
ZTF20acrerzb,SN Ia
ZTF20acrhrcy,SN Ia
ZTF20acrqeje,SN Ia
ZTF20acrrssy,SN II
ZTF20acrseou,SN Ia
ZTF20acrudzk,SN Ia
ZTF20acrufey,SN Ia
ZTF20acrxrfv,SN Ia
ZTF20acrzuko,SN I
ZTF20acsesce,SN Ia
ZTF20acsfdnn,SN Ia
ZTF20actawpa,SN II
ZTF20actddoh,SN Ia
ZTF20actdeqw,SN Ia
ZTF20actekrw,SN Ic
ZTF20actfeym,SN Ia
ZTF20actfoxr,SN Ia
ZTF20actiymd,SN Ia
ZTF20actkmks,SN II
ZTF20actkulc,SN IIn
ZTF20actljfs,SN Ia
ZTF20actnuls,SN II
ZTF20actnzzk,SN II
ZTF20actoakx,SN Ia
ZTF20actocyw,SN Ia
ZTF20actodrq,SN II
ZTF20actpatx,SN Ia
ZTF20actpbck,SN Ia
ZTF20actpqgc,SN Ic
ZTF20actpuan,SN Ia
ZTF20actqnhg,SN II
ZTF20actquzl,SN II
ZTF20actskcf,SN Ia
ZTF20actvfgr,SN Ia
ZTF20actvpyc,SN Ia
ZTF20acuaqlf,SN II
ZTF20acucbek,SN Ia
ZTF20acudkao,SN Ia
ZTF20acueziy,SN Ic-norm
ZTF20acufmte,SN II
ZTF20acugxbm,SN Ia
ZTF20acuhgar,SN II
ZTF20acuimtq,SN Ia
ZTF20acukxat,SN Ia
ZTF20aculruc,SN Ia-norm
ZTF20acumekm,SN Ia
ZTF20acumrio,SN Ia
ZTF20acumxrh,SN Ia
ZTF20acuobve,SN Ia
ZTF20acuosvy,SN Ia
ZTF20acuoxrx,SN Ia
ZTF20acurrzb,SN Ia
ZTF20acurtpj,SN Ia
ZTF20acusneh,SN Ia
ZTF20acuspji,SN Ia
ZTF20acusqsp,SN Ia
ZTF20acusylb,SN IIn
ZTF20acuvatg,SN Ia
ZTF20acuzfpk,SN Ia
ZTF20acuzjqk,SN Ia
ZTF20acuzlib,SN Ia
ZTF20acvagdq,SN Ia
ZTF20acvbcrd,SN Ia
ZTF20acvbrbv,SN Ia-91bg
ZTF20acvchhw,SN Ia
ZTF20acvdqtg,SN Ia
ZTF20acveadu,SN II
ZTF20acvejem,SN Ia
ZTF20acveyyv,SLSN-II
ZTF20acvezdt,SN II
ZTF20acviwcr,SN Ia
ZTF20acvjagm,SN II
ZTF20acvjlev,SN II
ZTF20acvkjrm,SN Ia
ZTF20acvziuf,SN Ia
ZTF20acwcfvx,SN Ia
ZTF20acwdnbw,SN Ia
ZTF20acweyro,SN Ia
ZTF20acwfcfs,SN Ia
ZTF20acwfftd,SN Ia
ZTF20acwfgiy,SN Ia
ZTF20acwgnxk,SN Ia-91bg
ZTF20acwgxhk,SN II
ZTF20acwkvgj,SN Ia
ZTF20acwkwqn,SN Ia
ZTF20acwmpsj,SN Ia
ZTF20acwncbd,SN Ia
ZTF20acwoamm,SN Ia
ZTF20acwomqh,SN Ia
ZTF20acwozwz,SN Ia
ZTF20acwphqb,SN Ia
ZTF20acwqlpq,SN Ia
ZTF20acwqndp,SN Ia
ZTF20acwqqjs,SN IIb
ZTF20acwujgz,SN Ia
ZTF20acwxbyr,SN Ia
ZTF20acwyihb,SN Ia
ZTF20acwytht,SN IIP
ZTF20acwytmh,SN Ia
ZTF20acwytxn,Tidal Disruption Event
ZTF20acxbbaj,SN Ia
ZTF20acxbnjd,SN Ia
ZTF20acxdawc,SN Ia
ZTF20acxkfrm,SN II
ZTF20acxlaih,SN Ia
ZTF20acxmxth,SN Ia
ZTF20acxmxtu,SN IIn
ZTF20acxncha,SN Ia
ZTF20acxooam,SN Ia
ZTF20acxpurh,SN Ia
ZTF20acxpvhu,SN Ia
ZTF20acxqnhn,SN Ia-pec
ZTF20acxsxac,SN Ia
ZTF20acxtgek,SN II
ZTF20acxvvnf,SN Ia
ZTF20acxzkkf,SN Ia
ZTF20acxzqyp,SN Ia
ZTF20acymtcs,SN Ia
ZTF20acynaba,SN Ia
ZTF20acynjjo,SN Ia
ZTF20acynllu,SN Ia
ZTF20acyntiu,SN Ia
ZTF20acyqzeu,SN II
ZTF20acyrhbo,SN Ia
ZTF20acyrodl,SN Ia
ZTF20acytgxf,SN II
ZTF20acyvbhj,SN Ia
ZTF20acyxrez,SN Ia
ZTF20acyyavb,SN Ia
ZTF20acyybvq,SN Ia-pec
ZTF20acyybwo,SN Ia
ZTF20acyzsol,SN Ia
ZTF20aczacag,SN Ia
ZTF20aczfwjj,SN Ia
ZTF20aczgoml,SN Ia-91T
ZTF20aczgvfe,SN II
ZTF20aczhajq,SN Ia
ZTF20aczsjzc,SN Ia
ZTF20acztnts,SN Ia
ZTF20adadffg,SN Ia
ZTF20adadlqm,SN II
ZTF20adadlqv,SN II
ZTF20adadmsg,SN Ia
ZTF20adadsgm,SN Ia
ZTF20adaduxg,SN II
ZTF20adaghdo,SN Ia
ZTF21aaaadmo,SN Ia
ZTF21aaaalaf,SN Ia
ZTF21aaaawur,SN Ia
ZTF21aaabaey,SN Ia
ZTF21aaabtyq,SN Ia
ZTF21aaabubo,SN Ia
ZTF21aaabucr,SN Ia
ZTF21aaabuoj,SN Ia
ZTF21aaabviz,SN Ia
ZTF21aaabvkj,SN Ia
ZTF21aaabwfl,SN Ia
ZTF21aaabwzx,SN Ia
ZTF21aaabxbd,SN IIn
ZTF21aaabxln,SN Ia
ZTF21aaabzap,SN Ia
ZTF21aaabzdr,SN Ib/c
ZTF21aaadiap,SN Ia
ZTF21aaaewsb,SN Ia
ZTF21aaafgmv,SN Ia
ZTF21aaagypx,SN II
ZTF21aaagzee,SN Ia
ZTF21aaahtln,SN Ia
ZTF21aaahuox,SN Ia
ZTF21aaahyjj,SN Ia-91T
ZTF21aaaigfg,SN Ia
ZTF21aaaldio,SN Ia
ZTF21aaampui,SN Ia
ZTF21aaaokyp,Tidal Disruption Event
ZTF21aaaouyd,SN I
ZTF21aaaoviv,SN Ia
ZTF21aaarlbp,Novae
ZTF21aaasxel,SN Ia
ZTF21aaateuz,SN Ia
ZTF21aaaubig,SN Ic
ZTF21aaazieb,SN Ia
ZTF21aabcyvd,SN Ia
ZTF21aabfson,SN Ia
ZTF21aabgdda,SN Ia
ZTF21aabhqng,SN Ia
ZTF21aabhxxj,SN Ia
ZTF21aabjesm,SN II
ZTF21aabpszb,SN Ia
ZTF21aabvdjw,SN Ia
ZTF21aabvqlo,SN Ia
ZTF21aabxjqr,SN IIb
ZTF21aabxztv,SN Ia
ZTF21aackkcp,SN Ia
ZTF21aacpasn,SN Ia
ZTF21aacscvb,SN Ia
ZTF21aacvhsc,SN Ia
ZTF21aacvupj,SN Ia
ZTF21aacwleg,SN II
ZTF21aacxung,SN Ia
ZTF21aaczpca,SN Ia
ZTF21aadalct,SN Ia
ZTF21aadatfg,SN Ic-BL
ZTF21aadebss,SN Ia
ZTF21aadkgpm,SN Ia
ZTF21aadkhte,SN II
ZTF21aadkuko,SN Ia
ZTF21aadoizf,SN II
ZTF21aadtkki,SN Ia
ZTF21aadzuil,SN Ia
ZTF21aaejeyu,SN Ia
ZTF21aaekeqv,SN II
ZTF21aaekkbv,SN Ia
ZTF21aaespww,SN Ia
ZTF21aaewexx,SN Ia
ZTF21aafdvxz,SN II
ZTF21aafdxca,SN Ia
ZTF21aafhftg,SN Ia
ZTF21aafkgvj,SN Ia
ZTF21aafkpnp,SN Ia
ZTF21aafkwtk,SN II-norm
ZTF21aaflcbk,SN Ia
ZTF21aafnabs,SN Ia
ZTF21aafnunh,SN Ic-BL
ZTF21aagkhwf,SN Ia
ZTF21aagkvqa,SN Ia
ZTF21aaglgcb,SN Ia
ZTF21aaglxow,SN Ia
ZTF21aagmqic,SN Ia
ZTF21aagmryd,SN Ia
ZTF21aagmzio,SN Ia
ZTF21aagnqnz,SN IIn
ZTF21aagoeny,SN Ia
ZTF21aagofnn,SN Ia
ZTF21aagofpx,SN Ia
ZTF21aagogqe,SN Ia
ZTF21aagojfe,SN Ia
ZTF21aagolae,SN Ia
ZTF21aagoliy,SN Ia
ZTF21aagolqa,SN Ia
ZTF21aagpymw,SN Ic-SLSN
ZTF21aagqbvp,SN II
ZTF21aagqcfs,SN Ia
ZTF21aagrjag,SN Ia
ZTF21aagsgit,SN Ia
ZTF21aagtceu,SN Ia
ZTF21aagtekf,SN II
ZTF21aagteny,SN Ia
ZTF21aagtexi,SN Ia
ZTF21aagtoic,SN Ia
ZTF21aagtpyw,SN Ia
ZTF21aagtqgz,SN Ia-91T
ZTF21aagtqna,SN II
ZTF21aagtqpn,SN II
ZTF21aagtqug,SN Ia-91bg
ZTF21aagtuzm,SN Ia
ZTF21aagxmfv,SN Ia-91T
ZTF21aagycmk,SN Ia
ZTF21aagyewh,SN Ia
ZTF21aagygzv,SN Ia
ZTF21aagyrvh,SN Ia
ZTF21aagyscx,SN Ia
ZTF21aagyvtq,SN Ia
ZTF21aahccrk,SN Ia
ZTF21aahdpqu,SN Ia
ZTF21aahdqrg,SN Ic
ZTF21aahfbkh,SN Ia-91bg
ZTF21aahfjlo,SN Ia
ZTF21aahfjrr,SLSN-II
ZTF21aahgspm,SN II
ZTF21aahkvem,SN Ia
ZTF21aahnkut,SN Ia
ZTF21aahptim,SN Ia
ZTF21aahsgan,SN Ia
ZTF21aahsqng,SN Ia
ZTF21aahtmlu,SN Ia
ZTF21aahvuvi,SN Ia
ZTF21aahzspd,SN Ia
ZTF21aaifyvi,SN Ia
ZTF21aaigqir,SN Ia
ZTF21aaihala,SN Ia
ZTF21aaikpnj,SN Ia
ZTF21aaipypa,SN II
ZTF21aaizyqc,SN II
ZTF21aajaljq,SN Ia
ZTF21aajdbhw,SN Ia
ZTF21aajfpwk,SN Ia
ZTF21aajmkrd,SN Ia
ZTF21aajtsba,SN Ia-91T
ZTF21aajtszm,SN Ia
ZTF21aajvtsq,SN Ia
ZTF21aakbgpf,SN Ia
ZTF21aakijia,SN Ia
ZTF21aakjkec,SN Ic-BL
ZTF21aaknzxo,SN Ia
ZTF21aakupth,SN IIn
ZTF21aakvhtz,SN Ia
ZTF21aakybgi,SN Ia
ZTF21aakymbv,SN Ic
ZTF21aakyqkb,SN Ia
ZTF21aakzmaq,SN Ia
ZTF21aalekwo,SN Ia
ZTF21aalezap,SN Ia-pec
ZTF21aalgszc,SN Ia
ZTF21aalhrtk,SN Ia-91bg
ZTF21aalimya,SN IIb
ZTF21aalkhot,SN Ic-SLSN
ZTF21aalkjbl,SN Ia-91bg
ZTF21aalkknw,SN Ia
ZTF21aalkltz,SN Ibn
ZTF21aallfyn,SN Ia
ZTF21aalnhby,SN Ia
ZTF21aalnyny,SN Ia
ZTF21aalodzw,SN II
ZTF21aalofsw,SN Ia
ZTF21aaluqkp,SN II
ZTF21aalyvyw,SN Ia
ZTF21aamcpte,SN Ia-norm
ZTF21aamfcji,SN Ia
ZTF21aamgcrv,SN Ia
ZTF21aamgrtx,SN Ia
ZTF21aamiukc,SN Ia
ZTF21aamnngb,SN Ia
ZTF21aamobbh,SN Ibn
ZTF21aamqgid,SN II
ZTF21aamsiqk,SN Ia
ZTF21aamttit,SN Ia
ZTF21aamucom,SN Ia-91T
ZTF21aamwlzd,SN Ia
ZTF21aamwqim,SN II
ZTF21aamwyql,SN Ia
ZTF21aamwzfi,SN Ia
ZTF21aamzuxi,SN II
ZTF21aanefkx,SLSN-II
ZTF21aanfuuk,SN II
ZTF21aannoix,SN Ic
ZTF21aanortq,SN Ia-pec
ZTF21aanplys,SN II
ZTF21aanrhag,SN IIb
ZTF21aanswls,SN Ia
ZTF21aantsla,SN II
ZTF21aanuyro,SN Ia
ZTF21aanvncv,SN Ib
ZTF21aanwbhk,SN Ia
ZTF21aanwfjk,SN Ia
ZTF21aanxhjv,Tidal Disruption Event
ZTF21aanxiax,SN Ia
ZTF21aanyfqu,SN Ia
ZTF21aanyyde,SN Ia
ZTF21aanzcuj,SN II
ZTF21aaocibg,SN Ia
ZTF21aaodljj,SN Ia
ZTF21aaoexgy,SN Ia
ZTF21aaoexjt,SN Ia
ZTF21aaogglh,SN Ia
ZTF21aaoiaar,SN IIb
ZTF21aaokvio,SN IIn
ZTF21aaoppzc,SN Ia
ZTF21aaoqbbw,SN IIn
ZTF21aaoqvzv,SN Ia
ZTF21aaovdlh,SN Ia
ZTF21aaowaxx,SN IIn
ZTF21aapdmnr,SN Ia
ZTF21aapduck,SN Ia
ZTF21aapdumx,SN Ibn
ZTF21aapdxxs,SN II
ZTF21aapecxb,SN Ic-BL
ZTF21aapegtd,SN II
ZTF21aapehpx,SN Ia
ZTF21aapejbx,SN Ia
ZTF21aapfdqw,SN II
ZTF21aapffqd,SN II
ZTF21aapfime,SN Ia
ZTF21aapfpod,SN Ia
ZTF21aaphlty,SN Ia
ZTF21aaphvyi,SN Ia
ZTF21aapjmda,SN Ia-91bg
ZTF21aapjmgf,SN II-norm
ZTF21aapjphz,SN II
ZTF21aapkhsc,SN Ia
ZTF21aapkvrd,SN Ia
ZTF21aapliyn,SN II
ZTF21aaplnef,SN Ia
ZTF21aaplnxw,SN Ia-03fg
ZTF21aapnlfx,SN Ia
ZTF21aapomdb,SN Ia
ZTF21aappdnv,SN Ic-SLSN
ZTF21aapqzxr,SN Ia
ZTF21aaprddk,SN Ia
ZTF21aaprevg,SN Ia
ZTF21aaprfkc,SN Ia
ZTF21aaptouk,SN Ia
ZTF21aapvsxv,SN Ia
ZTF21aapvxnf,SN Ia-91T
ZTF21aapxtqg,SN Ia
ZTF21aapyiku,SN Ia
ZTF21aapzzgf,SN Ia
ZTF21aaqafcf,SN Ia
ZTF21aaqdxzv,SN Ia
ZTF21aaqecpl,SN Ia
ZTF21aaqftpz,SN Ia
ZTF21aaqftuq,SN Ia-91T
ZTF21aaqhqke,SN IIn
ZTF21aaqizwm,SN Ia
ZTF21aaqjmps,SN II
ZTF21aaqldsj,SN II
ZTF21aaqldsk,SN Ic
ZTF21aaqpykm,SN Ia
ZTF21aaqqlfw,SN Ia
ZTF21aaqqwln,SN Ia
ZTF21aaqsprr,SN Ia
ZTF21aaqugxm,SN II
ZTF21aaquhqr,SN II
ZTF21aaquiwu,SN Ia
ZTF21aaqujke,SN Ia
ZTF21aaqvsvw,SN IIb
ZTF21aaqvuyf,SN Ia
ZTF21aaqwfqe,SN Ib
ZTF21aaqwjlz,SN Ia
ZTF21aaqyetj,SN Ia
ZTF21aaqyuun,SN II
ZTF21aaqzkhx,SN Ia
ZTF21aaqzqaa,SN Ia
ZTF21aaradzm,SN IIn
ZTF21aaraqpr,SN Ia
ZTF21aarcobt,SN IIn
ZTF21aardybv,SN Ia
ZTF21aarejnt,SN Ia
ZTF21aarenhl,SN Ia
ZTF21aarhnwn,SN Ia
ZTF21aarhzdh,SN Ia
ZTF21aarigsr,SN Ia
ZTF21aarjczf,SN Ia
ZTF21aarmjai,SN Ia
ZTF21aarmkuj,SN Ia
ZTF21aarnjyd,SN Ib
ZTF21aarohyu,SN Ia
ZTF21aarojxa,SN Ia
ZTF21aarrplo,SN Ia
ZTF21aarrwdu,SN Ia
ZTF21aarskup,SN Ia
ZTF21aarwlht,SN Ia
ZTF21aarybxo,SN Ia
ZTF21aarzgql,SN Ia
ZTF21aasafkl,SN Ia
ZTF21aasaxdk,SN Ia
ZTF21aasbjgq,SN Ia
ZTF21aasbkrl,SN Ia
ZTF21aasctwo,SN Ia
ZTF21aascwrr,SN Ia
ZTF21aasfseg,SN II
ZTF21aasgffc,SN Ia
ZTF21aaskwgm,SN Ia
ZTF21aaskyvp,SN Ia
ZTF21aassamj,SN Ia
ZTF21aastazz,SN Ia
ZTF21aastzsn,SN IIb
ZTF21aasuazz,SN Ia
ZTF21aasufxv,SN Ia
ZTF21aaswvyc,SN Ia
ZTF21aasyydo,SN Ia
ZTF21aasyzkt,SN Ia
ZTF21aatdzmt,SN Ia
ZTF21aatjavc,SN Ia
ZTF21aatkdcw,SN Ia
ZTF21aatlbsi,SN Ia
ZTF21aatlesr,SN Ia
ZTF21aatpsky,SN II
ZTF21aatsafx,SN Ia
ZTF21aatvcdl,SN Ia
ZTF21aatwkkt,SN Ibn
ZTF21aatwlhj,SN Ia
ZTF21aatyplr,SN Ia
ZTF21aauamtx,SN Ia
ZTF21aauapli,SN Ia
ZTF21aaublej,SN Ia
ZTF21aaufthj,SN Ia
ZTF21aaufvpg,SN Ia
ZTF21aaufwyh,SN Ib
ZTF21aaugbus,SN Ia
ZTF21aaukcog,SN II
ZTF21aaunadg,SN Ia
ZTF21aaupkow,SN Ia
ZTF21aautijg,SN IIn
ZTF21aauuybx,Tidal Disruption Event
ZTF21aauvmck,SN Ibn
ZTF21aauzzny,SN Ia
ZTF21aavbrwr,SN Ia
ZTF21aavdqgf,SN I
ZTF21aavheiv,SN Ia
ZTF21aavhsdw,SN Ia
ZTF21aavodst,SN Ia-norm
ZTF21aavodtn,SN Ia
ZTF21aavoete,SN Ia
ZTF21aavotzn,SN Ia-02cx
ZTF21aavqwhh,SN Ia
ZTF21aavsbkt,SN Ia
ZTF21aavuprl,SN Ia
ZTF21aavuqzr,SN IIn
ZTF21aavutkm,SN Ia
ZTF21aavxruq,SN Ia
ZTF21aawgzda,SN II
ZTF21aawlcwh,SN Ib/c
ZTF21aawmdxw,SN Ib
ZTF21aawmtug,SN II
ZTF21aawmujq,SN IIb
ZTF21aawogdl,SN Ib
ZTF21aawqpuf,SN Ia
ZTF21aawtazf,SN Ia
ZTF21aawtewf,SN Ia
ZTF21aawxqia,SN Ia
ZTF21aawyyha,SN Ia
ZTF21aawzsew,SN Ia
ZTF21aaxbgul,SN Ia
ZTF21aaxgwtb,SN Ia
ZTF21aaxhzru,SN Ia
ZTF21aaxkckg,SN Ia
ZTF21aaxksct,SN Ia
ZTF21aaxlbad,SN Ia
ZTF21aaxlhyl,SN II
ZTF21aaxseyd,SN II
ZTF21aaxstsv,SN Ia
ZTF21aaxstzy,SN Ia
ZTF21aaxswlc,SN Ia
ZTF21aaxtctv,SN Ic
ZTF21aaxtdrs,SN Ia
ZTF21aaxtije,SN IIn
ZTF21aaxtrlt,SN Ia-91T
ZTF21aaxubqf,SN Ia
ZTF21aaxuywf,SN Ia
ZTF21aaxvnjy,SN Ia
ZTF21aaxvrva,SN Ia
ZTF21aaxwnlr,SN Ia
ZTF21aaxwpyv,SN Ic-SLSN
ZTF21aaxwytv,SN Ia
ZTF21aaxxihx,SN Ic-BL
ZTF21aaxxmvs,SN IIb
ZTF21aaxxoei,SN II
ZTF21aaxycms,SN Ia
ZTF21aaxylga,SN Ia
ZTF21aaxzbrn,SN Ia
ZTF21aaxzczy,SN Ia
ZTF21aaxzdxd,SN Ia
ZTF21aaxzkfe,SN Ia
ZTF21aaydbtk,SN Ia
ZTF21aayddkn,SN Ib
ZTF21aaydfro,SN Ia
ZTF21aaydxoo,SN IIn
ZTF21aayfnjz,SN II
ZTF21aayggyo,SN Ia
ZTF21aaygkfw,SN Ia
ZTF21aaygmiu,SN Ia
ZTF21aaygmrl,SN IIn
ZTF21aaygqkb,SN Ic
ZTF21aaylweu,SN Ia
ZTF21aaymnuc,SN Ia
ZTF21aaynlsf,SN Ia
ZTF21aayqdwk,SN Ia
ZTF21aayqrgx,SN Ib
ZTF21aayquba,SN Ia
ZTF21aayqycm,SN Ia
ZTF21aayyxum,SN Ia
ZTF21aazazvw,SN Ia
ZTF21aazbico,SN Ia
ZTF21aazcjbh,SN Ia
ZTF21aazcune,SN Ia
ZTF21aazebgh,SN Ia
ZTF21aazeugz,SN Ia
ZTF21aazfkyj,SN Ia
ZTF21aazfmxb,SN Ia
ZTF21aazlxiw,SN Ia
ZTF21aazqkeq,SN II
ZTF21aazwtoz,SN Ia
ZTF21abaaipx,SN Ia
ZTF21abaakwd,SN Ia
ZTF21ababpoq,SN IIb
ZTF21abaevgu,SN Ia
ZTF21abahgst,SN Ia
ZTF21abahiow,SN Ib
ZTF21abaiicy,SN Ia
ZTF21abaiono,SN Ic-SLSN
ZTF21abameyr,SN Ia
ZTF21abamotd,SN Ia
ZTF21abaphri,SN Ia
ZTF21abaputv,SN Ia
ZTF21abbaerh,SN Ia
ZTF21abbjybk,SN Ia
ZTF21abbkglo,SN Ia
ZTF21abbliav,SN Ia
ZTF21abbodnh,SN Ia
ZTF21abboibr,SN Ia
ZTF21abbomrf,SN II
ZTF21abbqeea,SN Ic-SLSN
ZTF21abbsbov,SN Ia
ZTF21abbtgsa,SN Ia
ZTF21abbvkpr,SN Ia
ZTF21abbvvmf,SN IIb
ZTF21abbvzrd,SN II
ZTF21abbwbja,SN Ia
ZTF21abbxtwv,SN Ia
ZTF21abbytmm,SN Ia
ZTF21abbzcxe,SN Ia
ZTF21abbzqvv,SN Ia
ZTF21abcbfsr,SN II
ZTF21abcbwke,SN Ia
ZTF21abccaue,SN Ib
ZTF21abccdld,SN IIn
ZTF21abccplz,SN Ia
ZTF21abcdtoi,SN Ia
ZTF21abceehu,SN Ia
ZTF21abcfgub,SN Ia
ZTF21abcgrcj,SN Ia
ZTF21abcgufz,SN Ia
ZTF21abcgxwy,SN Ia
ZTF21abchdql,SN Ia
ZTF21abchjer,SN Ic-BL
ZTF21abcimwb,SN Ia
ZTF21abcixor,SN II
ZTF21abcjpnm,SN II
ZTF21abcmcuq,SN Ia
ZTF21abcmepi,SN Ia
ZTF21abcmjdy,SN Ia
ZTF21abcmlzt,SN Ia
ZTF21abcmtev,SN II
ZTF21abcmvci,SN Ia
ZTF21abcmzvk,SN II
ZTF21abcnkbe,SN Ia
ZTF21abcnpnk,SN Ia
ZTF21abconph,SN Ia
ZTF21abcouxj,SN Ia
ZTF21abcpazz,SN Ia
ZTF21abcpsjy,SN Ic-SLSN
ZTF21abcrhbt,SN Ia
ZTF21abcrhpk,SN Ia
ZTF21abctmnb,SN Ia
ZTF21abctnoh,SN Ia
ZTF21abcxner,SN Ia
ZTF21abcxswe,SN Ia
ZTF21abcxwxi,SN Ia
ZTF21abcympb,SN Ia
ZTF21abczimc,SN II
ZTF21abczjhy,SN Ia
ZTF21abdahai,SN II
ZTF21abdbodg,SN Ia
ZTF21abdfdwi,SN Ia
ZTF21abdhetx,SN Ia
ZTF21abdkojo,SN Ib-norm
ZTF21abdlrpr,SN Ia
ZTF21abdlvxh,SN Ia
ZTF21abdlyrc,SN Ia
ZTF21abdonkp,SN Ia
ZTF21abdosld,SN Ia
ZTF21abdpgua,SN Ia
ZTF21abdthxn,SN Ia
ZTF21abduoun,SN II
ZTF21abdvcaf,SN Ia
ZTF21abdveqn,SN Ia
ZTF21abedvkp,SN Ia
ZTF21abegynu,SN Ia-91T
ZTF21abeokcr,SN Ia
ZTF21abephjt,SN Ia
ZTF21abepqyt,SN Ib/c
ZTF21abezlqc,SN Ia
ZTF21abezono,SN II
ZTF21abfaohe,SN Ia
ZTF21abfflmp,SN Ia-91T
ZTF21abfionl,SN II
ZTF21abfiuqf,SN II
ZTF21abfjgwr,SN Ia
ZTF21abfjlxb,SN IIb
ZTF21abflgpq,SN Ia
ZTF21abflhkz,SN II
ZTF21abflmkk,SN Ia
ZTF21abfmbix,SN Ia
ZTF21abfmuun,SN Ia
ZTF21abfnfdw,SN Ia
ZTF21abfnjiu,SN Ia
ZTF21abfoace,SN IIb
ZTF21abfoyac,SN II
ZTF21abfqisi,SN Ia
ZTF21abfqvjb,SN Ia
ZTF21abfrbsj,SN II
ZTF21abfxfqu,SN Ia
ZTF21abfxhrn,SN II
ZTF21abfxjkq,SN II
ZTF21abfyxpf,SN Ia
ZTF21abgcgem,SN Ia
ZTF21abgdngg,SN Ia
ZTF21abghumo,SN IIn
ZTF21abghxht,SN II-pec
ZTF21abgkipt,Novae
ZTF21abgmyzw,SN Ia
ZTF21abgywtg,SN Ia
ZTF21abgywux,SN II
ZTF21abgyxmv,SN II
ZTF21abgzlyi,SN Ia
ZTF21abgzphy,SN Ia
ZTF21abgzpii,SN Ia-norm
ZTF21abgzyvg,SN IIn
ZTF21abhaqju,SN Ia
ZTF21abhfzzs,SN Ia-91bg
ZTF21abhhbmd,SN Ia
ZTF21abhhrpj,SN II
ZTF21abhkeak,SN Ia
ZTF21abhqirx,SN Ia
ZTF21abhqqfa,SN II-pec
ZTF21abhqqwq,SN Ia
ZTF21abhrchb,Tidal Disruption Event
ZTF21abhrmrv,SN Ia
ZTF21abhshmt,SN Ia-91T
ZTF21abhtafw,SN Ia
ZTF21abhtaiv,SN Ia
ZTF21abhtkiy,SN Ia
ZTF21abhuqpe,SN Ia
ZTF21abhvquj,SN Ia
ZTF21abhwnvw,SN Ia
ZTF21abhymwh,Novae
ZTF21abhyqlv,SN II
ZTF21abiacmi,SN Ia
ZTF21abiacoi,SN Ia
ZTF21abiawpf,SN Ia
ZTF21abibhpm,SN Ia-pec
ZTF21abiblpl,SN II
ZTF21abicabp,SN Ia
ZTF21abicajm,SN Ia
ZTF21abicgai,SN Ia
ZTF21abidikc,SN Ia
ZTF21abidrcn,SN IIb
ZTF21abienbe,SN Ia-91T
ZTF21abieuta,SN Ib
ZTF21abifrsi,SN Ia
ZTF21abifxhe,SN Ia
ZTF21abilrxd,SN Ia
ZTF21abimeun,SN Ib
ZTF21abimnii,SN Ib
ZTF21abioeyq,SN II
ZTF21abisowq,SN Ia
ZTF21abistmz,SN Ia
ZTF21abiwpjm,SN IIn
ZTF21abizmnw,SN Ia
ZTF21abjaksr,SN Ia
ZTF21abjamta,SN II
ZTF21abjbnhh,SN Ia
ZTF21abjbukd,SN II
ZTF21abjciip,SN Ia
ZTF21abjdiok,SN Ia
ZTF21abjeyoh,SN Ia
ZTF21abjiotr,Novae
ZTF21abjpphz,SN Ia
ZTF21abjrptn,SN Ia
ZTF21abjrwhq,SN Ia
ZTF21abjrysr,Tidal Disruption Event
ZTF21abjtncs,SN Ia
ZTF21abjtqyq,SN Ia
ZTF21abjvtxq,SN Ia
ZTF21abjvukz,SN IIn
ZTF21abjvwcd,SN Ia
ZTF21abjvwdj,SN II
ZTF21abjwtrk,SN IIb
ZTF21abjwvzu,SN Ia
ZTF21abjxbxn,SN Ia
ZTF21abjzkjf,SN Ia
ZTF21abkavmp,SN Ia
ZTF21abkdpnw,SN Ia
ZTF21abkezqs,SN Ia
ZTF21abkintm,SN Ia
ZTF21abkkuja,SN Ia
ZTF21abkkwie,SN Ia
ZTF21abklnfg,SN Ia
ZTF21abkoccb,SN II
ZTF21abkrteb,SN Ia
ZTF21abkzgae,SN Ia
ZTF21ablducj,SN Ia
ZTF21ablvtrn,SN Ia
ZTF21ablvzhp,SN II
ZTF21ablwdur,SN Ia-norm
ZTF21ablwehd,SN II
ZTF21ablwfcp,SN Ia
ZTF21ablxfwc,SN Ia
ZTF21abmcori,SN Ia
ZTF21abmdhes,SN Ia
ZTF21abmfrad,SN Ia
ZTF21abmgxyu,SN Ia
ZTF21abmjivk,SN Ia-91bg
ZTF21abmlldj,SN Ib-pec
ZTF21abmsppx,SN Ia
ZTF21abmwgdf,SN Ia
ZTF21abmwghp,SN Ia
ZTF21abmwmnp,SN Ia
ZTF21abmwwsq,SN Ia
ZTF21abmwzxt,SN II
ZTF21abmxiuf,SN Ib
ZTF21abmxkcq,SN IIb
ZTF21abmzpmc,SN Ia
ZTF21abmzrdz,SN Ia
ZTF21abnfdqg,SN Ia-91bg
ZTF21abngbrl,SN Ib
ZTF21abnspht,SN Ia
ZTF21abnudtb,SN II
ZTF21abnuldi,SN IIb
ZTF21abnvlnj,SN II
ZTF21abnvsic,SN Ia
ZTF21abothvq,SN Ia
ZTF21abotuqo,SN Ia
ZTF21abouexm,SN Ia
ZTF21abourqt,SN Ia-91bg
ZTF21abousyu,SN Ia
ZTF21abouuat,SN II
ZTF21abouuow,SN Ia
ZTF21abouznj,SN II
ZTF21abowrey,SN Ia
ZTF21abowsub,SN Ia
ZTF21abpamxn,SN Ia
ZTF21abpaodi,SN Ia
ZTF21abpapvy,SN Ia
ZTF21abpivbd,SN Ia
ZTF21abpjpxr,SN Ia
ZTF21abplgag,SN Ia
ZTF21abplsmq,SN Ia
ZTF21abpltyn,SN Ia-03fg
ZTF21abplypq,SN II
ZTF21abpmlxu,SN IIn
ZTF21abpryuv,SN Ia
ZTF21abptxfk,SN II
ZTF21abpuent,SN II
ZTF21abpvrhn,SN Ia
ZTF21abpvssa,SN Ia-pec
ZTF21abpwtde,SN Ib/c
ZTF21abpyauz,SN II
ZTF21abqftqr,SN Ia
ZTF21abqikvn,SN Ia
ZTF21abqixak,SN Ia
ZTF21abqmrun,SN II
ZTF21abqqcxf,SN Ia
ZTF21abqsysj,SN Ia-91T
ZTF21abqtckk,Tidal Disruption Event
ZTF21abqvyyz,SN Ia
ZTF21abqvzjy,SN II
ZTF21abqxmpa,SN II
ZTF21abqzays,SN Ia
ZTF21abraccv,SN Ic
ZTF21abrapmf,SN Ia
ZTF21abrfvax,SN Ic
ZTF21abrghol,SN Ia
ZTF21abrhggj,SN Ia
ZTF21abrlslx,SN Ia
ZTF21abrluay,SN II
ZTF21abrmefg,SN Ia
ZTF21abrofrx,SN Ia
ZTF21abrotmc,SN Ia
ZTF21abrpdjh,SN Ib/c
ZTF21abrpdsp,SN Ia
ZTF21abrpdwb,SN II-norm
ZTF21abrpeix,SN Ia
ZTF21abrpkzp,SN Ia
ZTF21abrpoaq,SN Ia
ZTF21abrqria,SN Ic-SLSN
ZTF21abrqrsz,SN Ib
ZTF21abrskvb,SN Ia
ZTF21abrssvd,SN Ia
ZTF21abrxgiv,SN Ia
ZTF21abrxoir,SN Ia
ZTF21abrylwg,SN Ia
ZTF21abrzsak,SN II-pec
ZTF21abrzsol,SN Ia
ZTF21absbrag,SN Ia
ZTF21absbrbd,SN Ia
ZTF21absbujl,SN Ia
ZTF21absbwyz,SN Ia
ZTF21abscohx,SN Ia
ZTF21abshszs,SN Ia
ZTF21absjlur,SN Ia-91T
ZTF21abskgap,SN Ia
ZTF21absvlrr,SN Ia-norm
ZTF21absxxew,SN II
ZTF21abtaxou,SN Ia
ZTF21abtcftb,SN Ia
ZTF21abtcgdo,SN II
ZTF21abtcgoh,SN II
ZTF21abtdlno,SN Ia
ZTF21abtdvpg,SN IIn
ZTF21abtgbwr,SN Ia
ZTF21abtorlk,SN IIn
ZTF21abtsoky,SN Ia
ZTF21abtucck,SN Ia
ZTF21abtwvyl,SN Ia-02cx
ZTF21abtxglm,SN Ia
ZTF21abtxnir,SN Ia
ZTF21abtxqza,SN Ia
ZTF21abtxxjk,SN Ia
ZTF21abtzlnh,SN II
ZTF21abtzmlz,SN Ia
ZTF21abuetwv,SN Ia
ZTF21abufayv,SN Ia
ZTF21abuibjs,SN Ia
ZTF21abujefa,SN Ia-91T
ZTF21abujejr,SN Ia
ZTF21abujgmr,SN IIn
ZTF21abukrln,SN Ia
ZTF21abulpnc,SN IIn
ZTF21abulrsl,SN Ia
ZTF21abultbr,SN II
ZTF21abuuzrk,SN Ia-norm
ZTF21abuxitb,SN II
ZTF21abuxuxj,SN Ia
ZTF21abuyhau,SN Ia
ZTF21abuyyxi,SN Ia
ZTF21abvajfq,SN Ia
ZTF21abvajfr,SN Ia
ZTF21abvarfi,SN Ia
ZTF21abvbdyr,SN IIb
ZTF21abvbhul,SN Ia
ZTF21abvbihc,SN Ia
ZTF21abvcarc,SN Ia
ZTF21abvctva,SN Ia
ZTF21abvcugy,SN Ib/c
ZTF21abvcuhk,SN Ib/c
ZTF21abvcxid,SN II
ZTF21abvddpq,SN Ia
ZTF21abvdikq,SN II
ZTF21abvfacx,SN Ia
ZTF21abvhxyk,SN Ia
ZTF21abviabc,SN II
ZTF21abvicne,SN Ia
ZTF21abvpdjh,SN Ia
ZTF21abvrfsr,SN Ia
ZTF21abvrlup,SN Ia
ZTF21abvrrmy,SN Ia
ZTF21abvtfxn,SN Ia-norm
ZTF21abvtikp,SN Ia
ZTF21abvtuir,SN Ia
ZTF21abvuttc,SN Ia
ZTF21abvvivq,SN Ia
ZTF21abvvuhm,SN Ia
ZTF21abvwuxm,SN Ia
ZTF21abvxguf,SN Ia
ZTF21abvyxfs,SN Ia
ZTF21abwcned,SN Ia
ZTF21abwcnpe,SN Ia
ZTF21abwdzio,SN Ia
ZTF21abwfnru,SN Ia
ZTF21abwgpgt,SN Ia
ZTF21abwjibi,SN Ia
ZTF21abwprfg,SN Ia
ZTF21abwprfj,SN Ia
ZTF21abwqopp,SN Ia
ZTF21abwtnzp,SN Ia
ZTF21abwtybk,SN Ia
ZTF21abwukki,SN Ia
ZTF21abwunpp,SN Ia
ZTF21abwurky,SN Ia
ZTF21abwxaht,SN Ia
ZTF21abwxext,SN Ia
ZTF21abwxhje,SN Ia
ZTF21abwzpgf,SN Ia
ZTF21abxdact,SN Ia
ZTF21abxdcmp,SN Ia
ZTF21abxdibe,SN Ia-norm
ZTF21abxfyaw,SN Ia
ZTF21abxgqil,SN II
ZTF21abxjcdc,SN Ia
ZTF21abxknvv,SN Ia
ZTF21abxlmuw,SN IIn
ZTF21abxlpkc,SN Ia
ZTF21abxmvby,SN Ia
ZTF21abxngcz,Tidal Disruption Event
ZTF21abxnghi,SN Ia
ZTF21abxniow,SN Ia
ZTF21abxnjeg,SN Ia
ZTF21abxnulm,SN Ia
ZTF21abxtfwo,SN IIn
ZTF21abyahbi,SN II
ZTF21abyazip,SN Ia
ZTF21abybgjx,SN Ia
ZTF21abyfxqr,SN Ia
ZTF21abylukk,SN Ia
ZTF21abyonuw,SN Ia-03fg
ZTF21abyslhz,SN Ia
ZTF21abyvjeq,SN Ia
ZTF21abzadod,SN Ia
ZTF21abzbuvf,SN Ia
ZTF21abzciqh,SN II
ZTF21abzcpiw,SN Ia
ZTF21abzcplo,SN Ia
ZTF21abzgzvs,SN Ia
ZTF21abzithf,SN Ia
ZTF21abzkgvc,SN Ia
ZTF21abzlujs,SN Ia
ZTF21abzxkyv,SN Ia
ZTF21abzxxic,SN Ia
ZTF21acadrzr,SN II
ZTF21acaeoms,SN Ia
ZTF21acafqtj,SN II
ZTF21acafsjy,SN Ia
ZTF21acafsqe,SN Ia
ZTF21acafwof,SN Ia
ZTF21acagtdn,SN II
ZTF21acapxdf,SN Ia
ZTF21acaspdb,SN Ia
ZTF21acasrer,SN Ia
ZTF21acaszik,SN Ia
ZTF21acbcfmh,Classical Nova
ZTF21acbcjwa,SN Ia
ZTF21acbjxhr,SN Ia
ZTF21acbmxgn,SN Ia
ZTF21acbnfos,SN Ic-BL
ZTF21acbntop,SN Ia
ZTF21acbpbia,SN Ia
ZTF21acbpdlz,SN Ia
ZTF21acbphas,SN Ia
ZTF21acbuwgu,SN Ia
ZTF21acbxtqq,SN Ia
ZTF21acceboj,SN IIP
ZTF21accgsbf,SN IIn
ZTF21acchbmn,SN II
ZTF21acchwaw,SN Ia
ZTF21acciklh,SN Ia-91bg
ZTF21acckcni,SN IIn
ZTF21acclizu,SN Ia
ZTF21accqros,SN II
ZTF21accteto,SN Ia
ZTF21acctrsp,SN Ia
ZTF21accuexh,SN Ia
ZTF21accwcrh,SN II
ZTF21accwovq,SN Ic-SLSN
ZTF21accyvil,SN Ia
ZTF21accyxid,SN II
ZTF21acdajtx,SN Ia
ZTF21acdbcxy,SN II
ZTF21acdcxaf,SN II
ZTF21acdcxfz,SN Ia
ZTF21acdenty,SN Ia
ZTF21acdezwk,SN II
ZTF21acdjasw,SN Ia
ZTF21acdkydg,SN Ia
ZTF21acdnnfg,SN Ia
ZTF21acdontl,SN II
ZTF21acdoydr,SN Ia
ZTF21acdphro,SN Ia
ZTF21acdtosh,SN Ia
ZTF21acdvban,SN Ia
ZTF21acdvfjr,SN Ia-91bg
ZTF21acdvkcj,SN Ia
ZTF21acdvtmf,SN Ia
ZTF21acdwhtf,SN Ia
ZTF21acdwvwo,SN Ia
ZTF21acdxhuv,SN Ib
ZTF21acdykpb,SN Ia
ZTF21aceaiqm,SN Ia
ZTF21aceccve,SN Ia
ZTF21aceehxt,SN Ib
ZTF21aceenyc,SN Ia-91bg
ZTF21acefcnp,SN Ia
ZTF21acefkpy,SN Ia
ZTF21acenkuf,SN Ia
ZTF21aceqgbv,SN Ia
ZTF21aceqhth,SN Ia
ZTF21aceqpgp,SN II
ZTF21acermmd,SN Ia
ZTF21aceujob,SN Ia
ZTF21aceztiz,SN Ia
ZTF21acfabut,SN Ia
ZTF21acfaugw,SN Ia
ZTF21acfcgnk,SN Ia
ZTF21acfcthx,SN Ia
ZTF21acfflog,SN Ia
ZTF21acfgfuy,SN Ia
ZTF21acfgjiw,SN Ia
ZTF21acfigoo,SN Ia
ZTF21acfiqtd,SN Ia
ZTF21acfkkad,SN Ia
ZTF21acfqldh,SN Ia-91T
ZTF21acfslmr,SN Ia
ZTF21acgnagk,SN Ia
ZTF21acgqhru,SN II
ZTF21acgrlmz,SN II
ZTF21acgrrnl,SN II
ZTF21acguaen,SN II
ZTF21acgudgo,SN Ia
ZTF21acgumps,SN Ia
ZTF21acgunkr,SN II
ZTF21acgupte,SN Ia
ZTF21acguqsc,SN Ia
ZTF21acgxypn,SN Ic-BL
ZTF21acgyywa,SN II
ZTF21acgzgvm,SN Ia
ZTF21acgzwsc,SN Ia
ZTF21achaubw,SN Ia
ZTF21achauvx,SN Ia
ZTF21achaxmt,SN Ia
ZTF21achdxdn,SN Ia
ZTF21acheiti,SN II
ZTF21achgfbk,SN Ib
ZTF21achhwdz,SN Ia
ZTF21achiyue,SN Ia
ZTF21achjcui,SN Ia
ZTF21achjwus,SN Ia
ZTF21achkgap,SN Ia
ZTF21achkqhi,SN II
ZTF21achlshg,SN II
ZTF21achltea,SN II
ZTF21achlxxo,SN Ia
ZTF21achplgf,SN Ia
ZTF21achplzp,SN Ia
ZTF21achptrd,SN Ia
ZTF21achpuoa,SN II
ZTF21achqhuz,SN Ia
ZTF21achqzub,SN Ia
ZTF21achrlmg,SN Ia
ZTF21achujxq,SN Ibn
ZTF21achutpj,SN Ia
ZTF21achxlkq,SN Ia
ZTF21achyvno,SN Ia
ZTF21achzpyc,SN Ia
ZTF21acigjrl,SN Ia
ZTF21aciiaio,SN II
ZTF21acimjvp,SN Ia
ZTF21acincqb,SN Ia
ZTF21acindcq,SN Ia
ZTF21acinvvh,SN Ia
ZTF21aciobmz,SN II
ZTF21acionva,SN Ia
ZTF21acioxcf,SN II
ZTF21acipdhn,SN Ia
ZTF21acipofv,SN Ia
ZTF21acipvuz,SN II
ZTF21aciqcge,SN Ia
ZTF21aciqppd,SN Ia
ZTF21acirmcv,SN Ia
ZTF21acirtph,SN Ia
ZTF21acisemu,SN Ia
ZTF21acisqde,SN Ia
ZTF21acissla,SN II
ZTF21acitbcw,SN Ic
ZTF21aciuhqw,SN Ic
ZTF21aciuhyy,SN Ia
ZTF21aciuriu,SN II
ZTF21aciustc,SN Ib
ZTF21aciuvmg,SN Ia
ZTF21aciwixf,SN Ib
ZTF21acixxub,SN Ia
ZTF21acizlcg,SN IIb
ZTF21acizrpw,SN Ia
ZTF21acjalue,SN Ia
ZTF21acjateh,SN II
ZTF21acjbcqw,SN IIP
ZTF21acjbedo,SN Ia
ZTF21acjcrzd,SN Ia
ZTF21acjcsyh,SN Ia
ZTF21acjcwyn,SN Ia
ZTF21acjeegy,SN Ia
ZTF21acjgafq,SN Ia
ZTF21acjglei,SN II
ZTF21acjgqjl,SN Ia
ZTF21acjjwmj,SN Ia
ZTF21acjjxww,SN Ia
ZTF21acjmvhx,SN Ic
ZTF21acjnajt,SN Ia
ZTF21acjndeu,SN I
ZTF21acjnzdh,SN Ia
ZTF21acjomly,SN Ia
ZTF21acjoorl,SN Ic
ZTF21acjosix,SN Ia
ZTF21acjoskd,SN II
ZTF21acjosnd,SN Ia
ZTF21acjosti,SN Ia
ZTF21acjotbf,SN Ia
ZTF21acjotip,SN Ia
ZTF21acjrfhr,SN Ia
ZTF21acjtxgr,SN Ia-91T
ZTF21acjurqj,SN Ia
ZTF21acjvgxg,SN Ia
ZTF21acjvjyk,SN Ia
ZTF21acjxiqw,SN IIP
ZTF21acjxjpu,SN Ic
ZTF21acjxsrf,SN Ia
ZTF21acjxzsa,SN Ic-norm
ZTF21ackbbfs,SN Ia
ZTF21ackbhmm,SN Ia
ZTF21ackbkoy,SN Ia
ZTF21ackcrao,SN Ia
ZTF21ackcxql,SN Ia
ZTF21ackdwjm,SN Ia
ZTF21ackeofr,SN Ia
ZTF21ackfkfz,Novae
ZTF21ackhddc,SN Ia
ZTF21ackmfgz,SN Ia
ZTF21ackmjip,SN Ia
ZTF21acknxoo,SN Ia
ZTF21ackonrq,SN Ia
ZTF21ackqbow,SN Ia
ZTF21ackrvob,SN Ia
ZTF21ackwgzm,SN Ia
ZTF21ackwihz,SN Ia
ZTF21ackzyzj,SN Ia
ZTF21aclcfej,SN II
ZTF21acljfzt,SN Ia
ZTF21aclmgzk,SN IIP
ZTF21aclzodp,SN Ia
ZTF21acmnpqa,SN Ia
ZTF21acmrdga,SN IIb
ZTF21acmresp,SN Ia
ZTF21acmtqzi,SN Ia
ZTF21acmwjza,SN Ia
ZTF21acnveyk,SN Ia
ZTF21acogpci,SN Ia
ZTF21acogvgy,SN Ia
ZTF21acojncf,SN Ia
ZTF21acolmss,SN Ia
ZTF21acoqbfm,SN Ia
ZTF21acoqbuo,SN Ia
ZTF21acoqfar,SN Ia
ZTF21acoshvy,SN Ia
ZTF21acouzjv,SN Ia
ZTF21acowezp,SN Ia
ZTF21acowrme,SN Ia
ZTF21acozrga,SN II
ZTF21acpeirg,SN Ia
ZTF21acpfndw,SN Ia
ZTF21acphceb,SN II
ZTF21acphsgr,SN Ia
ZTF21acpkdbe,SN IIb
ZTF21acpmcgo,SN Ia
ZTF21acpompz,SN Ia
ZTF21acposhb,SN Ia
ZTF21acpoujw,SN IIn
ZTF21acprymk,SN Ia
ZTF21acptaer,SN Ia
ZTF21acptcir,SN Ia
ZTF21acptlvu,SN Ia
ZTF21acpuooz,SN II
ZTF21acpuwxj,SN Ia
ZTF21acpuzgj,SN Ia
ZTF21acpwbxp,SN Ia
ZTF21acpxocd,SN Ia
ZTF21acpyddn,SN Ia
ZTF21acpzade,SN Ia
ZTF21acpzlho,SN II
ZTF21acqbnkt,SN Ia
ZTF21acqceqc,SN Ia-norm
ZTF21acqcjjq,SN Ia
ZTF21acqdedy,SN Ia
ZTF21acqeseb,SN Ia
ZTF21acqgbjs,SN Ia
ZTF21acqpcmx,SN Ia-91T
ZTF21acqspkc,SN Ia
ZTF21acqstfo,SN Ia
ZTF21acqtevy,SN Ia
ZTF21acqxomi,SN IIP
ZTF21acqxqds,SN Ia
ZTF21acqzidu,SN Ia
ZTF21acrarbx,SN II
ZTF21acrbbvw,SN Ia
ZTF22aaabmmc,SN II
ZTF22aaabnan,SN Ia
ZTF22aaabovl,Tidal Disruption Event
ZTF22aaabpqn,SN II
ZTF22aaacvyy,SN IIn
ZTF22aaacxkp,SN II
ZTF22aaaedov,SN Ia
ZTF22aaaedpq,SN Ia
ZTF22aaaeewn,SN Ia
ZTF22aaaefgq,SN II
ZTF22aaaehtn,SN II
ZTF22aaaehzd,SN Ia
ZTF22aaaehzu,SN II
ZTF22aaaeiag,SN Ia
ZTF22aaaeibb,SN Ia
ZTF22aaaeibc,SN Ia
ZTF22aaaeilq,SN II
ZTF22aaaenuc,SN Ia
ZTF22aaaepck,SN II
ZTF22aaaepgu,SN Ibn
ZTF22aaaepjq,SN Ia
ZTF22aaaepmm,SN II
ZTF22aaafavg,SN Ia
ZTF22aaafbma,SN IIP
ZTF22aaafbww,SN Ia
ZTF22aaafdpd,SN Ia
ZTF22aaafeil,SN Ia
ZTF22aaaffer,SN Ia
ZTF22aaafjir,SN II
ZTF22aaafkpf,SN Ia
ZTF22aaafmec,SN Ia
ZTF22aaafmxf,SN Ia-pec
ZTF22aaafmzj,SN Ia
ZTF22aaafomy,SN Ia
ZTF22aaafrcl,SN II
ZTF22aaagqvw,SN Ic
ZTF22aaagrce,SN Ib
ZTF22aaagscm,SN Ia
ZTF22aaagxuu,SN Ia
ZTF22aaahbrf,SN Ia
ZTF22aaahesb,SN II
ZTF22aaahhbo,SN II
ZTF22aaahklt,SN Ia
ZTF22aaahull,SN Ia
ZTF22aaahuly,SN Ic-BL
ZTF22aaaifcx,SN II
ZTF22aaaivqj,SN Ia
ZTF22aaaivxh,SN Ia
ZTF22aaaiyzf,SN II
ZTF22aaajife,SN Ia
ZTF22aaajoxo,SN Ia
ZTF22aaajrdf,SN Ia-91bg
ZTF22aaajuiz,SN Ia
ZTF22aaajuya,SN Ia
ZTF22aaakxxu,SN Ia
ZTF22aaaltnx,SN Ia
ZTF22aaaowlo,SN II
ZTF22aaaoxsl,SN Ia
ZTF22aaaqwar,SN Ia
ZTF22aaarcds,SN Ia
ZTF22aaaxiru,SN Ia
ZTF22aaaxjln,SN Ia
ZTF22aaaxkar,SN Ia
ZTF22aabbfre,SN Ia
ZTF22aabfnnw,SN Ia
ZTF22aabfuju,SN Ia
ZTF22aabgazg,SN Ic-BL
ZTF22aabgcuk,SN Ia
ZTF22aabhtsw,SN Ia
ZTF22aabimec,SN Ic-SLSN
ZTF22aabitze,SN Ia
ZTF22aabiyjw,SN Ia
ZTF22aabjlih,SN Ia
ZTF22aabnonm,SN Ia
ZTF22aabnzsk,SN Ib
ZTF22aaboeex,SN Ia
ZTF22aabrffl,SN Ia-91T
ZTF22aabrkjs,SN II
ZTF22aabseql,SN Ia
ZTF22aabvede,SN Ia
ZTF22aabwfss,SN Ia
ZTF22aabwfvz,SN Ia
ZTF22aabwrov,SN Ia
ZTF22aabwuwv,SN Ia-91T
ZTF22aabwxnp,SN Ia
ZTF22aabxuxf,SN IIn
ZTF22aabzcoy,SN Ia
ZTF22aabzjge,SN Ia
ZTF22aabzqnf,SN Ia
ZTF22aabzsqo,SN II
ZTF22aacagjm,SN Ia
ZTF22aacfkpb,SN Ia
ZTF22aacilxj,SN Ia
ZTF22aaddsxu,SN Ia
ZTF22aaddtiu,SN II
ZTF22aaddvbe,SN Ia
ZTF22aadedjt,SN Ia
ZTF22aademuj,SN Ia
ZTF22aadepkk,SN Ia
ZTF22aadeqoe,SN Ia
ZTF22aadeslb,SN Ia
ZTF22aadetzg,SN Ia
ZTF22aadetzs,SN Ia
ZTF22aadeurv,SN Ia
ZTF22aadexro,SN Ia
ZTF22aadfbim,SN Ia
ZTF22aadfcnz,SN Ia
ZTF22aadfecx,SN Ia
ZTF22aadfgpu,SN Ia
ZTF22aadfstk,SN Ia
ZTF22aadghdv,SN Ia
ZTF22aadgsdi,SN Ia-CSM
ZTF22aadionf,SN Ia
ZTF22aadiujq,SN Ia
ZTF22aadizjf,SN Ia
ZTF22aadkocy,SN Ia
ZTF22aadkowq,SN Ia
ZTF22aadkxhp,SN Ia
ZTF22aadliib,SN Ia
ZTF22aadljkb,SN II
ZTF22aadlmgg,SN Ia-91bg
ZTF22aadlnaf,SN Ia
ZTF22aadltbv,SN Ia
ZTF22aadnjsh,SN Ib
ZTF22aadolby,SN II
ZTF22aadoypp,SN II
ZTF22aadqlhy,SN Ib-pec
ZTF22aadthro,SN Ia
ZTF22aaeaktc,SN Ia
ZTF22aaeaqmz,SN Ia
ZTF22aaebzvf,SN Ia
ZTF22aaecdin,SN IIb
ZTF22aaecenq,SN Ia
ZTF22aaecoej,SN Ia
ZTF22aaecsvn,SN Ia
ZTF22aaedebi,SN II
ZTF22aaedgbt,SN Ia
ZTF22aaedrzw,SN Ia
ZTF22aaedtvn,SN Ia
ZTF22aaefjef,SN Ia
ZTF22aaeigxr,SN Ia
ZTF22aaejjtb,SN Ia
ZTF22aaejlrf,SN Ia
ZTF22aaekgxv,SN Ia
ZTF22aaektkm,SN Ia
ZTF22aaemhwl,SN Ia
ZTF22aaemoot,SN IIb
ZTF22aaerfpk,SN Ia
ZTF22aaetqzk,SN IIn
ZTF22aaettxg,SN Ia-91T
ZTF22aaevnvp,SN Ia
ZTF22aaevwec,SN II
ZTF22aaezjuu,SN Ia
ZTF22aafdaai,SN Ia
ZTF22aafiwtv,SN Ia
ZTF22aafnldl,SN Ia
ZTF22aafnqtw,SN Ia
ZTF22aafokgy,SN Ia
ZTF22aafoqrd,SN Ia
ZTF22aafoweb,SN Ia
ZTF22aafpbbu,SN Ia
ZTF22aafqamd,SN Ia
ZTF22aafracj,SN Ia
ZTF22aafrjnw,SN IIb
ZTF22aafrsmk,SN Ia-91bg
ZTF22aagtrsh,SN Ia
ZTF22aagvxjc,SN IIn
ZTF22aagyrlp,SN Ia
ZTF22aagyuao,Tidal Disruption Event
ZTF22aagzcai,SN Ia
ZTF22aagzmcz,SN Ic
ZTF22aahaufu,SN Ia
ZTF22aahebcu,SN Ia
ZTF22aahecwj,SN Ia
ZTF22aahedwz,SN IIn
ZTF22aahefxi,SN Ia
ZTF22aahfuaa,SN Ia
ZTF22aahgubb,SN II
ZTF22aahgxbx,SN Ia
ZTF22aahhgue,SN Ia
ZTF22aahhlnd,SN Ia
ZTF22aahhocd,SN Ia
ZTF22aahhrks,SN II
ZTF22aahibvx,SN II
ZTF22aahiyfc,SN Ia
ZTF22aahjayr,SN Ia
ZTF22aahmbwn,SN Ia
ZTF22aahndul,SN Ia
ZTF22aahnkdv,SN II
ZTF22aahoxbx,SN Ia
ZTF22aahwlcv,SN Ia
ZTF22aahwmww,SN II
ZTF22aahyqck,SN Ia
ZTF22aaibhya,SN Ia
ZTF22aaidexe,SN Ia
ZTF22aaiiiho,SN Ia
ZTF22aaiisww,SN Ia
ZTF22aaijnqy,SN Ia
ZTF22aaijrcl,SN Ia
ZTF22aaijrul,SN Ia
ZTF22aaimbfz,SN Ia
ZTF22aaimgvi,SN Ia
ZTF22aaipocw,SN Ia
ZTF22aajakms,SN Ib/c
ZTF22aajcupz,SN IIn
ZTF22aajezaq,SN Ia
ZTF22aajhiri,SN Ia
ZTF22aajhkvu,SN Ia
ZTF22aajhlaj,SN II
ZTF22aajhlat,SN Ia
ZTF22aajhtpy,SN Ia
ZTF22aajhyin,SN II
ZTF22aajidyk,SN Ia
ZTF22aajijjf,SN Ia
ZTF22aajivyw,SN II
ZTF22aajiynq,SN Ia
ZTF22aajjasl,SN Ia
ZTF22aajjawt,SN II
ZTF22aajjdkr,SN Ia-91bg
ZTF22aajjlin,SN Ia
ZTF22aajjojx,SN IIn
ZTF22aajlruz,SN Ia
ZTF22aajlzbs,SN Ia-91bg
ZTF22aajowwt,SN II
ZTF22aajpdbs,SN Ia
ZTF22aajpgof,SN Ia
ZTF22aajpzwm,SN Ia
ZTF22aajrfqn,SN Ia
ZTF22aajrjrc,SN Ia
ZTF22aajsbbl,SN Ia
ZTF22aajsqdv,SN Ia
ZTF22aajsqug,SN Ia
ZTF22aajuhsi,SN Ia
ZTF22aajuufc,SN II
ZTF22aajvhrj,SN Ia
ZTF22aajvkrd,SN Ia
ZTF22aajwlug,SN Ia
ZTF22aajxbkq,SN Ia
ZTF22aajzkwn,SN Ia
ZTF22aakanzk,SN Ia
ZTF22aakcvbr,SN Ia
ZTF22aaketce,SN Ia
ZTF22aakethm,SN Ia
ZTF22aakitdm,SN Ia
ZTF22aakjjjj,SN Ia
ZTF22aakkfre,SN Ia
ZTF22aaklhfg,SN Ia
ZTF22aakmhas,SN Ia
ZTF22aakmtrc,SN Ia
ZTF22aaknfly,SN Ia
ZTF22aaknhja,SN Ia
ZTF22aaknmzk,SN Ia
ZTF22aaknvcz,SN Ia
ZTF22aakpvbx,SN Ia
ZTF22aakpwqf,SN Ia
ZTF22aakpyqw,SN Ib
ZTF22aakquvw,SN Ia
ZTF22aakqvzc,SN Ia
ZTF22aakrimd,SN Ia
ZTF22aakrnjw,SN Ia
ZTF22aaksdvi,SN Ia
ZTF22aakynop,SN Ia
ZTF22aakzred,SN Ia
ZTF22aalaajn,SN Ia
ZTF22aalfezf,SN Ia
ZTF22aalfmec,SN Ic
ZTF22aallgci,SN Ia
ZTF22aalmqrv,SN Ia
ZTF22aalmrqp,SN Ia
ZTF22aalorla,SN II
ZTF22aalqzkz,SN Ia
ZTF22aalrcmn,SN Ia
ZTF22aalsabr,SN Ia
ZTF22aalsbwt,SN Ia
ZTF22aalunvy,SN Ia
ZTF22aalwbgz,SN Ia
ZTF22aalwbqe,SN Ia
ZTF22aalwghb,SN Ia
ZTF22aalwnjf,SN Ia
ZTF22aalxmtp,SN Ia
ZTF22aalxyqn,SN Ia
ZTF22aalyevy,SN Ia
ZTF22aalyfii,SN Ia
ZTF22aalzeui,SN Ia
ZTF22aambeqv,SN Ia
ZTF22aambfit,SN Ia
ZTF22aambnsg,SN Ia
ZTF22aameoxg,SN Ia
ZTF22aamewfd,SN Ia
ZTF22aamfjun,SN Ia
ZTF22aamfvrs,SN Ia
ZTF22aamfwtc,SN Ia
ZTF22aamgjba,SN Ia
ZTF22aamgjeh,SN Ia
ZTF22aamgkdw,SN Ia
ZTF22aamglev,SN Ia
ZTF22aamiomf,SN Ia
ZTF22aamssbr,SN II
ZTF22aamtomc,SN Ia
ZTF22aamuuez,SN Ia
ZTF22aamwznx,SN Ia
ZTF22aamxszf,SN Ia
ZTF22aamzzjw,SN Ia
ZTF22aanesux,SN IIn
ZTF22aangixh,SN Ia
ZTF22aankxcq,SN Ia
ZTF22aankymj,SN Ia
ZTF22aankzby,SN Ia
ZTF22aanppbi,SN Ia
ZTF22aantrtp,SN Ia
ZTF22aanvuvq,SN Ia
ZTF22aanyggd,SN II
ZTF22aanzrlh,SN Ia
ZTF22aanzset,SN Ia
ZTF22aaoelte,SN Ia
ZTF22aaoelug,SN Ia
ZTF22aaoemmz,SN Ia
ZTF22aaoewrn,SN Ia
ZTF22aaofpts,SN Ia
ZTF22aaogkzb,SN Ia
ZTF22aaogwbd,SN Ia
ZTF22aaogyhz,SN Ia
ZTF22aaohpmz,SN Ia
ZTF22aaoiddx,SN Ia
ZTF22aaoidkm,SN Ia
ZTF22aaoippk,SN Ia
ZTF22aaojclr,SN Ia
ZTF22aaojcoc,SN Ia
ZTF22aaokitb,SN Ia
ZTF22aaokiwd,SN Ia
ZTF22aaolcan,SN Ia
ZTF22aaolexr,SN Ia
ZTF22aaolvwv,SN Ia
ZTF22aaolzrj,SN Ia
ZTF22aaombjf,Novae
ZTF22aaonqcc,SN Ia
ZTF22aaoolrn,SN Ia
ZTF22aaoqfsm,SN Ia
ZTF22aaoqlos,SN Ia
ZTF22aaorbxb,SN Ia
ZTF22aaorjov,SN Ia
ZTF22aaorkwk,SN Ia
ZTF22aaotgrc,SN IIb
ZTF22aaovsee,SN Ia
ZTF22aaowhti,SN Ia
ZTF22aaowkts,SN Ia
ZTF22aaoxiux,SN Ia
ZTF22aaozpun,SN Ia
ZTF22aapaavr,SN Ia
ZTF22aaparwk,SN Ia
ZTF22aapenmy,SN Ia
ZTF22aaphdzl,SN Ia
ZTF22aaphemj,SN Ia
ZTF22aapjbix,SN Ia
ZTF22aapjrvz,SN II
ZTF22aapmawo,SN IIn
ZTF22aapqaqe,SN IIP
ZTF22aaptcfi,SN Ia
ZTF22aapuvqy,SN Ia
ZTF22aaqfuhm,SN Ia
ZTF22aaqhirm,SN Ia
ZTF22aaqlfwe,SN Ia
ZTF22aaqpwef,SN II
ZTF22aaqrflg,SN Ia
ZTF22aaqrszt,SN Ia
ZTF22aaqwdjw,SN Ia
ZTF22aaqyiqm,SN Ia
ZTF22aarbard,SN Ib
ZTF22aarlppe,SN Ia
ZTF22aarqrxf,SN Ic-SLSN
ZTF22aarqzls,SN Ia
ZTF22aarrawv,SN IIn
ZTF22aarrbne,SN Ia
ZTF22aarvtbb,SN Ia
ZTF22aarwpcf,SN Ia
ZTF22aarwtqp,SN Ia
ZTF22aasaapb,SN Ia
ZTF22aasfzzf,SN Ia
ZTF22aashqrd,SN Ia
ZTF22aasjwqv,SN IIb
ZTF22aaskqie,SN Ia
ZTF22aaskqqq,SN Ia
ZTF22aaslyzf,SN II
ZTF22aaslyzj,SN Ia
ZTF22aasmjxf,SN Ia
ZTF22aasmlyn,SN Ia
ZTF22aasoali,SN IIn
ZTF22aasojye,SN II
ZTF22aaspijs,SN Ia
ZTF22aaspkif,SN II
ZTF22aasppdz,SN Ia-91T
ZTF22aasrmim,SN Ia
ZTF22aasthrj,SN Ia
ZTF22aasxakz,SN Ia
ZTF22aasxgjp,SN Ic
ZTF22aasyada,SN Ia
ZTF22aasycgf,SN Ia
ZTF22aasygdq,SN Ia
ZTF22aasyitj,SN Ia
ZTF22aaszlph,SN Ia
ZTF22aataizc,SN Ia
ZTF22aatbtqn,SN Ia
ZTF22aatcpoo,SN Ia-91bg
ZTF22aatemqx,SN Ia
ZTF22aatghyo,SN Ia
ZTF22aatgiuw,SN Ia
ZTF22aatixbc,Novae
ZTF22aatnyqk,SN Ia
ZTF22aatrbvj,SN Ia
ZTF22aattfmb,SN II
ZTF22aatuatn,SN Ia
ZTF22aatunnt,SN Ib
ZTF22aatuxjc,SN Ia
ZTF22aatuxpc,SN Ia
ZTF22aatvdon,SN Ia
ZTF22aatxwjn,SN Ia
ZTF22aatxwlk,SN Ia
ZTF22aaucozn,SN Ia
ZTF22aaudeny,SN Ia
ZTF22aaudftc,SN Ia
ZTF22aauexsq,SN Ia
ZTF22aauggpa,SN Ia
ZTF22aauhism,SN Ia
ZTF22aauiabm,SN Ia
ZTF22aaujqll,SN Ia
ZTF22aausixa,SN Ia
ZTF22aausjcd,SN Ia
ZTF22aauuxul,SN Ia
ZTF22aauvfay,SN Ia
ZTF22aauxpfb,SN Ia
ZTF22aauxzqe,SN Ia
ZTF22aavakpj,SN Ia
ZTF22aavbezc,SN Ia
ZTF22aavcfed,SN Ia
ZTF22aavcvgd,SN II
ZTF22aavcyar,SN Ia
ZTF22aavdiim,SN Ia
ZTF22aaveqbx,SN Ia
ZTF22aavqlzi,SN Ia
ZTF22aavskaa,SN Ia
ZTF22aavvqyh,Tidal Disruption Event
ZTF22aavxkto,SN Ia
ZTF22aavzfwp,SN Ia
ZTF22aawavtx,SN Ia
ZTF22aawdqfp,SN Ia
ZTF22aaweukv,SN Ia
ZTF22aawptbl,SN II
ZTF22aawxlpc,SN Ibn
ZTF22aawzdti,SN Ia
ZTF22aawzgcx,SN Ia
ZTF22aaxgujq,SN II
ZTF22aaxtias,SN Ib
ZTF22aaxtysg,SN Ia
ZTF22aaxytpi,SN Ia
ZTF22aayaemx,SN Ia
ZTF22aaycdbt,SN Ia
ZTF22aaydcsb,SN Ia
ZTF22aayfpso,SN Ia
ZTF22aaygscd,SN II
ZTF22aaygzdb,SN Ia
ZTF22aayjqzc,SN Ia
ZTF22aayjzmc,SN Ia
ZTF22aaylnhq,SN Ia
ZTF22aaymjam,SN Ia
ZTF22aaynpda,SN Ia
ZTF22aaynvgi,SN Ia
ZTF22aayobas,SN Ia
ZTF22aayplsv,SN Ia
ZTF22aayprcr,SN Ia
ZTF22aaypvib,SN Ia
ZTF22aayrixx,SN Ia
ZTF22aayrxbb,SN Ia
ZTF22aayvaoa,SN Ia
ZTF22aayxdkd,SN Ia
ZTF22aazbxmi,SN IIn
ZTF22aazdzyj,Novae
ZTF22aazeagq,SN Ia
ZTF22aazgaus,SN Ia
ZTF22aazgmum,SN Ia
ZTF22aazjgoi,SN Ia
ZTF22aazjiam,SN II
ZTF22aazjsqj,SN Ia
ZTF22aazjvid,SN Ia
ZTF22aazmooy,Novae
ZTF22aazpfxt,SN Ia
ZTF22aazprmk,SN Ia
ZTF22aazuowq,SN Ia-norm
ZTF22abaadbc,SN Ia
ZTF22ababhmy,SN II
ZTF22abaette,SN Ia
ZTF22abafbzv,SN Ia
ZTF22abafcrf,SN Ia-91T
ZTF22abahblc,SN Ia
ZTF22abaiyaf,SN Ia
ZTF22abaiyyz,SN Ia
ZTF22abajudi,Tidal Disruption Event
ZTF22abajyqm,SN IIn
ZTF22abakcfy,SN Ia
ZTF22abamnmb,SN Ia
ZTF22abaqzcm,SN Ia
ZTF22abaseoc,SN Ia
ZTF22abatsqa,SN Ia
ZTF22abatsyj,SN Ia
ZTF22abaxmks,SN Ia
ZTF22abaxqlk,SN Ia
ZTF22abaxtfy,SN Ia
ZTF22abayewb,SN Ia
ZTF22abbausm,SN Ia
ZTF22abbbwtl,SN Ia
ZTF22abbdxho,SN Ic
ZTF22abbgyvi,SN Ia
ZTF22abbiqoi,SN Ia
ZTF22abbirsn,SN Ia
ZTF22abbiwrr,SN II
ZTF22abbkhja,SN Ia
ZTF22abbkxor,SN Ia
ZTF22abblogu,SN Ia
ZTF22abbmemk,SN Ia
ZTF22abbmgne,SN Ia
ZTF22abbpvzk,SN Ia
ZTF22abbrxbz,SN Ia
ZTF22abbsbys,SN Ia
ZTF22abbtmdv,SN Ia
ZTF22abbtqmf,SN Ia
ZTF22abbtzfm,SN II
ZTF22abbzucj,SN Ia
ZTF22abcbses,SN Ia
ZTF22abcckha,SN Ia
ZTF22abcklkb,SN Ia
ZTF22abcknjm,SN Ia
ZTF22abclcse,SN Ia
ZTF22abcnzmv,SN Ia
ZTF22abcsiqk,SN Ia
ZTF22abcuctb,SN Ia
ZTF22abcuiht,SN Ia
ZTF22abddvec,SN Ia
ZTF22abdfjjo,SN Ia
ZTF22abdibiz,SN Ia
ZTF22abdlnkm,SN Ia
ZTF22abdlohy,SN Ia
ZTF22abdoehm,SN Ia
ZTF22abdstgi,SN Ia
ZTF22abdtcki,SN Ia
ZTF22abdtpru,SN Ia
ZTF22abdvqqn,SN Ia-norm
ZTF22abdxbyh,SN Ia
ZTF22abdxjhr,SN Ia
ZTF22abecbbd,SN Ia
ZTF22abedoyq,SN Ia
ZTF22abegjtx,Tidal Disruption Event
ZTF22abegteh,SN Ia
ZTF22abehuah,SN Ia
ZTF22abeijrg,SN Ia
ZTF22abeioig,SN Ia
ZTF22abeipbi,SN Ia
ZTF22abeirot,SN Ia
ZTF22abeltic,SN Ia
ZTF22abelwtb,SN Ia
ZTF22abemaki,SN Ia
ZTF22abembaz,SN Ia
ZTF22abemgfd,SN Ia
ZTF22abemgir,SN Ia
ZTF22abepfmn,SN II
ZTF22abevcjl,SN Ia
ZTF22abexkqi,SN Ic.5-SLSN
ZTF22abeyzcl,SN IIn
ZTF22abfbjem,SN Ia
ZTF22abfjlue,SN Ia
ZTF22abfmtdy,SN Ia
ZTF22abfnfud,SN IIn
ZTF22abfoiaa,SN Ia
ZTF22abfrbzi,SN Ia
ZTF22abfrkoh,SN Ic
ZTF22abfskre,SN Ia
ZTF22abfspdz,SN Ia
ZTF22abfstwn,SN Ia
ZTF22abftfug,SN Ia
ZTF22abftrwv,SN Ia
ZTF22abfunyc,SN Ia
ZTF22abfuosd,SN Ia
ZTF22abfutmm,SN Ia
ZTF22abfuwel,SN Ib
ZTF22abfviaz,SN Ia
ZTF22abfvibh,SN Ia
ZTF22abfviis,SN Ia
ZTF22abfvjeg,SN Ia
ZTF22abfvjky,SN Ia
ZTF22abfvrcb,SN Ia
ZTF22abfvsbt,SN Ia
ZTF22abfvshc,SN Ia
ZTF22abfwbgr,SN Ia
ZTF22abfwchw,SN II
ZTF22abfweew,SN Ia
ZTF22abfwign,SN II
ZTF22abfwihc,SN Ia-91bg
ZTF22abfwxtr,SN II
ZTF22abfxmiu,SN Ia
ZTF22abfxmpc,Novae
ZTF22abfxmvf,SN Ia
ZTF22abfxwkm,SN Ia
ZTF22abfxwub,SN Ia
ZTF22abfynfa,SN Ia
ZTF22abfynid,SN Ia
ZTF22abfypms,SN Ia
ZTF22abfyqmh,SN Ia
ZTF22abfyqsc,SN Ib
ZTF22abfyrxh,SN Ia
ZTF22abfytal,SN Ia-91T
ZTF22abfytlh,SN Ia
ZTF22abfyukg,SN Ia
ZTF22abfyyew,SN Ia
ZTF22abfyynm,SN Ia
ZTF22abfyzir,SN Ia
ZTF22abfzaqd,SN Ia
ZTF22abfzarj,SN Ia
ZTF22abgawhn,SN Ia
ZTF22abgaymw,SN Ia
ZTF22abgbbal,SN Ia
ZTF22abgbbec,SN Ia
ZTF22abgbbez,SN Ia
ZTF22abgbcef,SN Ia
ZTF22abgbfsb,SN Ia
ZTF22abgbywx,SN Ia
ZTF22abgdjwt,SN Ia
ZTF22abgeluw,SN Ia
ZTF22abgepyb,SN Ia
ZTF22abggmae,SN Ia
ZTF22abggmtd,SN Ia
ZTF22abghdno,SN Ia-91T
ZTF22abgheca,SN IIP
ZTF22abghgca,SN Ia
ZTF22abgiayt,SN Ia
ZTF22abgiout,SN Ia
ZTF22abgndif,SN Ia
ZTF22abgteub,SN Ia
ZTF22abgvdis,SN Ia
ZTF22abgveih,SN II
ZTF22abhcqrr,SN Ia
ZTF22abhcrfy,SN Ia
ZTF22abhencl,SN Ia
ZTF22abhjdlx,SN Ia
ZTF22abhjuqr,SN Ia
ZTF22abhjvmr,SN Ia
ZTF22abhldat,SN Ia
ZTF22abhodtl,SN Ia
ZTF22abhrjld,SN Ia-pec
ZTF22abhsrll,SN Ia
ZTF22abhsxkn,SN Ia
ZTF22abhuvug,SN Ia
ZTF22abhvfio,SN Ia
ZTF22abhvyyw,SN Ia
ZTF22abhxptj,SN Ia
ZTF22abhxptt,SN Ia
ZTF22abhyzjq,SN Ia
ZTF22abibgsa,SN Ia
ZTF22abiflfo,SN Ia
ZTF22abihtsn,SN Ia
ZTF22abijxly,SN Ia
ZTF22abikqri,SN Ia
ZTF22abilaka,SN Ia
ZTF22abiozoc,SN Ia
ZTF22abipidm,SN Ia
ZTF22abipthl,SN Ia
ZTF22abiqxao,SN Ia
ZTF22abitewv,SN Ia
ZTF22abivebe,SN Ic-BL
ZTF22abivkuq,SN Ia
ZTF22abivrnq,SN Ia
ZTF22abiwpck,SN Ia
ZTF22abiyeae,SN Ia
ZTF22abiyjlx,SN Ia
ZTF22abiysva,SN Ia
ZTF22abizgac,SN Ia
ZTF22abizuah,SN IIn
ZTF22abjagqj,SN Ia
ZTF22abjaqoq,SN Ia
ZTF22abjhwce,SN Ia
ZTF22abjpcjy,SN Ia
ZTF22abjpfpl,SN Ia
ZTF22abjqztl,SN Ia
ZTF22abjrbmf,SN Ia
ZTF22abjrcte,SN Ia
ZTF22abjrpmv,SN Ia
ZTF22abjrqxz,SN Ia
ZTF22abjvyib,SN IIn
ZTF22abkaaje,SN Ia
ZTF22abkbmob,SN Ic-SLSN
ZTF22abkdzvi,SN Ia
ZTF22abkfgrt,SN Ia
ZTF22abkisoc,SN Ia
ZTF22abkjegi,SN Ia
ZTF22abkpgpa,SN Ia
ZTF22abkpkej,SN Ia
ZTF22abksuwt,SN Ia
ZTF22abkwdhr,SN Ia
ZTF22abkybyq,SN Ia
ZTF22ablbgrl,SN Ia
ZTF22ablcybb,SN Ia
ZTF22ablhftq,SN Ia
ZTF22ablhldn,SN Ia
ZTF22ablnrcv,SN II
ZTF22ablviyf,SN Ia
ZTF22abmcfrc,SN Ia
ZTF22abmcnmz,SN Ia
ZTF22abmdqzf,SN Ia-91bg
ZTF22abmicob,SN Ia
ZTF22abmifhv,SN Ia
ZTF22abmiohu,SN Ia
ZTF22abmjdfo,SN Ia
ZTF22abmmvxz,SN Ia
ZTF22abmnhau,SN Ia
ZTF22abmolve,SN Ia
ZTF22abmpqbq,SN Ia
ZTF22abmtwml,SN Ia
ZTF22abmucza,SN Ia
ZTF22abmwonm,SN Ia
ZTF22abmxsoc,SN Ic
ZTF22abmxzxm,SN Ia
ZTF22abmygmc,SN Ia-91T
ZTF22abmynyd,SN Ia
ZTF22abmzdzr,SN Ia
ZTF22abmzete,SN Ia
ZTF22abnehge,SN Ia-91T
ZTF22abneima,SN Ia
ZTF22abnelse,SN Ia
ZTF22abnemvx,SN Ia
ZTF22abnfgcn,SN Ia
ZTF22abnfjsm,SN IIn
ZTF22abnfsjo,SN Ia-91T
ZTF22abngjlt,SN Ia
ZTF22abniami,SN Ia
ZTF22abnlwjv,SN Ia
ZTF22abnmngf,SN Ia
ZTF22abnmpty,SN Ia
ZTF22abnoofs,SN Ia
ZTF22abnperq,SN Ia
ZTF22abnqzle,SN Ia
ZTF22abnrgno,Classical Nova
ZTF22abnvmzz,SN Ia
ZTF22abnvncn,SN IIb
ZTF22abnvzhx,SN Ia
ZTF22abnwpmq,SN Ia
ZTF22abnxovx,SN Ia-91T
ZTF22aboawxv,SN Ia-02cx
ZTF22abobobs,SN Ia
ZTF22abodqjf,SN Ia
ZTF22aboisvs,SN Ia
ZTF22aboixdd,SN Ia
ZTF22abolsys,SN Ia
ZTF22abppdqh,SN Ia
ZTF22abpulqo,SN Ia
ZTF22abpusrt,SN Ia
ZTF22abpyder,SN Ia-02cx
ZTF22abpydmh,SN Ia
ZTF22abpzyzz,SN Ia
ZTF22abqaeac,SN Ia
ZTF22abqdmwt,SN Ia
ZTF22abqfekp,SN Ia
ZTF22abqiyik,SN Ia
ZTF22abqkzuq,SN Ia
ZTF22abqpflu,SN Ia
ZTF22abqpxyn,SN Ia
ZTF22abqqjih,SN Ia
ZTF22abqrdqq,SN Ia
ZTF22abqseiq,SN IIn
ZTF22abquwiv,SN Ia
ZTF22abqwahz,SN Ia
ZTF22abqxkhd,SN Ia-02cx
ZTF22abqyiaa,SN Ia
ZTF22abrborz,SN Ia
ZTF22abrboyl,SN Ia
ZTF22abrcivs,SN Ia
ZTF22abreusl,SN Ia
ZTF22abrredj,SN Ia
ZTF22abrreei,SN Ia
ZTF22abscvex,SN Ia
ZTF22absdier,SN Ia
ZTF22abseymh,SN Ia
ZTF22absibqa,SN Ib
ZTF22absiyyk,SN Ia
ZTF22absmdsy,SN II
ZTF22abspgzy,SN Ia
ZTF22absphlp,SN Ia
ZTF22absphuu,SN Ib
ZTF22absqhkw,SN II
ZTF22absqpsa,SN Ia
ZTF22absqvgm,SN Ia
ZTF22absqxti,SN Ia
ZTF22absselw,SN Ia
ZTF22absstju,SN Ia
ZTF22abstbym,SN Ia
ZTF22abstcjq,SN Ia
ZTF22abstdmf,SN Ia
ZTF22abswuyy,SN Ia
ZTF22abswzyp,SN Ia
ZTF22absxatm,SN Ia
ZTF22absxaxv,SN Ia
ZTF22absxxub,SN Ia
ZTF22abszapf,SN Ia
ZTF22abtbjbo,SN Ia
ZTF22abtciik,SN Ia
ZTF22abtcphd,SN II
ZTF22abtcpig,SN IIn
ZTF22abtcsar,SN Ia-91bg
ZTF22abtctfn,SN Ia
ZTF22abtctzp,SN II
ZTF22abtcyhv,SN II
ZTF22abtcyos,SN Ia
ZTF22abtdarf,SN Ia
ZTF22abtdbdt,SN Ia
ZTF22abtdbnx,SN Ia
ZTF22abtdoxf,SN Ia
ZTF22abtdzyw,SN Ia
ZTF22abteetl,SN Ia
ZTF22abtekni,SN Ia
ZTF22abteujl,SN II
ZTF22abtextj,SN Ia
ZTF22abtfczg,SN II
ZTF22abtkkgo,SN Ia
ZTF22abtkkxz,SN Ia
ZTF22abtlaew,SN Ia
ZTF22abtltcw,Novae
ZTF22abtokxg,SN Ia
ZTF22abtootl,SN Ia
ZTF22abtoqfj,SN Ia-91bg
ZTF22abtotgu,SN Ia
ZTF22abtowei,SN Ia
ZTF22abtpejn,SN Ia
ZTF22abtpsco,SN Ia
ZTF22abtspsw,SN II
ZTF22abtsqjo,SN Ia
ZTF22abtsttg,SN II
ZTF22abttupc,SN Ia
ZTF22abtusmd,SN Ia
ZTF22abtvgfs,SN Ia
ZTF22abtvkgk,SN Ia
ZTF22abtztxv,SN II
ZTF22abubnqs,SN Ia
ZTF22abucnqf,SN Ia
ZTF22abueufz,SN Ia
ZTF22abuhfdv,SN Ia
ZTF22abulmbx,SN Ia
ZTF22abulusd,SN II
ZTF22abunrnh,SN II
ZTF22abuqitl,SN Ia
ZTF22abuslkt,SN Ia
ZTF22abuygtu,SN Ia
ZTF22abvaggn,SN Ia
ZTF22abvasuw,SN Ia
ZTF22abvasxc,SN Ia
ZTF22abvcdmu,SN II
ZTF22abvciba,SN Ia
ZTF22abvebdc,SN Ia
ZTF22abveefy,SN Ia
ZTF22abvkkgu,SN Ia
ZTF22abvkpbj,SN Ia
ZTF22abvmasw,SN II
ZTF22abvnonf,SN Ia
ZTF22abvpklt,SN Ia
ZTF22abvrtgj,SN Ia
ZTF22abvuybj,SN Ia
ZTF22abvyljf,SN Ia
ZTF22abwlapx,SN Ia
ZTF22abwmnow,SN Ia
ZTF22abwqedu,SN Ia
ZTF22abwuaru,SN Ia
ZTF22abwvcwq,SN Ia
ZTF22abxacvm,SN Ia
ZTF22abxhvfb,SN Ia
ZTF22abxkfjy,SN Ia
ZTF22abxonqa,SN Ia
ZTF22abxsocn,SN Ia
ZTF22abxxyup,SN Ia
ZTF22abyagmy,SN Ia
ZTF22abyaood,SN Ia
ZTF22abybwdz,SN Ia-91bg
ZTF22abyergl,SN Ia
ZTF22abygkts,SN Ia
ZTF22abyhqkt,SN Ia
ZTF22abyhvtk,SN Ia
ZTF22abyhxkq,SN Ia
ZTF22abyhxlj,SN Ia
ZTF22abyhxlt,SN Ia
ZTF22abyiisu,SN II
ZTF22abyiqfa,SN Ia
ZTF22abyivor,SN II
ZTF22abyivov,SN Ia
ZTF22abyjewt,SN Ia
ZTF22abyjfgt,SN Ia
ZTF22abyjttn,SN Ia
ZTF22abykahf,SN Ia
ZTF22abykdbm,SN IIP
ZTF22abykjae,SN Ia
ZTF22abyknqk,SN Ia
ZTF22abyknqs,SN Ia
ZTF22abyktmi,SN Ia
ZTF22abylpnv,SN Ia
ZTF22abylrge,SN Ia
ZTF22abylryw,SN Ia
ZTF22abymzuk,SN Ia
ZTF22abyngnw,SN Ia
ZTF22abynjkd,SN Ia
ZTF22abynpmq,SN Ia
ZTF22abynxyi,SN Ia
ZTF22abyobxl,SN Ia
ZTF22abyochg,SN Ia
ZTF22abyoczz,SN IIb
ZTF22abyohff,SN II
ZTF22abyohxs,SN Ia
ZTF22abyokjo,SN Ia
ZTF22abyokle,SN Ia
ZTF22abyomty,SN Ia
ZTF22abyoomc,SN II
ZTF22abyrlaw,SN Ia
ZTF22abyrovo,SN Ia
ZTF22abyrqec,SN Ia
ZTF22abyrvsz,SN II
ZTF22abyskhb,SN Ia
ZTF22abysshb,SN II
ZTF22abytqji,SN Ia-norm
ZTF22abyttje,SN II
ZTF22abytwjj,SN Ib
ZTF22abyuoan,SN Ia-91bg
ZTF22abyuxeg,SN Ia
ZTF22abyuxix,SN Ia
ZTF22abyuxlw,SN Ia
ZTF22abyuzmp,SN Ic
ZTF22abyvbfc,SN Ia
ZTF22abywkap,SN Ia
ZTF22abyyfmy,SN Ia
ZTF22abzadkd,SN Ia
ZTF22abzaduz,SN Ia-91bg
ZTF22abzaijw,SN Ia-91bg
ZTF22abzaiuz,SN Ia
ZTF22abzbqxx,SN Ia
ZTF22abzdnij,SN Ic
ZTF22abzejiv,SN Ic
ZTF22abzgbtq,SN IIn
ZTF22abzhahz,SN Ia
ZTF22abzkgja,SN Ia
ZTF22abzkion,SN Ia-norm
ZTF22abzkiql,SN Ia
ZTF22abzskmw,SN Ia
ZTF22abzskpp,SN Ia-norm
ZTF22abztcly,SN Ic
ZTF22abzvyku,SN Ia
ZTF22abzwebp,SN Ia
ZTF22acablwr,SN Ia
ZTF22acadszu,SN Ia
ZTF22acahury,SN II
ZTF22acaibqo,SN Ia
ZTF22acaipir,SN II
ZTF22acaipkl,SN II
ZTF22acaucqb,SN Ia
ZTF22acaunur,SN II
ZTF23aaaahhb,SN II
ZTF23aaaahuy,SN Ia
ZTF23aaaairl,Classical Nova
ZTF23aaaaiuc,SN Ia
ZTF23aaaalsf,SN Ia
ZTF23aaaasoh,SN Ia
ZTF23aaaatjn,SN II
ZTF23aaaaxuq,SN Ia
ZTF23aaabcgx,SN Ia
ZTF23aaabctl,SN Ia
ZTF23aaabewy,SN Ia-norm
ZTF23aaabeyy,SN Ia
ZTF23aaabzea,SN IIn
ZTF23aaabztz,SN Ia
ZTF23aaaehem,SN Ia
ZTF23aaaepzi,SN Ia
ZTF23aaafclb,SN Ia
ZTF23aaahmyn,SN Ia
ZTF23aaahtsu,SN Ia
ZTF23aaahusn,SN Ia
ZTF23aaahuzb,SN Ia
ZTF23aaahuzc,SN Ia
ZTF23aaahuzf,SN Ia
ZTF23aaaifdk,SN Ia
ZTF23aaaifls,SN II
ZTF23aaaigqy,SN II
ZTF23aaaihae,SN Ia
ZTF23aaajtan,SN Ia
ZTF23aaakcxv,SN Ia
ZTF23aaakftr,SN Ia
ZTF23aaaknoj,SN Ia
ZTF23aaakoaa,SN Ia
ZTF23aaalcjc,SN Ia
ZTF23aaalvut,SN Ia
ZTF23aaanqbb,SN Ia
ZTF23aaapgxe,SN Ia
ZTF23aaaplbq,SN Ia
ZTF23aaapldg,SN Ia
ZTF23aaapokf,SN Ia
ZTF23aaapouh,SN Ia
ZTF23aaaprnb,SN Ia
ZTF23aaaprxt,SN Ia
ZTF23aaaqdcr,SN Ia
ZTF23aaarwea,SN Ia
ZTF23aaasblk,SN II
ZTF23aaashjq,SN Ia
ZTF23aaatixf,SN Ia
ZTF23aaatrek,SN Ia
ZTF23aaavxzf,SN Ia
ZTF23aaawatw,SN II
ZTF23aaawbhh,SN Ia
ZTF23aaawbmw,SN Ia
ZTF23aaawbmy,SN Ia
ZTF23aaawbre,SN Ic
ZTF23aaawbsc,SN IIb
ZTF23aaawbsy,SN Ia
ZTF23aaawcpz,SN Ia
ZTF23aaawcvx,SN Ia
ZTF23aaawcwq,SN IIP
ZTF23aaawcyt,SN Ia
ZTF23aaawixk,SN Ia
ZTF23aaaypty,SN Ia
ZTF23aaayzbm,SN Ia
ZTF23aaazett,SN Ia
ZTF23aaazffe,SN Ic
ZTF23aaaznjk,SN Ic
ZTF23aaazssj,SN Ia
ZTF23aabbsdi,SN Ia
ZTF23aabfwzg,SN Ia
ZTF23aabfyfn,SN Ia
ZTF23aabmbdj,SN Ia
ZTF23aabmevr,SN Ia
ZTF23aabngtm,SN II
ZTF23aabplmy,SN IIn
ZTF23aabqqsl,SN Ia
ZTF23aabqrda,SN Ia
ZTF23aabrftw,SN Ia
ZTF23aabrsdd,SN Ia
ZTF23aabrsiv,SN Ia
ZTF23aabrtmn,SN Ia
ZTF23aabsice,SN Ia
ZTF23aabsicf,SN Ia
ZTF23aabtarg,SN Ia
ZTF23aabtfho,SN Ia
ZTF23aabtflc,SN Ia-norm
ZTF23aabtgej,SN Ia
ZTF23aabtjdm,SN Ia
ZTF23aabtjoj,SN Ia
ZTF23aabtrno,SN Ia
ZTF23aabutcv,SN II
ZTF23aabutwh,SN Ia
ZTF23aabutzu,SN II
ZTF23aabvcmb,SN IIn
ZTF23aabwfkc,SN Ia
ZTF23aabwvfn,SN Ia
ZTF23aabxqtq,SN Ia
ZTF23aabyiby,SN Ia
ZTF23aacafoi,SN Ia
ZTF23aacafsp,SN Ia
ZTF23aacaftn,SN Ia
ZTF23aacbziz,SN Ia
ZTF23aaccacy,SN Ic-SLSN
ZTF23aacceix,SN Ia
ZTF23aacdggx,SN Ia
ZTF23aacdiao,SN Ia
ZTF23aacdkme,SN Ia
ZTF23aacdlsh,SN II
ZTF23aacdlvr,SN Ia
ZTF23aacfkak,SN II
ZTF23aacggqz,SN Ia
ZTF23aacggrh,SN Ia
ZTF23aacgjgl,SN II
ZTF23aacilmp,SN Ia
ZTF23aaciosd,SN Ia
ZTF23aacjetk,SN II
ZTF23aacjjdz,SN Ia
ZTF23aackjhs,SN II
ZTF23aacopzi,SN Ia
ZTF23aacosic,SN Ia
ZTF23aacozdn,SN Ia
ZTF23aacxofz,SN Ia
ZTF23aacxtsd,SN Ib
ZTF23aacxwpc,SN Ia
ZTF23aacyeaq,SN Ia
ZTF23aacyxot,SN Ia
ZTF23aaczaua,SN Ia
ZTF23aaczpkm,SN IIn
ZTF23aacztqb,SN Ia
ZTF23aadakub,SN Ia
ZTF23aadayxh,SN Ia
ZTF23aadbbxv,SN II
ZTF23aadbrci,SN Ia
ZTF23aadbrdk,SN Ia
ZTF23aadbwtw,SN II
ZTF23aadbxsz,SN Ia-91T
ZTF23aadbzqx,SN Ia
ZTF23aadcalf,SN Ia
ZTF23aadcavq,SN Ia
ZTF23aadcbay,Tidal Disruption Event
ZTF23aadcbfw,SN Ia
ZTF23aadcgak,SN II
ZTF23aadchqd,SN IIn
ZTF23aadcltm,SN II
ZTF23aadgjcc,SN Ia
ZTF23aadjhwn,SN Ia
ZTF23aadjoew,SN Ic
ZTF23aadjqvm,SN Ia
ZTF23aadjssg,SN Ia-91T
ZTF23aadjsyj,SN Ia
ZTF23aadjwkw,SN Ia
ZTF23aadndfn,SN II
ZTF23aadnpbq,SN Ia
ZTF23aadozop,SN Ia-91T
ZTF23aadpbvm,SN Ia
ZTF23aadqalu,SN Ia
ZTF23aadqhae,SN Ia
ZTF23aadrttb,SN Ia
ZTF23aadrudf,SN Ia
ZTF23aadszza,SN Ia
ZTF23aadtfgp,SN Ia
ZTF23aadtrzd,SN Ib
ZTF23aadtvmb,SN IIn
ZTF23aadtzse,SN II
ZTF23aadvpwt,SN Ia-91T
ZTF23aadvtxf,SN Ia-91bg
ZTF23aadvulr,SN Ia
ZTF23aadvxih,SN Ia
ZTF23aadwfed,SN Ia
ZTF23aadwhmn,SN Ia
ZTF23aadwigb,SN Ia
ZTF23aadwitm,SN Ia
ZTF23aadwiyy,SN Ia
ZTF23aadwjtg,SN Ia
ZTF23aaeaptm,SN Ia
ZTF23aaeauii,SN Ia
ZTF23aaeavsh,SN Ia
ZTF23aaeaxgr,SN Ia
ZTF23aaebopi,SN Ia
ZTF23aaedrcn,SN Ia
ZTF23aaedrzc,SN Ia
ZTF23aaedsfn,SN Ia
ZTF23aaedvtn,SN II
ZTF23aaeeawl,SN Ia
ZTF23aaeeugd,SN II
ZTF23aaehsgs,SN Ia
ZTF23aaeieqk,SN Ia-91T
ZTF23aaeinqq,SN Ia
ZTF23aaejvro,SN Ia-norm
ZTF23aaejvsg,SN Ia
ZTF23aaejvzv,SN Ia
ZTF23aaejwkh,SN Ia
ZTF23aaekejj,SN Ia
ZTF23aaelbbq,SN Ia
ZTF23aaelxbd,SN Ia
ZTF23aaelzdb,SN Ia
ZTF23aaemgsd,SN Ia
ZTF23aaemgto,SN Ia
ZTF23aaemnzd,SN Ic
ZTF23aaemtdr,SN Ibn
ZTF23aaencty,SN Ia
ZTF23aaenlby,SN Ia
ZTF23aaenpcd,SN Ia
ZTF23aaeogik,SN Ia-91bg
ZTF23aaeozef,SN Ia
ZTF23aaeqonb,SN II
ZTF23aaeskhd,SN Ia
ZTF23aaetmwj,SN Ia
ZTF23aaetxqb,SN Ia
ZTF23aaeuaci,SN Ia
ZTF23aaeufns,SN Ia
ZTF23aaexcmm,SN Ia
ZTF23aaeygvh,SN Ia
ZTF23aaeyncp,SN Ia
ZTF23aaeyugg,SN Ia
ZTF23aaffhua,SN Ia
ZTF23aafggjj,SN Ia
ZTF23aaflnok,SN II
ZTF23aafqzkn,SN Ia
ZTF23aafratn,SN Ia
ZTF23aafrhew,SN Ia
ZTF23aafsglu,SN Ia-norm
ZTF23aafsjor,SN Ia
ZTF23aaftebr,SN Ia
ZTF23aaftnvx,SN Ia
ZTF23aafumlg,SN II
ZTF23aafvgyf,SN Ia
ZTF23aafvqat,SN Ia
ZTF23aafvstn,SN Ia
ZTF23aafwvek,SN Ia
ZTF23aafwykt,SN Ic
ZTF23aagaiju,SN Ia
ZTF23aagaili,SN Ia
ZTF23aagcicf,SN Ia
ZTF23aagdamr,SN Ia
ZTF23aagdebl,SN Ia
ZTF23aagfpxq,SN Ia
ZTF23aaghvsv,SN Ia
ZTF23aagkgnz,SN Ia
ZTF23aagklwb,SN II
ZTF23aagkutf,SN II
ZTF23aaglprc,SN Ia
ZTF23aagmbuf,SN Ia
ZTF23aagnpbz,SN Ia
ZTF23aagphxh,SN Ia
ZTF23aagpjyp,SN Ia-CSM
ZTF23aagygjg,SN Ia
ZTF23aahfxpr,SN Ia
ZTF23aahnabd,SN Ia
ZTF23aahnmag,SN Ic
ZTF23aahqvtz,SN II
ZTF23aahvmpq,SN Ia
ZTF23aahvnck,SN Ia
ZTF23aahxdhe,SN Ia
ZTF23aahxdsi,SN Ia
ZTF23aahxppo,SN Ia
ZTF23aaicagr,SN Ia
ZTF23aaieqvr,SN Ia
ZTF23aaihsvm,SN II
ZTF23aaijdwl,SN Ia
ZTF23aaijgnu,SN Ia
ZTF23aaijkwo,SN Ia
ZTF23aaikcdx,SN Ia
ZTF23aailjjs,SN II
ZTF23aaintny,SN Ia
ZTF23aaisxic,SN II
ZTF23aaiwunc,SN Ia
ZTF23aaiwvdh,SN Ia
ZTF23aaiwwgd,SN Ia
ZTF23aaiwxqy,SN Ia
ZTF23aaixaqp,SN Ia-91bg
ZTF23aaixdcm,SN II
ZTF23aaixqmc,SN Ia
ZTF23aaixruf,SN II
ZTF23aaixylr,SN Ia
ZTF23aaiyamo,SN Ia
ZTF23aaiyexs,SN Ia
ZTF23aaiyjbk,SN Ia
ZTF23aaiytpy,SN Ia
ZTF23aaiyuae,SN Ia
ZTF23aaizgvi,SN Ia
ZTF23aaizmza,SN Ia
ZTF23aaizygy,SN Ia
ZTF23aajahua,SN Ia
ZTF23aajaygo,SN Ia
ZTF23aajbejz,SN Ia
ZTF23aajbkan,SN II
ZTF23aajdtbw,SN Ia
ZTF23aajduvy,SN Ia
ZTF23aajenxf,SN Ia
ZTF23aajeunk,SN Ia
ZTF23aajfdxf,SN Ib
ZTF23aajfere,SN Ic
ZTF23aajfoed,SN Ia
ZTF23aajfqti,SN Ia
ZTF23aajgpos,SN Ia
ZTF23aajhosl,SN II
ZTF23aajimhq,SN Ia
ZTF23aajjddh,SN Ia
ZTF23aajjxso,SN Ia
ZTF23aajjzbm,SN IIn
ZTF23aajjzml,SN II
ZTF23aajkeia,SN Ia
ZTF23aajkfls,SN II
ZTF23aajkisd,SN IIn
ZTF23aajkjxm,SN II
ZTF23aajmpsa,SN Ia
ZTF23aajpuzw,SN Ia
ZTF23aajsemu,SN Ia
ZTF23aajucmw,SN II
ZTF23aakawpn,SN Ia
ZTF23aakfysp,SN Ibn
ZTF23aakidwn,SN Ia
ZTF23aakmqlj,SN Ia
ZTF23aakmsiy,SN Ia
ZTF23aakokgz,SN Ia
ZTF23aakprat,SN Ia-91T
ZTF23aakxqrp,SN Ia
ZTF23aaldvnc,SN Ia
ZTF23aaldwgw,SN Ia
ZTF23aalgqsq,SN IIn
ZTF23aalklzg,SN Ia
ZTF23aalqgpk,SN Ia
ZTF23aalsied,SN Ia
ZTF23aaltnze,SN Ia
ZTF23aalwuua,SN II
ZTF23aalzwdn,SN Ia
ZTF23aamfmqm,SN Ia
ZTF23aamfqxc,SN II
ZTF23aamgmay,SN Ia
ZTF23aamixrh,SN Ia
ZTF23aampyvc,SN Ia
ZTF23aamqmty,SN Ia
ZTF23aamqonh,SN Ia
ZTF23aamqtel,SN Ia
ZTF23aamqycj,SN II
ZTF23aamqzyz,SN Ia
ZTF23aamsarj,SN II
ZTF23aamsddm,SN Ia
ZTF23aamsekn,SN Ia-CSM
ZTF23aamsfav,SN Ia
ZTF23aamskdj,SN II
ZTF23aamtyjs,SN Ia
ZTF23aamubjk,SN Ia
ZTF23aamumyw,SN Ia
ZTF23aamvyyl,SN Ia
ZTF23aamwiqd,SN Ia
ZTF23aamwsrh,SN Ia
ZTF23aamxuks,SN Ia
ZTF23aamzljd,SN Ic
ZTF23aamzuca,SN Ia
ZTF23aamzucf,SN Ia
ZTF23aanbdib,SN Ia
ZTF23aandrpy,SN Ia
ZTF23aanexof,SN II
ZTF23aangpoz,SN Ia
ZTF23aaniabv,SN Ia
ZTF23aanivnc,SN Ia
ZTF23aanlmst,SN Ia
ZTF23aanpqba,SN Ia
ZTF23aanptmz,SN Ia
ZTF23aanptpp,SLSN-II
ZTF23aanpxyp,SN Ia
ZTF23aanpyeb,SN Ia
ZTF23aanpyuy,SN Ia
ZTF23aanqoyo,SN Ib
ZTF23aanqwir,SN Ia
ZTF23aanrksd,SN Ia
ZTF23aansctq,SN Ia
ZTF23aansdlc,SN IIn
ZTF23aantmqa,SN Ia
ZTF23aanuvih,SN Ia
ZTF23aanxrjm,SN II
ZTF23aanyiwk,SN Ia
ZTF23aanzbtf,SN Ia
ZTF23aanzmoz,SN II
ZTF23aaoanrl,SN Ia
ZTF23aaocgse,SN Ia
ZTF23aaochbp,SN Ia
ZTF23aaohfxx,SN II
ZTF23aaoihto,SN II
ZTF23aaojbdj,SN Ia
ZTF23aaojwkb,SN Ia
ZTF23aaomkar,SN II
ZTF23aaoqytf,SN Ia
ZTF23aaotalq,SN Ia
ZTF23aaotvsl,SN Ia
ZTF23aaoxngr,SN Ia
ZTF23aaoxywk,SN Ia
ZTF23aaozatq,SN II
ZTF23aapbrrq,SN Ib
ZTF23aapbsmr,SN Ia
ZTF23aapcllu,SN II
ZTF23aapfrwv,SN Ia
ZTF23aapgckf,SN II
ZTF23aaphnyz,SN II
ZTF23aaphpnk,SN Ia
ZTF23aapiyqi,SN Ia
ZTF23aapksof,SN Ia
ZTF23aapmokr,SN Ia
ZTF23aapnnuq,SN Ia
ZTF23aapogvn,SN Ia
ZTF23aapphlk,SN Ia
ZTF23aapqkvw,Classical Nova
ZTF23aaprwrn,SN Ia
ZTF23aapsuva,SN IIn
ZTF23aaptflh,SN Ia-91T
ZTF23aapthmh,SN Ia
ZTF23aapuknd,SN II
ZTF23aapvrkk,SN Ia
ZTF23aapvsqz,SN Ia
ZTF23aapvuyy,SN II
ZTF23aapwwak,SN Ia
ZTF23aapxvut,SN Ia
ZTF23aapyidj,Tidal Disruption Event
ZTF23aapzsik,SN Ia
ZTF23aaqajsw,SN Ia
ZTF23aaqanze,SN Ia
ZTF23aaqasrd,SN Ia
ZTF23aaqbyxl,SN Ia
ZTF23aaqcaeo,SN Ia
ZTF23aaqfdby,SN Ia
ZTF23aaqfxpn,SN Ia
ZTF23aaqhtiq,SN Ia
ZTF23aaqhvds,SN Ia
ZTF23aaqhzwu,SN Ia
ZTF23aaqixpx,SN II
ZTF23aaqjrsx,SN Ia
ZTF23aaqjuux,SN Ia
ZTF23aaqknaw,SN II
ZTF23aaqmddq,SN Ia
ZTF23aaqmveu,SN Ia
ZTF23aaqmxxo,SN II
ZTF23aaqnjej,SN Ia
ZTF23aaqqdhs,SN Ia
ZTF23aaqqeez,SN Ia
ZTF23aaqqeri,SN Ia
ZTF23aaqqfks,SN Ia
ZTF23aaqqjxv,SN Ia
ZTF23aaqtcxl,SN Ia
ZTF23aaquhaz,SN II
ZTF23aaqujvz,SN Ia
ZTF23aaquolj,SN IIn
ZTF23aaqusyq,SN Ia
ZTF23aaqvofl,SN Ia
ZTF23aaqwtak,SN Ia
ZTF23aaqxjta,SN Ia
ZTF23aaqxlpn,SN Ia
ZTF23aarfblz,SN Ia
ZTF23aarglpk,SN Ia
ZTF23aarhuik,SN Ia
ZTF23aarjsik,SN Ia
ZTF23aarjxfj,SN Ia
ZTF23aarlcue,SN Ia
ZTF23aarqyio,SN Ia
ZTF23aarriri,SN Ia
ZTF23aarrwwl,SN Ia-03fg
ZTF23aarvjaf,SN Ia
ZTF23aarvrvd,SN Ia
ZTF23aarxtku,SN Ia
ZTF23aarzbzn,SN Ia
ZTF23aascppn,SN Ia
ZTF23aasfkpz,SN Ia
ZTF23aasguud,SN Ia
ZTF23aashxqa,SN Ia
ZTF23aasnotj,SN Ia
ZTF23aasocjj,SN II
ZTF23aasopeh,SN Ia
ZTF23aasovdv,SN Ia
ZTF23aasrcyv,SN II
ZTF23aastndi,SN Ia
ZTF23aasyrup,SN II
ZTF23aasyshb,SN Ia
ZTF23aasyslb,SN Ia
ZTF23aasyvbf,SN II
ZTF23aatabje,SN Ia-CSM
ZTF23aatajah,SN Ia
ZTF23aatdcey,SN II
ZTF23aatukpx,SN Ia
ZTF23aatvksz,SN Ia
ZTF23aatxeki,SN Ia
ZTF23aaubzzz,SN Ia
ZTF23aaucaqp,SN Ia
ZTF23aaufzym,SN II
ZTF23aaumlxn,SN Ia
ZTF23aauqmys,SN Ia
ZTF23aausgkl,SN II
ZTF23aausgtp,SN Ia
ZTF23aauubqu,SN Ia
ZTF23aauytqw,SN Ia
ZTF23aauzfbi,SN II
ZTF23aavdhtr,SN Ia
ZTF23aavdzpd,SN Ia
ZTF23aavmarm,SN Ia
ZTF23aavmcbq,SN Ia
ZTF23aavmguj,SN Ia
ZTF23aavmthe,SN IIn
ZTF23aavmycb,SN Ia
ZTF23aavolri,SN Ia
ZTF23aavpzil,SN Ia
ZTF23aavqyaf,SN Ia
ZTF23aavshmk,SN Ia
ZTF23aavshwi,SN Ia
ZTF23aavugjj,SN Ia
ZTF23aavugvk,SN Ia
ZTF23aavujng,SN Ia
ZTF23aavwpbn,SN Ia
ZTF23aavxosl,SN Ia
ZTF23aavxtvg,SN Ia
ZTF23aavzyit,SN Ia
ZTF23aawavgx,SN Ia
ZTF23aawcatm,SN Ia
ZTF23aawcygl,SN Ia
ZTF23aawcyig,SN Ia
ZTF23aaweqva,SN Ia
ZTF23aawgcgu,SN II
ZTF23aawgkqa,SN II
ZTF23aawrcrb,SN II
ZTF23aawtmcf,SN Ic
ZTF23aawwabr,SN Ia
ZTF23aawwcuu,SN Ia
ZTF23aawyhqa,SN Ia
ZTF23aawyiyk,SN II
ZTF23aawzyao,SN Ia
ZTF23aaxadel,SN II
ZTF23aaxahun,SN Ia
ZTF23aaxbxlw,SN Ia
ZTF23aaxcdfm,SN Ia
ZTF23aaxcriv,SN II
ZTF23aaxdfya,SN II
ZTF23aaxfnwp,SN Ia
ZTF23aaxotrg,SN Ia
ZTF23aaxpfpa,SN Ia
ZTF23aaxtnld,SN Ia
ZTF23aaxufrf,SN IIb
ZTF23aaxuvkn,SN Ib
ZTF23aaxzhor,SN Ia
ZTF23aaylkdm,SN Ia
ZTF23aaymoki,SN Ia
ZTF23aaynddf,SN Ia
ZTF23aaynmrz,SN Ia-CSM
ZTF23aaynwdt,SN Ia
ZTF23aayocyn,SN Ia
ZTF23aazfapq,SN Ia
ZTF23aazjqov,SN Ia
ZTF23aazlhiv,SN Ia
ZTF23aazlimw,SN Ia
ZTF23aazltms,SN II
ZTF23aazmkjh,SN Ia
ZTF23aazmqkn,SN Ia
ZTF23aaznifc,SN Ia
ZTF23aaznqky,SN II
ZTF23aaznywn,SN Ia
ZTF23aazodoj,SN Ic-SLSN
ZTF23aazprcc,SN II
ZTF23aazqikj,SN Ia
ZTF23aazrbus,SN Ia
ZTF23aazrtdy,SN Ia
ZTF23aazskaz,SN Ia
ZTF23aazwytj,SN Ia
ZTF23aazyntd,SN Ia
ZTF23aazysgv,SN Ia
ZTF23abaactr,SN Ia
ZTF23abaalvd,SN Ia
ZTF23abaderr,SN Ia
ZTF23abadhsw,SN Ic-BL
ZTF23abaebbd,SN II
ZTF23abaeenk,SN II
ZTF23abahief,SN Ia
ZTF23abahmkx,SN II
ZTF23abandhi,SN Ia
ZTF23abankea,SN Ia
ZTF23abankfn,SN Ia-91T
ZTF23abanqhu,SN Ia
ZTF23abaqzym,SN Ia
ZTF23abascqa,SN II
ZTF23abaslfm,SN Ia
ZTF23abauhqr,SN Ia
ZTF23abauhvi,SN Ia
ZTF23abavewn,SN Ia
ZTF23abavpyk,SN Ia
ZTF23abavrya,SN Ia
ZTF23abavxmm,SN Ia
ZTF23abawdgm,SN II
ZTF23abawgqs,SN Ia
ZTF23abawvxd,SN Ia
ZTF23abaxkvy,SN Ia
ZTF23abaxkwq,SN Ia
ZTF23abaxlrz,SN Ic
ZTF23abaxtlq,SN II
ZTF23abaxxrd,SN Ia
ZTF23abayagw,SN Ia
ZTF23abayogx,SN Ia
ZTF23abazdqu,SN Ia
ZTF23abbakmt,SN Ia
ZTF23abbanlv,SN II
ZTF23abbaqbs,SN Ia
ZTF23abbbhak,SN Ia
ZTF23abbbomo,SN Ia
ZTF23abbbygf,SN Ia
ZTF23abbcycg,SN II
ZTF23abbczlg,SN Ia
ZTF23abbdbsh,SN II
ZTF23abbdoqg,SN Ia
ZTF23abbejvg,SN II
ZTF23abbekte,SN Ia
ZTF23abbimnx,SN Ia
ZTF23abbkulr,SN Ia
ZTF23abbkvxe,SN Ia
ZTF23abbmnsq,SN Ia
ZTF23abbpswf,SN Ib
ZTF23abbqzbr,SN Ia
ZTF23abbteqg,SN Ia
ZTF23abbtkrv,SN II
ZTF23abbzdoj,SN II
ZTF23abbzhug,SN II
ZTF23abccimv,SN II
ZTF23abccwbx,SN II
ZTF23abcdorg,SN IIP
ZTF23abcglga,SN Ic
ZTF23abciuka,SN Ia
ZTF23abclpxs,SN Ia
ZTF23abcnhzq,SN Ia
ZTF23abcqzvm,SN Ia
ZTF23abcsrwv,SN Ia
ZTF23abcufxh,SN Ia
ZTF23abcvbqq,Tidal Disruption Event
ZTF23abcvqkd,SN Ia
ZTF23abczkxz,SN Ia
ZTF23abdefkq,SN Ia
ZTF23abdgswy,SN II
ZTF23abdhvou,SN Ia
ZTF23abdsecb,SN Ia
ZTF23abdshvl,SN Ic
ZTF23abdshyr,SN Ia
ZTF23abdynfn,SN Ia
ZTF23abecphw,SN II
ZTF23abefecu,SN II
ZTF23abegkob,SN Ia
ZTF23abeoblh,SN Ia
ZTF23abepnsd,SN Ia
ZTF23abetodb,SN Ia
ZTF23abetwwi,SN Ia
ZTF23abeudve,SN Ia
ZTF23abeuope,SN Ia
ZTF23abexebx,SN Ia
ZTF23abezmku,SN Ia
ZTF23abffvrm,SN Ia
ZTF23abfpegt,SN IIb
ZTF23abfroaw,SN Ia
ZTF23abfubfc,SN Ia
ZTF23abfvoig,SN IIb
ZTF23abfxxod,SN Ia
ZTF23abgfxqn,SN Ia
ZTF23abghttj,SN II
ZTF23abgjggv,SN Ia
ZTF23abgkmxh,SN Ia
ZTF23abgltid,SN Ia
ZTF23abgncdh,SN Ia
ZTF23abgnfdv,SN Ia
ZTF23abgnkrr,SN Ia
ZTF23abgnvhq,SN Ia
ZTF23abgnvsh,SN II
ZTF23abgovnz,SN Ia
ZTF23abgpokx,SN Ia
ZTF23abgqzhi,SN Ia
ZTF23abgspvs,SN Ia
ZTF23abgspys,SN Ia
ZTF23abgspzj,SN Ia
ZTF23abgtmzs,SN Ia
ZTF23abgvtxr,SN Ia
ZTF23abgwvkv,SN Ia
ZTF23abgyyvj,SN II
ZTF23abgzrmz,SN Ia
ZTF23abhafym,SN Ia
ZTF23abhfhze,SN Ia
ZTF23abhtkba,SN Ibn
ZTF23abhublj,SN Ia
ZTF23abhvkby,SN Ia
ZTF23abhvlji,SN Ia
ZTF23abhvsbo,SN Ia
ZTF23abhvuft,SN Ia
ZTF23abhwhho,SN Ia
ZTF23abhxvly,SN Ia
ZTF23abhyroo,SN II
ZTF23abhyssf,SN II
ZTF23abhzfww,SN II
ZTF23abhzlbh,SN Ia
ZTF23abhzoyw,SN Ia
ZTF23abieafn,SN Ia
ZTF23abiearq,SN Ia
ZTF23abigaao,Novae
ZTF23abiixsk,SN Ia
ZTF23abijmzk,SN Ia
ZTF23abijnsm,SN Ia
ZTF23abijopy,SN Ia
ZTF23abiljba,SN Ia-91bg
ZTF23abivaby,SN Ia
ZTF23abivuzt,SN Ia
ZTF23abiwnpj,SN Ia
ZTF23abizggb,SN Ia
ZTF23abjacqc,SN Ia-02cx
ZTF23abjazdg,SN Ia
ZTF23abjbkau,SN Ia
ZTF23abjdrvd,SN Ia
ZTF23abjexnw,SN Ia
ZTF23abjfpng,SN II
ZTF23abjfrbi,SN Ia
ZTF23abjfuhi,SN Ia
ZTF23abjhbcr,SN Ic-SLSN
ZTF23abjhvzr,SN Ia
ZTF23abjhwem,SN IIn
ZTF23abjieca,SN Ia
ZTF23abjikaf,SN IIn
ZTF23abjjrwv,SN Ibn
ZTF23abjpakq,SN Ia
ZTF23abjpcza,SN Ia
ZTF23abjqxbe,SN Ia
ZTF23abjrdem,SN IIP
ZTF23abjrolf,SN II
ZTF23abjstcg,SN II
ZTF23abjthou,SN II
ZTF23abjtozz,SN Ia
ZTF23abjunlm,SN Ia-02cx
ZTF23abjuxso,SN Ic-SLSN
ZTF23abjvuwc,SN IIn
ZTF23abjwegr,SN Ia
ZTF23abjxqwr,SN Ia
ZTF23abjyjpb,SN Ia
ZTF23abjyups,SN Ia-91T
ZTF23abjzcde,SN II
ZTF23abjzkqu,SN Ia
ZTF23abkaijq,SN Ia
ZTF23abkbieh,SN Ia
ZTF23abkdzxh,SN II
ZTF23abkfsny,SN Ia
ZTF23abkhwgb,SN IIn
ZTF23abkixdb,Tidal Disruption Event
ZTF23abkixfb,SN II
ZTF23abkkajk,SN Ia
ZTF23abkornc,SN II
ZTF23abktfjr,SN Ia
ZTF23ablavhx,SN Ia
ZTF23ablaxwm,SN II
ZTF23ablimhl,SN Ia
ZTF23ablkbom,SN Ia-03fg
ZTF23ablnqxh,SN Ia
ZTF23ablpfnb,SN Ia
ZTF23ablrwcj,SN Ia-91bg
ZTF23abluzif,SN Ia
ZTF23abmoxlu,SN II
ZTF23abmpqvv,SN Ia
ZTF23abmpuhp,SN Ia
ZTF23abnbgfb,SN Ia
ZTF23abndgbw,SN II
ZTF23abndpnt,SN Ia
ZTF23abndxzj,SN Ia
ZTF23abnevza,SN II-norm
ZTF23abngbvw,SN Ibn
ZTF23abnivuj,SN Ia
ZTF23abnjxml,SN Ib/c
ZTF23abnmdqn,SN Ia
ZTF23abnogui,SN IIP
ZTF23abnoilr,SN Ia
ZTF23abnpynv,microlensing
ZTF23abnqbkx,SN Ia
ZTF23abnreud,SN Ia
ZTF23abnydbs,SN Ia
ZTF23abochfb,SN Ic-BL
ZTF23abodvms,SN Ia
ZTF23aboebgh,SN Ic-SLSN
ZTF23abogwmg,SN Ia
ZTF23aboicxj,SN Ia
ZTF23abojjkh,SN Ia-02cx
ZTF23abokhwf,SN Ia
ZTF23abokzba,SN Ia
ZTF23abolkiw,SN II-norm
ZTF23abolyrl,SN II
ZTF23abomeiu,SN Ia
ZTF23abomtge,SN IIn
ZTF23abomtjc,SN Ic
ZTF23abovvas,SN Ia
ZTF23aboywdj,SN II-norm
ZTF23abozxbp,SN Ia
ZTF23abpbdfm,SN Ia
ZTF23abpbuha,SN II
ZTF23abpedpu,SN Ia
ZTF23abphqjk,SN II
ZTF23abpihew,SN Ia
ZTF23abpqklj,SN Ia
ZTF23abprqjx,SN Ia
ZTF23abprwou,SN Ibn
ZTF23abpuxjl,SN Ia
ZTF23abpznvm,SN IIn
ZTF23abqbuft,SN Ia
ZTF23abqcuvw,SN Ia
ZTF23abqiykq,SN Ic-BL
ZTF23abqkppm,SN IIP
ZTF23abrqzjb,SN Ia
ZTF23abrrlrf,SN II-norm
ZTF23abrvauz,SN Ia
ZTF23abrydus,SN IIn
ZTF23abryfga,SN Ia
ZTF23abryfmg,SN Ia
ZTF23abrynqp,SN Ia
ZTF23abryxcp,SN Ia
ZTF23abrzezc,SN Ia
ZTF23abrzfge,SN II
ZTF23abrzrcq,SN Ia
ZTF23abrzukd,SN Ia
ZTF23abrzxeb,SN II
ZTF23absaexv,SN Ia-norm
ZTF23absaqqu,SN Ia
ZTF23absbjlp,SN Ic
ZTF23absbyol,SN Ia
ZTF23absbzfi,SN Ia
ZTF23abscruh,SN Ia
ZTF23abscvhv,SN II
ZTF23absdcgi,SN II
ZTF23absddkf,SN Ia
ZTF23absdnmt,SN Ia
ZTF23absdqly,SN Ia
ZTF23absdvtp,SN Ia
ZTF23absepck,SN Ia
ZTF23absephc,SN Ia
ZTF23abseqoa,SN II
ZTF23absevxk,SN Ia
ZTF23absfszz,SN II
ZTF23absgcqv,SN Ia
ZTF23absguth,SN Ia
ZTF23abshiqq,SN II
ZTF23abshmtt,SN Ia-03fg
ZTF23absirul,SN IIP
ZTF23absizez,SN Ia-91T
ZTF23absjgik,SN Ia
ZTF23absjgou,SN II
ZTF23absjgsh,SN Ib
ZTF23absjgta,SN Ia-02cx
ZTF23absjgwn,SN Ia
ZTF23absjgxb,SN IIP
ZTF23absjheu,SN IIP
ZTF23absqicj,SN Ia
ZTF23absqlwb,SN Ia
ZTF23absqqnj,SN Ia
ZTF23absscow,SN II
ZTF23absvnkc,SN Ia
ZTF23abswflc,SN Ib
ZTF23abtcveg,SN Ia
ZTF23abtdizt,SN IIb
ZTF23abtjdtm,SN Ic-BL
ZTF23abtjrbz,SN Ic
ZTF23abtlnrc,SN Ia
ZTF23abtnhva,SN Ia
ZTF23abtniaf,SN Ia
ZTF23abtooan,SN Ia
ZTF23abtowce,SN Ia
ZTF23abtubey,SN Ia
ZTF23abtxmmt,SN Ia
ZTF23abudnet,SN Ia
ZTF23abuitpw,SN Ia
ZTF23abvbqrz,SN Ia
ZTF23abvdonl,SN Ia
ZTF23abvgvab,SN II
ZTF23abvnahb,SN Ia
ZTF23abvnhfx,SN Ia
ZTF23abvnmam,SN II
ZTF23abvokyz,SN Ic-SLSN
ZTF23abvommm,SN II
ZTF23abvoqio,SN Ia
ZTF23abvoynt,SN Ia
ZTF23abvpeqs,SN Ia
ZTF23abvrjdu,SN II
ZTF23abvryfw,SN Ia-norm
ZTF23abvtzdz,SN Ia-norm
ZTF23abvvkcc,SN Ia
ZTF23abvyqwv,SN Ia
ZTF23abvzhwa,SN Ia
ZTF23abvzipb,SN Ia
ZTF24aaaajhy,SN Ia
ZTF24aaaaxft,SN Ia
ZTF24aaabljq,SN IIn
ZTF24aaacvhp,SN Ia
ZTF24aaaczuf,SN Ia
ZTF24aaadhuo,SN Ia
ZTF24aaadhwf,SN Ia
ZTF24aaadlho,SN Ia
ZTF24aaaeisk,SN Ia
ZTF24aaaenwq,SN Ia-91bg
ZTF24aaagezy,SN Ia
ZTF24aaahbvh,SN Ia
ZTF24aaahwrm,SN Ia
ZTF24aaahwzj,SN Ia
ZTF24aaahxwr,Tidal Disruption Event
ZTF24aaaibep,SN II
ZTF24aaaieeg,SN II
ZTF24aaaimpu,SN Ia
ZTF24aaaiocv,SN Ia
ZTF24aaaisri,SN Ia
ZTF24aaajtzg,SN Ia
ZTF24aaamktr,SN Ia
ZTF24aaartcf,SN Ia-02cx
ZTF24aabpeat,SN Ia
ZTF24aabplhb,SN Ia
ZTF24aabpojp,SN II
ZTF24aabppgn,SN II
ZTF24aabpzuz,SN II
ZTF24aabqfbn,SN II
ZTF24aabqihk,SN Ia
ZTF24aabsmvc,SN II
ZTF24aabvdcs,SN Ia
ZTF24aabvede,SN Ia-norm
ZTF24aabvugo,SN Ia
ZTF24aabwuok,SN Ia
ZTF24aabwuul,SN Ia
ZTF24aabwvcl,SN Ia
ZTF24aabwvws,SN Ibn
ZTF24aacaosi,SN Ib
ZTF24aacayhd,SN Ia
ZTF24aaceash,SN Ia
ZTF24aacivdo,SN Ia
ZTF24aacluoy,SN Ia
ZTF24aacrbua,SN Ic-SLSN
ZTF24aacrfok,SN Ia
ZTF24aacxzca,SN II
ZTF24aacyttg,SN Ia
ZTF24aaczgax,SN II
ZTF24aadegsz,SN Ia
ZTF24aadfmaf,SN Ic-SLSN
ZTF24aadkwol,SN Ia
ZTF24aadltss,SN Ia
ZTF24aadlwsg,SN Ia
ZTF24aadracm,SN Ia
ZTF24aadsehp,SN Ia
ZTF24aadxdqn,SN Ia
ZTF24aaeanrr,SN Ia
ZTF24aaecxun,SN Ia
ZTF24aaedncr,SN Ia
ZTF24aaeecuf,SN Ia
ZTF24aaefwoh,SN II-norm
ZTF24aaegskb,SN Ia
ZTF24aaehfgk,SN Ia
ZTF24aaehvnx,SN Ia
ZTF24aaejivf,SN Ia
ZTF24aaejsaf,SN Ia
ZTF24aaejvcx,SN II
ZTF24aaejwvu,SN IIn
ZTF24aaejwxv,SN Ia
ZTF24aaejytl,SN Ia
ZTF24aaekaby,SN IIP
ZTF24aaekbim,SN Ia
ZTF24aaekbjb,SN Ia
ZTF24aaekbjg,SN Ia
ZTF24aaekblj,SN Ia
ZTF24aaekboj,SN Ia
ZTF24aaekbou,SN Ia
ZTF24aaekbzn,SN Ia
ZTF24aaekccp,SN II
ZTF24aaekclg,SN II
ZTF24aaekkjv,SN Ia
ZTF24aaekmnz,SN II
ZTF24aaekobc,SN Ia
ZTF24aaekphr,SN Ia
ZTF24aaelebm,SN Ic-BL
ZTF24aaemydm,SN II
ZTF24aaeopqq,SN Ia
ZTF24aaerzgo,SN II
ZTF24aaffjrc,SN Ia
ZTF24aafhfnk,SN Ia
ZTF24aafitir,SN Ia
ZTF24aafnwpr,SN Ia
ZTF24aafqard,SN Ia
ZTF24aafqyax,SN Ia
ZTF24aafroqa,SN Ia
ZTF24aagchqx,SN II-norm
ZTF24aagfewl,SN Ia
ZTF24aagiouv,SN Ia-norm
ZTF24aagirej,SN Ia
ZTF24aagkqat,SN Ia-91T
ZTF24aagkuss,SN II
ZTF24aagndyg,SN Ia
ZTF24aagolgy,SN Ia-norm
ZTF24aagoljl,SN Ia
ZTF24aagomqx,SN Ia
ZTF24aagoxws,SN Ia
ZTF24aagozfg,SN Ia-norm
ZTF24aagpwsh,SN Ia
ZTF24aagssbr,SN Ia
ZTF24aagtldn,SN Ia-pec
ZTF24aagtllm,SN Ia
ZTF24aagtlpi,SN Ia
ZTF24aagvvun,SN II
ZTF24aagxdol,SN Ia-91T
ZTF24aahctgm,SN Ia
ZTF24aahdikd,SN Ia
ZTF24aahdpki,SN Ia
ZTF24aaheedw,SN Ia
ZTF24aaheeel,SN Ia-91T
ZTF24aahefwy,SN Ia
ZTF24aahepdc,SN Ia
ZTF24aaheqkp,SN Ia
ZTF24aahggdt,SN Ia
ZTF24aahgidl,SN Ia
ZTF24aahgkhh,SN Ia
ZTF24aahhanf,SN II
ZTF24aahhcuo,SN Ia
ZTF24aahhlmp,SN Ia
ZTF24aahhwwq,SN Ia
ZTF24aahiabd,SN II
ZTF24aahicbz,SN Ia
ZTF24aahiewj,SN Ia
ZTF24aahkesn,SN Ia
ZTF24aahlctw,SN Ic-SLSN
ZTF24aahlvez,SN Ia
ZTF24aahmqzq,SN Ia
ZTF24aahmyct,SN II
ZTF24aahnefg,SN II
ZTF24aahnnsa,SN Ia-91T
ZTF24aahnutv,SN Ic-SLSN
ZTF24aahphdh,SN Ia
ZTF24aahsmkt,SN II
ZTF24aahsuoj,SN Ia
ZTF24aahsupm,SN Ia
ZTF24aahswbd,SN Ia
ZTF24aahtqlp,SN Ia
ZTF24aahuoam,SN Ia
ZTF24aahuulq,SN Ia
ZTF24aahuzig,SN Ic-BL
ZTF24aahvyso,SN Ia
ZTF24aahwcei,SN II
ZTF24aahwulu,SN Ia-norm
ZTF24aahxgoa,SN II
ZTF24aahxmew,SN Ia
ZTF24aahxokj,SN II
ZTF24aahxyrp,SN Ia-pec
ZTF24aahybvf,SN Ib/c
ZTF24aahzezk,SN Ia
ZTF24aahzfwk,SN Ia
ZTF24aahznij,SN Ia
ZTF24aahzyep,SN Ia
ZTF24aaiahuu,SN Ia
ZTF24aaicpfc,SN Ia
ZTF24aaidlza,SN Ia
ZTF24aaiegxv,SN Ia
ZTF24aaiehiv,SN Ia
ZTF24aaiehwu,SN Ia-91T
ZTF24aaieino,SN Ia
ZTF24aaiervg,SN Ia
ZTF24aaifila,SN IIn
ZTF24aaifvcs,SN Ia
ZTF24aaijpbj,SN Ia
ZTF24aaijpcp,SN Ia
ZTF24aaijqso,SN Ia
ZTF24aaijsxa,SN II
ZTF24aaikwul,SN II
ZTF24aailzom,SN Ia
ZTF24aaimlne,SN Ia
ZTF24aaimxaf,SN Ia
ZTF24aaindpx,SN Ia
ZTF24aaiowju,SN Ia
ZTF24aairune,SN Ia
ZTF24aaisnlp,SN IIn
ZTF24aaisoke,SN Ia
ZTF24aaistkr,SN Ia
ZTF24aaiukjs,SN Ia-norm
ZTF24aaiutxe,SN Ia
ZTF24aaiwgyo,SN Ia
ZTF24aajemkb,SN Ia
ZTF24aajhlhf,SN Ia-norm
ZTF24aajhotx,SN II
ZTF24aajhxqs,SN Ia
ZTF24aajioip,SN Ia
ZTF24aajjmlk,SN Ia
ZTF24aajplyg,SN Ia
ZTF24aajqsti,SN Ia
ZTF24aajqtjc,SN Ia
ZTF24aajqwsm,SN Ia
ZTF24aajvldc,SN Ia
ZTF24aajvqre,SN Ia
ZTF24aajvvnw,SN Ia
ZTF24aajxpmq,SN Ia
ZTF24aajxppf,SN II
ZTF24aajxqgz,SN Ia
ZTF24aajydvw,SN Ia
ZTF24aajzmzf,SN Ia
ZTF24aajzrsq,SN IIn
ZTF24aakagbu,SN Ia-norm
ZTF24aakaiqs,SN Ib
ZTF24aakajby,SN Ia
ZTF24aakajtn,SN Ia
ZTF24aakbptu,SN Ia
ZTF24aakbqjh,SN Ia
ZTF24aakdffc,SN Ia
ZTF24aakdmwg,SN Ia
ZTF24aakfltk,SN Ia
ZTF24aakfycl,SN Ia-norm
ZTF24aakghyl,SN II
ZTF24aaknlar,SN IIb
ZTF24aaknuqh,SN Ia
ZTF24aakocjx,SN Ia
ZTF24aakskvp,SN Ia
ZTF24aaktjyo,SN Ia
ZTF24aakykbz,SN Ia
ZTF24aakymro,SN Ia
ZTF24aakzgnd,SN Ia
ZTF24aakzxzj,SN Ia
ZTF24aakzxzu,SN Ia
ZTF24aalailt,SN Ia
ZTF24aalbepd,SN Ia
ZTF24aalbjwi,SN Ia
ZTF24aalbkdo,SN Ia
ZTF24aalepin,SN Ia
ZTF24aalfowt,SN Ia
ZTF24aallotf,SN Ia
ZTF24aalndou,SN Ia
ZTF24aalqrpc,SN Ia
ZTF24aaltyyy,SN Ia
ZTF24aalubmp,SN Ia
ZTF24aalywdn,SN Ia
ZTF24aambaia,SN Ia
ZTF24aamdfll,SN Ia
ZTF24aamifbk,SN Ia
ZTF24aamilxy,SN Ia
ZTF24aamtsgz,SN Ia
ZTF24aamttpq,SN Ia
ZTF24aamtvxb,SN Ia
ZTF24aamtwya,SN Ia
ZTF24aamvzfc,SN Ia
ZTF24aanbjel,SN II
ZTF24aancgyl,SN Ic-BL
ZTF24aancjzy,SN Ia
ZTF24aandhbr,SN Ia
ZTF24aaneoyr,SN Ibn
ZTF24aankvcy,SN IIb
ZTF24aankvon,SN Ia
ZTF24aanmrts,SN Ia
ZTF24aanngpp,SN II
ZTF24aanppvy,SN II
ZTF24aantppw,SN Ic-BL
ZTF24aanvvqn,SN Ia
ZTF24aanyhwz,SN Ia
ZTF24aaocmqx,SN Ia
ZTF24aaomuhe,SN Ia-02cx
ZTF24aaoosca,SN IIb
ZTF24aaooxcd,SN II
ZTF24aaormag,SN Ia
ZTF24aaostbr,SN Ia-91bg
ZTF24aaotmdk,SN Ia
ZTF24aaotzpd,SN II
ZTF24aaoudyz,SN Ia-91bg
ZTF24aaoupgb,SN II
ZTF24aaovaxw,SN Ia
ZTF24aaovokk,SN Ia
ZTF24aaovqaq,SN Ia
ZTF24aaoyfpn,SN IIb
ZTF24aaozxhx,SN IIP
ZTF24aapadbb,SN Ic-SLSN
ZTF24aapeorz,SN Ia
ZTF24aapeoye,SN Ia-norm
ZTF24aaphwtj,SN Ia
ZTF24aaplfjd,SN II
ZTF24aaplfkj,SN II
ZTF24aappkyo,SN Ia
ZTF24aappljp,SN Ia
ZTF24aaprkyz,SN Ia
ZTF24aaqaroi,SN Ia-91bg
ZTF24aaqgfrp,SN Ia
ZTF24aaqiqpw,SN II
ZTF24aaqkvyl,SN II
ZTF24aaqtode,SN Ia
ZTF24aaqugzv,SN IIb
ZTF24aaqvqng,SN Ia
ZTF24aaqxajf,SN Ia
ZTF24aaqxkuz,SN Ia
ZTF24aaqxkvr,SN Ia
ZTF24aaqxwvt,SN Ia-norm
ZTF24aaqzkpr,SN II
ZTF24aaqzpbo,SN Ia
ZTF24aaqzycc,SN Ia
ZTF24aarafaw,SN Ia
ZTF24aarecvo,SN Ia
ZTF24aaredhj,SN Ia
ZTF24aargoer,SN Ia
ZTF24aarlcuo,SN Ib
ZTF24aarnmsp,SN Ia
ZTF24aarrqlu,SN Ia
ZTF24aarrxzf,SN Ia
ZTF24aarvbxj,SN II
ZTF24aarwcla,SN Ia
ZTF24aarygdq,SN II
ZTF24aasdtkt,SN IIb
ZTF24aaseunp,SN Ia
ZTF24aasgaac,SN Ia
ZTF24aashinc,SN Ia
ZTF24aasigoj,SN IIn
ZTF24aaskhrq,SN Ia
ZTF24aasktmr,SN II
ZTF24aaskxai,SN II
ZTF24aaskxde,SN Ia
ZTF24aasntvs,SN Ia
ZTF24aasokij,SN Ia
ZTF24aasqcng,SN II
ZTF24aasqeih,SN Ic-SLSN
ZTF24aasvdze,SN II
ZTF24aasvscv,SN Ia
ZTF24aaswnkx,SN Ia
ZTF24aataxft,SN II
ZTF24aatccmo,SN Ia
ZTF24aatgvrs,SN Ia
ZTF24aathuwg,SN Ia-91T
ZTF24aathzox,SN Ia
ZTF24aatieok,SN IIb
ZTF24aatifzm,SN II
ZTF24aatjgxs,SN Ia
ZTF24aatjphv,SN IIn
ZTF24aatkhbe,SN Ia
ZTF24aatlsjq,SN IIb
ZTF24aatsmxc,SN II
ZTF24aatwwpj,SN Ia
ZTF24aatyini,SN Ia
ZTF24aatytqv,SN IIb
ZTF24aatzgha,SN II
ZTF24aatzgua,SN Ia
ZTF24aaudlat,SN Ia
ZTF24aauekes,SN Ia
ZTF24aaueuzb,SN Ia
ZTF24aaugavy,SN Ia
ZTF24aaugbew,SN Ia-91bg
ZTF24aaugudk,SN Ia-norm
ZTF24aaugxzp,SN II
ZTF24aauhawc,SN Ia
ZTF24aauhnqm,SN Ibn
ZTF24aaumfvx,SN II
ZTF24aaumhmm,SN Ia
ZTF24aaumzhf,SN Ia
ZTF24aaunxxm,SN II
ZTF24aaupnbu,SN Ia-91T
ZTF24aaupoie,SN Ia
ZTF24aauuiva,SN Ia
ZTF24aauuovk,SN Ia
ZTF24aauvgjm,SN Ia-91T
ZTF24aauypjo,SN Ia
ZTF24aauyupk,SN Ia
ZTF24aavbrtq,SN Ia
ZTF24aavcfby,SN Ia
ZTF24aavdccv,SN Ia-91bg
ZTF24aavghxs,SN Ia
ZTF24aavhseb,SN II
ZTF24aavkhwi,SN Ia
ZTF24aavpxsr,SN Ia
ZTF24aavrdir,SN Ia
ZTF24aavsmbp,SN Ia-pec
ZTF24aavvypx,SN Ia
ZTF24aavydau,SN Ia
ZTF24aavzglr,SN Ia
ZTF24aavzrue,SN Ia
ZTF24aavzwkd,SN Ia
ZTF24aawajih,SN Ia
ZTF24aawakwl,SN II
ZTF24aawbgfo,SN Ia
ZTF24aawhjnm,SN Ia
ZTF24aawjctx,SN Ia
ZTF24aawjwxx,SN Ic
ZTF24aawklme,SN IIb
ZTF24aawktbk,SN Ia
ZTF24aawktlo,SN Ia
ZTF24aawkujt,SN Ia
ZTF24aawlhdv,SN Ia
ZTF24aawpwhq,SN II
ZTF24aawqnfq,SN Ia
ZTF24aawrofs,SN Ia-02cx
ZTF24aawrszo,SN IIb
ZTF24aawshuy,SN Ia
ZTF24aawtoiv,SN Ic
ZTF24aawvybe,SN Ia
ZTF24aawwnis,SN Ia
ZTF24aawxpeu,SN Ia
ZTF24aawxtxh,SN Ia
ZTF24aawyrsn,SN Ia
ZTF24aaxadom,SN Ia
ZTF24aaxdojc,SN Ia
ZTF24aaxjaul,SN Ia
ZTF24aaxkipy,SN Ia
ZTF24aaxlnuv,SN Ia
ZTF24aaxmacd,SN Ia
ZTF24aaxmpne,SN Ia
ZTF24aaxnrue,SN Ia
ZTF24aaxnvou,SN II
ZTF24aaxqhje,SN Ia
ZTF24aaxyrrd,SN II
ZTF24aaybafr,SN II
ZTF24aaybeda,SN Ia
ZTF24aaydpre,SN Ia
ZTF24aayfivu,SN Ia
ZTF24aaygegk,SN Ia
ZTF24aaygtcf,SN Ia-03fg
ZTF24aayimjt,SN Ic
ZTF24aayjrde,SN Ia
ZTF24aaymkrs,SN Ib
ZTF24aaymouy,SN Ia
ZTF24aaymskk,SN Ia
ZTF24aaynaot,SN Ia
ZTF24aayncet,SN II
ZTF24aaypjcj,SN Ia
ZTF24aaysiig,SN Ia
ZTF24aaywvsf,SN Ia
ZTF24aayxdbn,SN II
ZTF24aazjdml,SN II
ZTF24aazlmpe,SN Ia
ZTF24aazloim,SN Ia
ZTF24aazmqbf,SN Ic
ZTF24aazqcuz,SN Ia-norm
ZTF24aazszfd,SN Ia
ZTF24aazszlu,SN Ia
ZTF24abagjgq,SN Ia
ZTF24abakgyn,SN Ia
ZTF24abamger,SN Ia
ZTF24abaoemb,SN Ia
ZTF24abasrjx,SN Ia
ZTF24abbbdqs,SN Ia
ZTF24abbbttv,SN Ia
ZTF24abbcmal,SN Ia
ZTF24abbcrsy,SN II
ZTF24abbdtfp,SN Ia
ZTF24abbenwl,SN II
ZTF24abbiqob,SN Ia
ZTF24abbrcrq,SN Ia
ZTF24abbsboo,SN Ia
